{"type":"FeatureCollection","features":[{"type":"Feature","properties":{"name":"北海道"},"geometry":{"type":"MultiPolygon","coordinates":[[[[141.4298,43.4134],[141.4129,43.4383],[141.4048,43.4568],[141.3894,43.4796],[141.3778,43.4883],[141.3727,43.4955],[141.3712,43.5047],[141.3661,43.5076],[141.3638,43.509],[141.3611,43.5134],[141.3608,43.5216],[141.3651,43.5337],[141.3646,43.5394],[141.3855,43.5756],[141.3885,43.5868],[141.3851,43.6038],[141.3658,43.6198],[141.3643,43.623],[141.3553,43.6411],[141.3516,43.6673],[141.3442,43.6792],[141.3406,43.6849],[141.3316,43.7055],[141.3296,43.7179],[141.3312,43.7275],[141.3498,43.753],[141.3626,43.7655],[141.3727,43.7807],[141.376,43.7925],[141.3773,43.7948],[141.3801,43.7995],[141.3938,43.8109],[141.4044,43.816],[141.4296,43.8228],[141.4573,43.8355],[141.4628,43.8365],[141.4687,43.8341],[141.4741,43.8347],[141.4974,43.8404],[141.5113,43.8561],[141.5161,43.8576],[141.5248,43.8606],[141.5323,43.8602],[141.5375,43.8551],[141.5429,43.8545],[141.5521,43.863],[141.5565,43.8636],[141.5602,43.861],[141.5649,43.8675],[141.5711,43.871],[141.5787,43.8722],[141.5826,43.8744],[141.587,43.8808],[141.5987,43.8892],[141.6083,43.9057],[141.6162,43.9122],[141.6203,43.9206],[141.6295,43.9263],[141.6337,43.9356],[141.6339,43.942],[141.6307,43.9478],[141.6337,43.9519],[141.6354,43.953],[141.6408,43.9474],[141.6443,43.948],[141.6405,43.954],[141.6439,43.9592],[141.6429,43.9672],[141.6463,43.9781],[141.65,43.99],[141.6624,44.0135],[141.6611,44.0204],[141.659,44.0299],[141.6634,44.0577],[141.661,44.0976],[141.6537,44.1342],[141.6539,44.1452],[141.6574,44.1538],[141.6591,44.1845],[141.6538,44.2225],[141.6535,44.2245],[141.6558,44.24],[141.655,44.251],[141.6504,44.2759],[141.6479,44.2926],[141.6496,44.31],[141.6631,44.3122],[141.6707,44.3171],[141.6816,44.3342],[141.6924,44.3613],[141.7017,44.3702],[141.7065,44.3765],[141.7106,44.3904],[141.7304,44.4055],[141.7422,44.4192],[141.7503,44.4353],[141.7592,44.463],[141.7627,44.485],[141.7642,44.4947],[141.7644,44.527],[141.7641,44.5334],[141.7699,44.5548],[141.7726,44.5591],[141.7798,44.5622],[141.7876,44.5789],[141.7931,44.6136],[141.7937,44.6347],[141.7914,44.6602],[141.7821,44.716],[141.7831,44.7231],[141.7776,44.7565],[141.7774,44.7571],[141.7617,44.8086],[141.7551,44.8399],[141.7431,44.8732],[141.7428,44.8803],[141.738,44.8822],[141.7317,44.9048],[141.6873,44.9924],[141.6842,44.9978],[141.6829,45],[141.6571,45.0448],[141.6144,45.1134],[141.5783,45.1712],[141.5685,45.2062],[141.5744,45.2225],[141.5755,45.2326],[141.5759,45.2369],[141.5906,45.2536],[141.6093,45.2738],[141.6177,45.2885],[141.6229,45.3096],[141.6424,45.3326],[141.6532,45.3513],[141.6561,45.3643],[141.6536,45.3681],[141.6415,45.3862],[141.6357,45.4007],[141.6342,45.4124],[141.64,45.4338],[141.6489,45.4501],[141.6545,45.4516],[141.6627,45.4397],[141.6739,45.4287],[141.679,45.4207],[141.6806,45.4182],[141.686,45.4158],[141.682,45.4068],[141.6834,45.4022],[141.6971,45.3959],[141.7149,45.3939],[141.7279,45.3943],[141.7365,45.398],[141.7439,45.4035],[141.7478,45.4103],[141.7612,45.4043],[141.7828,45.4026],[141.8117,45.4086],[141.8133,45.4092],[141.8405,45.4202],[141.8729,45.4453],[141.8797,45.458],[141.8778,45.4718],[141.8834,45.4934],[141.8937,45.5053],[141.8999,45.51],[141.9039,45.513],[141.9187,45.517],[141.9258,45.5155],[141.9401,45.5231],[141.9533,45.5136],[141.9608,45.5128],[141.9673,45.506],[141.9778,45.4764],[141.9912,45.4651],[142.017,45.4552],[142.0274,45.447],[142.0292,45.4323],[142.0362,45.4287],[142.0385,45.4238],[142.0372,45.4174],[142.0442,45.4081],[142.0542,45.4],[142.0697,45.3916],[142.0941,45.3811],[142.1246,45.3646],[142.1443,45.3539],[142.1662,45.3394],[142.2067,45.3016],[142.2285,45.2797],[142.2452,45.2658],[142.251,45.2595],[142.2682,45.2411],[142.3049,45.2087],[142.3142,45.2016],[142.3245,45.1937],[142.3459,45.1725],[142.3988,45.1295],[142.4139,45.1167],[142.4594,45.0833],[142.4791,45.0657],[142.4866,45.0619],[142.4949,45.0602],[142.5011,45.0614],[142.5065,45.0603],[142.503,45.0545],[142.5033,45.049],[142.5096,45.0458],[142.5104,45.0442],[142.5125,45.0402],[142.5205,45.0395],[142.5227,45.0331],[142.5311,45.0278],[142.5317,45.0165],[142.5409,45],[142.5443,44.9939],[142.5497,44.9887],[142.5654,44.9811],[142.5694,44.9725],[142.5737,44.9692],[142.5893,44.9607],[142.5846,44.9515],[142.5897,44.944],[142.5947,44.9369],[142.5936,44.9347],[142.5854,44.9326],[142.5872,44.925],[142.6134,44.9002],[142.6289,44.8903],[142.6366,44.8855],[142.6464,44.871],[142.651,44.8676],[142.666,44.844],[142.6815,44.8309],[142.6843,44.8279],[142.6936,44.8177],[142.7039,44.8126],[142.7083,44.8064],[142.7107,44.7979],[142.724,44.7892],[142.7426,44.7639],[142.7742,44.7399],[142.787,44.7283],[142.8087,44.7118],[142.8194,44.7075],[142.8289,44.6967],[142.8405,44.6913],[142.8695,44.6733],[142.872,44.6673],[142.8881,44.659],[142.8959,44.6548],[142.9063,44.6428],[142.9268,44.6279],[142.9294,44.6275],[142.9341,44.6267],[142.9404,44.6196],[142.9378,44.6147],[142.9386,44.6114],[142.9492,44.607],[142.9513,44.6009],[142.9596,44.5997],[142.9642,44.5973],[142.9693,44.587],[142.9924,44.5635],[143.0152,44.5451],[143.0328,44.5351],[143.0375,44.5328],[143.052,44.5257],[143.0568,44.5265],[143.0621,44.5331],[143.067,44.5295],[143.0652,44.5218],[143.0676,44.5151],[143.0727,44.511],[143.0852,44.5062],[143.1592,44.4658],[143.2027,44.4479],[143.2169,44.4401],[143.2263,44.4379],[143.2315,44.434],[143.2346,44.4234],[143.2412,44.4176],[143.2948,44.3918],[143.3205,44.3794],[143.3532,44.3674],[143.365,44.3541],[143.3613,44.3474],[143.361,44.3432],[143.3638,44.3383],[143.382,44.3243],[143.3866,44.3226],[143.407,44.3124],[143.5168,44.2657],[143.5217,44.2632],[143.5373,44.256],[143.5489,44.2541],[143.5583,44.2515],[143.5609,44.2494],[143.5669,44.2468],[143.6179,44.2305],[143.6256,44.2294],[143.6343,44.228],[143.6571,44.2186],[143.7,44.205],[143.7782,44.1834],[143.7849,44.179],[143.7885,44.1766],[143.7964,44.1804],[143.809,44.1739],[143.8848,44.1553],[143.9519,44.1416],[143.9781,44.1362],[144.0672,44.1245],[144.0832,44.1259],[144.0988,44.1263],[144.1364,44.1122],[144.1931,44.1017],[144.1977,44.0999],[144.2209,44.1002],[144.2317,44.1034],[144.2439,44.1118],[144.2531,44.1083],[144.2603,44.0844],[144.2577,44.0806],[144.2566,44.0717],[144.2584,44.067],[144.2565,44.0632],[144.2642,44.0526],[144.2599,44.0436],[144.2635,44.0345],[144.269,44.028],[144.2797,44.0232],[144.2853,44.0185],[144.2862,44.0109],[144.2994,43.9945],[144.3005,43.9857],[144.3033,43.9817],[144.3436,43.9635],[144.3786,43.9536],[144.4483,43.938],[144.4952,43.9304],[144.5532,43.9233],[144.5879,43.9209],[144.6683,43.9191],[144.6746,43.9189],[144.7127,43.9193],[144.7636,43.9278],[144.7851,43.9299],[144.7943,43.9334],[144.8023,43.941],[144.81,43.9447],[144.8322,43.9514],[144.8347,43.9536],[144.8348,43.9545],[144.8365,43.9627],[144.85,43.9741],[144.8814,43.9868],[144.8837,43.9912],[144.895,43.9957],[144.9186,44.0163],[144.9246,44.0286],[144.9251,44.0341],[144.9325,44.0411],[144.9361,44.0423],[144.9419,44.0397],[144.9427,44.0402],[144.9527,44.0464],[144.9582,44.0533],[144.9694,44.0575],[144.9721,44.0654],[144.982,44.0654],[144.9871,44.0688],[144.9838,44.074],[144.9874,44.0754],[144.9948,44.0723],[145,44.0745],[145.0014,44.0751],[145.0074,44.0815],[145.0101,44.0921],[145.0137,44.0961],[145.0275,44.1032],[145.0355,44.1043],[145.0432,44.1076],[145.0532,44.1156],[145.0556,44.1175],[145.0712,44.1261],[145.0753,44.1328],[145.0862,44.1361],[145.0965,44.1468],[145.1163,44.1536],[145.1201,44.1598],[145.1317,44.1635],[145.1521,44.176],[145.1869,44.1913],[145.1875,44.1915],[145.195,44.1971],[145.2014,44.2044],[145.2128,44.2173],[145.2286,44.2472],[145.2353,44.2498],[145.2451,44.2612],[145.2573,44.2683],[145.2668,44.2789],[145.2734,44.2812],[145.2856,44.2944],[145.2894,44.3033],[145.2922,44.3055],[145.2955,44.3061],[145.3017,44.3073],[145.3073,44.312],[145.3108,44.3208],[145.3203,44.3352],[145.33,44.3424],[145.3332,44.3425],[145.3439,44.3378],[145.3452,44.3354],[145.3397,44.3249],[145.3415,44.3209],[145.3499,44.3193],[145.3526,44.3143],[145.349,44.3102],[145.3474,44.3015],[145.3503,44.2926],[145.3542,44.2901],[145.3553,44.2827],[145.3586,44.2782],[145.362,44.2736],[145.368,44.2703],[145.3641,44.2515],[145.3529,44.2427],[145.3502,44.2382],[145.3506,44.2208],[145.3362,44.2048],[145.335,44.1966],[145.3319,44.1915],[145.3226,44.1856],[145.3197,44.1793],[145.3128,44.1739],[145.3099,44.1681],[145.3087,44.1657],[145.2921,44.15],[145.2721,44.1387],[145.261,44.1272],[145.2521,44.1118],[145.242,44.088],[145.2454,44.0658],[145.2403,44.0594],[145.2406,44.0562],[145.2356,44.0484],[145.2177,44.0285],[145.2096,44.0269],[145.2038,44.023],[145.191,44.01],[145.1838,44.0048],[145.1786,43.9982],[145.1594,43.9839],[145.1544,43.976],[145.1541,43.9754],[145.1425,43.9653],[145.1332,43.949],[145.1266,43.9429],[145.1142,43.9181],[145.1045,43.9097],[145.1003,43.897],[145.0952,43.8904],[145.0977,43.8802],[145.0937,43.8721],[145.0959,43.8624],[145.097,43.8577],[145.0948,43.8489],[145.0915,43.841],[145.0823,43.8188],[145.0665,43.8072],[145.0639,43.803],[145.0653,43.7917],[145.0623,43.784],[145.0626,43.7774],[145.0697,43.7536],[145.0784,43.7396],[145.0916,43.7267],[145.1033,43.7081],[145.1171,43.6909],[145.1282,43.6694],[145.1376,43.6535],[145.1458,43.6466],[145.1562,43.6408],[145.1764,43.6339],[145.2163,43.6239],[145.2527,43.6146],[145.289,43.6083],[145.3146,43.5997],[145.3387,43.5883],[145.3478,43.5818],[145.3541,43.5734],[145.3553,43.5635],[145.3551,43.563],[145.352,43.5559],[145.3468,43.5515],[145.3346,43.5469],[145.3227,43.5446],[145.2979,43.5453],[145.2916,43.5482],[145.2952,43.5503],[145.3043,43.5497],[145.3042,43.5513],[145.2853,43.5575],[145.2842,43.5594],[145.2881,43.5601],[145.2954,43.5576],[145.3047,43.5566],[145.3046,43.5615],[145.3064,43.5637],[145.3173,43.5624],[145.3307,43.5586],[145.3336,43.5578],[145.3344,43.5596],[145.3324,43.5618],[145.3242,43.565],[145.328,43.5675],[145.3346,43.5649],[145.3407,43.5654],[145.3446,43.573],[145.3415,43.5764],[145.3365,43.5765],[145.3266,43.5727],[145.321,43.5734],[145.3216,43.5787],[145.3188,43.5791],[145.3138,43.5766],[145.3111,43.5783],[145.3144,43.5825],[145.3232,43.5827],[145.3269,43.5843],[145.3262,43.5871],[145.313,43.5964],[145.3067,43.5969],[145.3018,43.5924],[145.2927,43.5927],[145.2848,43.5894],[145.282,43.5896],[145.2819,43.5919],[145.2889,43.5982],[145.2866,43.6004],[145.281,43.5981],[145.2728,43.5896],[145.268,43.592],[145.2674,43.5948],[145.2704,43.6024],[145.2675,43.6083],[145.2421,43.6102],[145.2283,43.6137],[145.2144,43.6202],[145.203,43.6196],[145.1939,43.6231],[145.1924,43.6207],[145.2005,43.6104],[145.1981,43.6057],[145.1954,43.6012],[145.2106,43.5894],[145.2218,43.5872],[145.2222,43.5853],[145.217,43.581],[145.2166,43.5766],[145.226,43.5672],[145.2261,43.5559],[145.2407,43.5379],[145.244,43.5274],[145.2476,43.5224],[145.2482,43.504],[145.2559,43.478],[145.2652,43.4493],[145.2663,43.435],[145.2806,43.3977],[145.2895,43.383],[145.316,43.3505],[145.3456,43.3268],[145.3904,43.2992],[145.3938,43.2951],[145.391,43.2921],[145.3859,43.2919],[145.386,43.2963],[145.3824,43.2969],[145.3709,43.3042],[145.3615,43.3074],[145.3554,43.3095],[145.3434,43.3177],[145.3367,43.3199],[145.3348,43.3141],[145.3283,43.3179],[145.3143,43.3226],[145.3102,43.3249],[145.3032,43.3395],[145.2948,43.3461],[145.2875,43.3488],[145.2527,43.3524],[145.2444,43.3515],[145.2385,43.3493],[145.2342,43.3405],[145.2367,43.3376],[145.2569,43.3356],[145.2573,43.3333],[145.2541,43.3323],[145.2406,43.3326],[145.2346,43.3352],[145.2274,43.3329],[145.2275,43.331],[145.2312,43.3301],[145.2448,43.3186],[145.2565,43.3164],[145.2621,43.3193],[145.2736,43.3172],[145.2905,43.3198],[145.3073,43.3154],[145.3332,43.3045],[145.334,43.3003],[145.3319,43.2952],[145.3135,43.3013],[145.2994,43.3025],[145.2976,43.3005],[145.3034,43.2986],[145.3019,43.2939],[145.3042,43.285],[145.2978,43.2847],[145.2961,43.2834],[145.299,43.2807],[145.3115,43.2798],[145.3091,43.2751],[145.3128,43.2712],[145.3176,43.2728],[145.3229,43.272],[145.3238,43.2773],[145.3296,43.2794],[145.3359,43.2789],[145.3466,43.2739],[145.3565,43.2724],[145.3786,43.2648],[145.3838,43.2603],[145.3879,43.2606],[145.4097,43.2612],[145.4401,43.2583],[145.4513,43.2597],[145.4592,43.2572],[145.4752,43.2659],[145.4818,43.2667],[145.4875,43.2638],[145.4896,43.2568],[145.4916,43.2553],[145.5076,43.2519],[145.5142,43.2345],[145.5136,43.2295],[145.5103,43.2265],[145.5091,43.2254],[145.5114,43.2237],[145.5137,43.2241],[145.5227,43.226],[145.5299,43.235],[145.5306,43.2386],[145.513,43.2644],[145.5035,43.2604],[145.4982,43.2614],[145.4955,43.265],[145.5059,43.2773],[145.5052,43.2796],[145.5149,43.2935],[145.5215,43.2943],[145.525,43.2971],[145.5229,43.3015],[145.5284,43.3051],[145.5304,43.3098],[145.5354,43.3086],[145.5378,43.308],[145.5517,43.315],[145.5487,43.3187],[145.5504,43.3199],[145.5645,43.3228],[145.5757,43.327],[145.5792,43.3334],[145.5882,43.3377],[145.5839,43.3421],[145.5985,43.3516],[145.6048,43.3517],[145.6175,43.3588],[145.6236,43.36],[145.6265,43.3638],[145.6362,43.3685],[145.6491,43.3834],[145.6534,43.3884],[145.6671,43.3892],[145.6713,43.385],[145.7021,43.3816],[145.7297,43.3839],[145.7339,43.3903],[145.7409,43.388],[145.7502,43.3872],[145.7551,43.3883],[145.7538,43.3932],[145.7565,43.3951],[145.7675,43.3949],[145.7669,43.3929],[145.7618,43.3895],[145.7632,43.3881],[145.7699,43.3888],[145.7761,43.385],[145.7803,43.3855],[145.7838,43.3859],[145.807,43.3822],[145.8145,43.3848],[145.82,43.3835],[145.8209,43.38],[145.8192,43.3767],[145.8085,43.3711],[145.8109,43.3636],[145.8066,43.3595],[145.7912,43.3565],[145.7914,43.3528],[145.7807,43.3477],[145.7764,43.3425],[145.7667,43.3403],[145.758,43.3353],[145.7503,43.3284],[145.7462,43.3287],[145.7455,43.3333],[145.741,43.3322],[145.7352,43.3256],[145.7288,43.3242],[145.7248,43.3286],[145.7209,43.3302],[145.7143,43.3296],[145.7015,43.3221],[145.685,43.3183],[145.6797,43.3154],[145.6814,43.3105],[145.678,43.3084],[145.6622,43.3139],[145.645,43.3142],[145.6345,43.3128],[145.6156,43.3067],[145.6098,43.3032],[145.6137,43.2954],[145.5989,43.2893],[145.5987,43.2813],[145.5957,43.2773],[145.5902,43.2756],[145.5839,43.2812],[145.578,43.2816],[145.5702,43.2797],[145.5655,43.2763],[145.5643,43.2743],[145.567,43.2675],[145.5661,43.2621],[145.5577,43.2508],[145.5589,43.2414],[145.5572,43.2348],[145.5508,43.2248],[145.5531,43.2171],[145.5582,43.2148],[145.5585,43.2124],[145.5535,43.2091],[145.539,43.206],[145.534,43.2026],[145.53,43.1973],[145.5309,43.1945],[145.535,43.1915],[145.5357,43.1864],[145.5326,43.1815],[145.5284,43.18],[145.525,43.1804],[145.5157,43.1839],[145.5127,43.1832],[145.5061,43.1764],[145.5079,43.1736],[145.5161,43.1731],[145.5245,43.1698],[145.5204,43.1584],[145.5164,43.1561],[145.4995,43.1527],[145.4997,43.1609],[145.5044,43.1639],[145.5054,43.1668],[145.5045,43.1678],[145.5012,43.1721],[145.4927,43.1779],[145.4791,43.1826],[145.4412,43.1827],[145.3746,43.1782],[145.3537,43.1729],[145.3456,43.1741],[145.3432,43.1722],[145.3405,43.17],[145.3338,43.1694],[145.315,43.1627],[145.3066,43.1666],[145.2912,43.1665],[145.2833,43.1624],[145.2457,43.15],[145.222,43.1357],[145.2024,43.1315],[145.1902,43.1315],[145.1897,43.1316],[145.182,43.1338],[145.174,43.1415],[145.1659,43.1424],[145.1526,43.1402],[145.1389,43.1347],[145.1261,43.1265],[145.1184,43.1241],[145.1152,43.1209],[145.1109,43.1121],[145.1096,43.1026],[145.1109,43.0869],[145.1147,43.0812],[145.1215,43.0771],[145.1294,43.0751],[145.1383,43.0758],[145.1619,43.0777],[145.1703,43.068],[145.1601,43.0695],[145.1525,43.0688],[145.1476,43.0663],[145.1526,43.0635],[145.1519,43.0619],[145.1281,43.0618],[145.1247,43.0623],[145.1233,43.0644],[145.1257,43.0666],[145.125,43.0689],[145.1205,43.0705],[145.1071,43.0708],[145.0994,43.0691],[145.0944,43.0662],[145.0867,43.0577],[145.0913,43.051],[145.0873,43.0487],[145.0869,43.0416],[145.0848,43.0387],[145.0789,43.036],[145.0681,43.0346],[145.061,43.032],[145.0473,43.0235],[145.0341,43.0228],[145.0295,43.0238],[145.0251,43.0268],[145.0216,43.0322],[145.023,43.0397],[145.0153,43.0413],[145.017,43.046],[145.0071,43.0498],[145,43.0493],[144.9989,43.0493],[144.9909,43.0508],[144.9877,43.0467],[145,43.0426],[145.0016,43.042],[145.0046,43.0377],[145,43.0334],[144.9981,43.0316],[145,43.0315],[145.0071,43.0309],[145.0042,43.0237],[145.007,43.0234],[145.0137,43.0283],[145.0262,43.0187],[145.0226,43.0133],[145.0249,43.0089],[145.0294,43.007],[145.0298,43.0045],[145.0251,43.0013],[145.0233,42.9959],[145.0117,42.9917],[145.0094,42.9909],[145,42.9892],[144.9932,42.9881],[144.9673,42.9786],[144.9616,42.978],[144.9549,42.9806],[144.9529,42.9815],[144.9442,42.9794],[144.9347,42.984],[144.9248,42.9848],[144.9199,42.9798],[144.9174,42.9799],[144.9155,42.983],[144.9064,42.9828],[144.9001,42.9845],[144.8887,42.9837],[144.8813,42.9806],[144.8767,42.9823],[144.8649,42.9953],[144.8566,42.9966],[144.8552,42.999],[144.859,43.0027],[144.8583,43.0048],[144.8506,43.0091],[144.8357,43.0069],[144.8355,43.0112],[144.84,43.0165],[144.835,43.026],[144.8385,43.0304],[144.8525,43.0391],[144.8578,43.0383],[144.8621,43.0349],[144.866,43.0266],[144.8877,43.0177],[144.9046,43.0148],[144.9102,43.0152],[144.9155,43.0176],[144.9213,43.0231],[144.9272,43.0232],[144.9331,43.0192],[144.937,43.0266],[144.9363,43.0299],[144.9391,43.0325],[144.9459,43.0349],[144.9468,43.038],[144.9478,43.0412],[144.9471,43.0435],[144.9425,43.0419],[144.9397,43.0446],[144.9385,43.049],[144.9226,43.0554],[144.9126,43.0619],[144.9007,43.0652],[144.8781,43.0646],[144.8656,43.0678],[144.864,43.0704],[144.8685,43.0752],[144.8625,43.0817],[144.8614,43.0861],[144.8578,43.0842],[144.8565,43.0804],[144.8588,43.075],[144.8597,43.0717],[144.8548,43.0663],[144.8557,43.0563],[144.8537,43.0509],[144.8549,43.0481],[144.8625,43.0454],[144.8572,43.0425],[144.8212,43.0515],[144.8081,43.0519],[144.7926,43.0496],[144.7865,43.0487],[144.781,43.0464],[144.7813,43.0427],[144.767,43.0341],[144.7554,43.0243],[144.7227,42.9888],[144.721,42.9831],[144.7231,42.9759],[144.7283,42.9683],[144.7476,42.9538],[144.7496,42.9532],[144.7552,42.9516],[144.7616,42.9469],[144.7825,42.9375],[144.7842,42.9349],[144.7803,42.9305],[144.7594,42.9302],[144.6892,42.9343],[144.6742,42.9369],[144.6618,42.9416],[144.6582,42.9429],[144.6377,42.9437],[144.629,42.9481],[144.5917,42.9463],[144.5697,42.948],[144.5597,42.9472],[144.5488,42.9442],[144.5325,42.9473],[144.5247,42.9473],[144.5098,42.9448],[144.4968,42.9385],[144.4806,42.9357],[144.471,42.94],[144.4503,42.9417],[144.4433,42.9469],[144.435,42.9491],[144.4235,42.9494],[144.4179,42.9527],[144.4059,42.9551],[144.3999,42.9577],[144.3921,42.9645],[144.3734,42.9647],[144.3636,42.9674],[144.3626,42.9707],[144.3644,42.9729],[144.3728,42.972],[144.3748,42.9775],[144.3686,42.9814],[144.3685,42.9842],[144.3623,42.992],[144.3487,42.9973],[144.2967,42.999],[144.2664,42.9986],[144.2657,42.9975],[144.199,42.9875],[144.15,42.9735],[144.1267,42.9635],[144.1129,42.9552],[144.074,42.9453],[144.0468,42.9366],[144.0131,42.9212],[143.9831,42.9018],[143.9347,42.8774],[143.9198,42.8698],[143.9022,42.857],[143.8794,42.8442],[143.839,42.8138],[143.8103,42.7921],[143.7645,42.7602],[143.7387,42.7436],[143.7231,42.7312],[143.7142,42.7288],[143.7107,42.7237],[143.6757,42.6958],[143.6699,42.6933],[143.6656,42.6976],[143.6615,42.6966],[143.6513,42.6933],[143.6499,42.6913],[143.6651,42.6909],[143.661,42.6865],[143.6224,42.6567],[143.6077,42.6419],[143.575,42.6158],[143.5638,42.6043],[143.5129,42.5518],[143.4833,42.5227],[143.4666,42.5025],[143.4125,42.4386],[143.3716,42.3762],[143.3487,42.3405],[143.3345,42.3098],[143.3233,42.2942],[143.3254,42.2806],[143.3243,42.2774],[143.315,42.2501],[143.3156,42.242],[143.3254,42.2233],[143.3278,42.2092],[143.3383,42.2003],[143.3409,42.194],[143.341,42.1821],[143.3389,42.1735],[143.331,42.1584],[143.33,42.1566],[143.3248,42.1261],[143.3222,42.1196],[143.3272,42.1125],[143.3267,42.1089],[143.3215,42.1001],[143.3202,42.0869],[143.3123,42.0695],[143.3182,42.053],[143.3117,42.0432],[143.2993,42.0375],[143.2891,42.0234],[143.2747,42.0144],[143.2719,42.0109],[143.2663,42.0039],[143.2511,41.9706],[143.2453,41.9442],[143.2462,41.9343],[143.2509,41.9229],[143.2483,41.9207],[143.2412,41.9235],[143.2341,41.9329],[143.2216,41.9435],[143.2176,41.9469],[143.2003,41.9548],[143.167,41.979],[143.1627,41.9845],[143.1547,42.0017],[143.1371,42.0232],[143.1259,42.0298],[143.1129,42.0352],[143.1118,42.0356],[143.0968,42.0458],[143.0809,42.0512],[143.0358,42.0719],[143.0064,42.0819],[142.9997,42.0885],[142.9794,42.0973],[142.9645,42.1141],[142.9585,42.1166],[142.9462,42.1177],[142.9366,42.121],[142.9285,42.1199],[142.9246,42.1155],[142.9191,42.1168],[142.9188,42.121],[142.9149,42.1238],[142.9021,42.1252],[142.8746,42.1282],[142.848,42.1349],[142.8406,42.1338],[142.8337,42.1329],[142.8224,42.1339],[142.8086,42.1443],[142.7824,42.1545],[142.7668,42.1661],[142.7593,42.1698],[142.7391,42.1711],[142.7263,42.1784],[142.7206,42.18],[142.7037,42.1808],[142.6947,42.1857],[142.6728,42.1896],[142.6394,42.2134],[142.6199,42.2213],[142.5975,42.234],[142.5802,42.2393],[142.5531,42.2436],[142.5148,42.2597],[142.511,42.2602],[142.4977,42.2617],[142.488,42.2652],[142.48,42.27],[142.4539,42.2935],[142.4413,42.3001],[142.4074,42.3064],[142.3848,42.3158],[142.371,42.324],[142.3585,42.3317],[142.3359,42.3413],[142.307,42.3561],[142.2764,42.3779],[142.2611,42.3923],[142.2304,42.4131],[142.227,42.4194],[142.2039,42.4382],[142.1753,42.4532],[142.1635,42.4556],[142.1199,42.4646],[142.0804,42.4666],[142.0682,42.4747],[142.0429,42.477],[142.0335,42.4798],[142.0223,42.4915],[142.0115,42.4978],[141.9895,42.5112],[141.9798,42.5137],[141.9552,42.5375],[141.9152,42.556],[141.9147,42.5585],[141.9169,42.5591],[141.9226,42.5546],[141.9278,42.5545],[141.9321,42.5597],[141.9362,42.5618],[141.938,42.5655],[141.9256,42.5605],[141.9204,42.5613],[141.9136,42.5668],[141.9069,42.5695],[141.901,42.5758],[141.8961,42.5782],[141.8766,42.5838],[141.8669,42.5886],[141.8163,42.6064],[141.816,42.6078],[141.8132,42.6069],[141.7896,42.6116],[141.7661,42.6138],[141.7382,42.62],[141.692,42.6264],[141.6832,42.6264],[141.6418,42.6266],[141.6353,42.6284],[141.6336,42.6305],[141.635,42.6339],[141.6301,42.6427],[141.6276,42.6425],[141.6259,42.6389],[141.627,42.6286],[141.6222,42.6259],[141.578,42.621],[141.551,42.6139],[141.5226,42.6064],[141.4316,42.5759],[141.4176,42.5673],[141.4,42.5612],[141.3977,42.5602],[141.3664,42.5466],[141.3466,42.5329],[141.3452,42.5329],[141.3479,42.5382],[141.347,42.5395],[141.3398,42.5358],[141.3345,42.5313],[141.3404,42.5311],[141.3401,42.5302],[141.325,42.5232],[141.2847,42.4967],[141.2774,42.4916],[141.2623,42.4851],[141.2369,42.4668],[141.2123,42.4515],[141.2004,42.4473],[141.1899,42.446],[141.1732,42.4383],[141.157,42.4347],[141.1511,42.4318],[141.1459,42.4279],[141.107,42.3985],[141.0699,42.3648],[141.0606,42.3563],[141.0583,42.3525],[141.0603,42.3483],[141.059,42.3465],[141.0485,42.346],[141.0425,42.3422],[141.0402,42.3377],[141.0432,42.3342],[141.0416,42.3326],[141.0342,42.3327],[141.0269,42.3269],[141.0132,42.3116],[141.0148,42.3042],[141.0119,42.3009],[141.0031,42.2957],[140.9948,42.2964],[140.9774,42.3031],[140.9728,42.3034],[140.9682,42.3016],[140.9672,42.3012],[140.9641,42.3099],[140.9583,42.3126],[140.9448,42.3135],[140.9302,42.3305],[140.9316,42.3352],[140.943,42.3364],[140.9522,42.3429],[140.9647,42.3395],[140.9631,42.3358],[140.9691,42.3328],[140.9718,42.3201],[140.9755,42.3187],[140.9846,42.3254],[140.987,42.3385],[140.9872,42.3395],[141.0117,42.3441],[141.0063,42.3474],[140.9939,42.3451],[140.9881,42.3459],[140.9802,42.3525],[140.9769,42.3528],[140.9721,42.3497],[140.9664,42.3546],[140.9523,42.3562],[140.9481,42.3608],[140.9318,42.3618],[140.9233,42.3679],[140.9172,42.3678],[140.9077,42.3725],[140.9051,42.3767],[140.9059,42.3864],[140.9061,42.3881],[140.8936,42.4259],[140.8852,42.4336],[140.8719,42.4528],[140.8619,42.4605],[140.8528,42.4643],[140.8429,42.4663],[140.8402,42.4691],[140.8404,42.4746],[140.8373,42.4738],[140.8356,42.4701],[140.8331,42.4695],[140.8241,42.4776],[140.8168,42.4835],[140.8086,42.487],[140.8059,42.4914],[140.7974,42.4957],[140.7891,42.4983],[140.7813,42.4957],[140.7821,42.5113],[140.7907,42.5091],[140.7862,42.5149],[140.7769,42.5157],[140.7748,42.5178],[140.7761,42.5295],[140.7738,42.5343],[140.7668,42.5404],[140.743,42.5538],[140.7409,42.555],[140.7258,42.568],[140.7231,42.5694],[140.7128,42.5696],[140.7108,42.5721],[140.7115,42.5772],[140.7069,42.58],[140.6952,42.5822],[140.6711,42.5835],[140.6597,42.583],[140.6531,42.5806],[140.6481,42.5811],[140.631,42.577],[140.6076,42.5684],[140.5979,42.5694],[140.5971,42.5694],[140.5911,42.5643],[140.5846,42.5637],[140.5768,42.5647],[140.5404,42.5817],[140.5318,42.5829],[140.5287,42.5848],[140.5198,42.5845],[140.5141,42.5791],[140.5026,42.5808],[140.494,42.5798],[140.4829,42.582],[140.4763,42.5816],[140.4632,42.5767],[140.4503,42.5669],[140.4311,42.5522],[140.3894,42.5124],[140.3439,42.4541],[140.3141,42.3999],[140.3029,42.3795],[140.2857,42.3201],[140.2819,42.2867],[140.2828,42.2772],[140.2839,42.265],[140.2934,42.2472],[140.3022,42.2405],[140.3126,42.2353],[140.3362,42.23],[140.3493,42.2246],[140.3612,42.2217],[140.3849,42.2203],[140.3925,42.2177],[140.4074,42.2092],[140.4122,42.2016],[140.4259,42.1944],[140.4306,42.187],[140.4416,42.1834],[140.4441,42.1811],[140.4476,42.1778],[140.455,42.1771],[140.4617,42.1728],[140.4682,42.1629],[140.4903,42.1482],[140.498,42.1476],[140.5083,42.1404],[140.5117,42.1326],[140.5196,42.1267],[140.547,42.1152],[140.5644,42.1106],[140.573,42.1098],[140.5889,42.1072],[140.5987,42.1083],[140.6139,42.1117],[140.6393,42.1221],[140.6489,42.1252],[140.6594,42.1259],[140.6861,42.1235],[140.6975,42.1274],[140.7082,42.135],[140.7134,42.1354],[140.7204,42.133],[140.7358,42.1211],[140.7626,42.1127],[140.7686,42.0956],[140.7709,42.0916],[140.7747,42.0852],[140.7822,42.0771],[140.7916,42.0731],[140.8078,42.0726],[140.8096,42.0687],[140.8056,42.0582],[140.8066,42.0527],[140.8148,42.0477],[140.8185,42.0376],[140.832,42.0266],[140.8426,42.0216],[140.8594,42.0097],[140.8676,42.0059],[140.8782,42.0042],[140.8801,42.0038],[140.9023,41.9886],[140.911,41.9816],[140.9197,41.9663],[140.9344,41.9548],[140.9391,41.9397],[140.9433,41.9352],[140.9478,41.9333],[140.951,41.9365],[140.9534,41.9362],[140.9576,41.9217],[140.9632,41.9156],[140.9984,41.8993],[141.0043,41.8966],[141.02,41.8917],[141.0286,41.8904],[141.043,41.892],[141.0627,41.8859],[141.0688,41.8854],[141.0722,41.8867],[141.0761,41.8836],[141.0798,41.8836],[141.0817,41.8853],[141.085,41.8846],[141.0922,41.879],[141.1134,41.8733],[141.1247,41.8632],[141.1361,41.8573],[141.1453,41.8554],[141.1537,41.8535],[141.157,41.8494],[141.1499,41.8403],[141.1519,41.8336],[141.1557,41.8295],[141.1737,41.8202],[141.1892,41.8171],[141.1941,41.8005],[141.1925,41.7976],[141.172,41.7884],[141.1659,41.7803],[141.1443,41.7786],[141.1402,41.7782],[141.137,41.7836],[141.1309,41.7844],[141.1208,41.7827],[141.1124,41.7783],[141.1067,41.7729],[141.0973,41.7578],[141.0915,41.7556],[141.0877,41.7524],[141.0827,41.7402],[141.0734,41.7348],[141.0613,41.7309],[141.0577,41.7216],[141.0473,41.7232],[141.0418,41.7226],[141.037,41.7163],[141.0294,41.7166],[141.0252,41.7183],[141.0203,41.7177],[141.0091,41.7101],[140.9948,41.7116],[140.9791,41.7077],[140.9687,41.7074],[140.9617,41.7094],[140.9561,41.7131],[140.9476,41.7247],[140.9392,41.7308],[140.893,41.7465],[140.8563,41.7556],[140.8319,41.7581],[140.7801,41.7726],[140.7605,41.772],[140.7504,41.7694],[140.7349,41.7624],[140.7299,41.7585],[140.7251,41.7515],[140.7304,41.7448],[140.7261,41.7419],[140.7116,41.7382],[140.7025,41.7393],[140.6997,41.7489],[140.6964,41.7529],[140.6973,41.7634],[140.7007,41.7685],[140.7056,41.7759],[140.7099,41.7778],[140.7187,41.7738],[140.7182,41.7681],[140.7219,41.7669],[140.7294,41.7739],[140.7301,41.7778],[140.7278,41.7815],[140.7321,41.7857],[140.7314,41.7903],[140.7251,41.7973],[140.7193,41.7974],[140.7179,41.8002],[140.7207,41.8038],[140.7175,41.8075],[140.7023,41.8137],[140.6814,41.819],[140.6725,41.8201],[140.6594,41.8194],[140.6495,41.8172],[140.6334,41.8085],[140.6284,41.8022],[140.626,41.7949],[140.6285,41.7848],[140.6226,41.7782],[140.6199,41.7682],[140.6133,41.7614],[140.6107,41.7541],[140.6097,41.7395],[140.6069,41.7377],[140.5959,41.7367],[140.5934,41.7345],[140.5885,41.7336],[140.5848,41.7307],[140.5816,41.7282],[140.5736,41.7265],[140.5517,41.714],[140.532,41.6985],[140.5085,41.6972],[140.4971,41.6932],[140.4877,41.6949],[140.4743,41.6942],[140.4654,41.6909],[140.457,41.6848],[140.4473,41.6735],[140.4428,41.6658],[140.4421,41.66],[140.4369,41.593],[140.4391,41.5688],[140.438,41.5603],[140.4429,41.5579],[140.4457,41.5513],[140.4368,41.531],[140.4288,41.527],[140.4164,41.5164],[140.3785,41.5114],[140.3719,41.5128],[140.3662,41.5105],[140.3614,41.5086],[140.354,41.5021],[140.3382,41.5004],[140.3338,41.4964],[140.2925,41.4852],[140.2683,41.4754],[140.2635,41.4605],[140.2558,41.4565],[140.2476,41.4424],[140.2447,41.4385],[140.227,41.4143],[140.2247,41.4049],[140.2152,41.3997],[140.2087,41.3936],[140.2051,41.3923],[140.1987,41.3933],[140.1894,41.3973],[140.1744,41.4102],[140.153,41.4208],[140.1418,41.4218],[140.1343,41.4244],[140.1288,41.4242],[140.119,41.4206],[140.1065,41.4194],[140.0983,41.4158],[140.0925,41.4159],[140.0816,41.4183],[140.081,41.4188],[140.0678,41.4303],[140.0528,41.4382],[140.0318,41.4574],[140.0296,41.4721],[140.0204,41.4834],[140.0055,41.5259],[140,41.5336],[139.9885,41.5498],[139.9854,41.5688],[139.9847,41.586],[139.9839,41.6055],[139.9923,41.6203],[139.9941,41.6356],[140,41.6397],[140,41.6408],[140.0073,41.6636],[140.0081,41.6741],[140.0131,41.6812],[140.0166,41.6915],[140.0269,41.7046],[140.0334,41.7147],[140.0369,41.7168],[140.0408,41.7192],[140.0446,41.7255],[140.0514,41.7317],[140.0658,41.756],[140.0736,41.7656],[140.0755,41.7706],[140.075,41.791],[140.0717,41.7997],[140.0736,41.8031],[140.0859,41.8076],[140.0923,41.8061],[140.0997,41.8072],[140.1122,41.8034],[140.1182,41.807],[140.1186,41.8072],[140.123,41.8143],[140.1279,41.8461],[140.1241,41.8596],[140.1248,41.8637],[140.1282,41.8671],[140.1356,41.8707],[140.137,41.8799],[140.1415,41.8901],[140.1402,41.9018],[140.1459,41.912],[140.1446,41.926],[140.1314,41.9605],[140.1343,41.9671],[140.1297,41.9841],[140.1237,41.9935],[140.1192,41.9972],[140.1077,42.0065],[140.1084,42.012],[140.0979,42.0279],[140.0845,42.0342],[140.088,42.0392],[140.0831,42.0434],[140.0753,42.0501],[140.0699,42.0623],[140.0546,42.0835],[140.0249,42.1087],[140.0176,42.1122],[140.0044,42.1137],[140,42.1166],[139.9892,42.1237],[139.9691,42.1236],[139.9441,42.1236],[139.9278,42.1274],[139.9233,42.1306],[139.9164,42.1428],[139.9019,42.1619],[139.8983,42.1725],[139.8868,42.1838],[139.882,42.1921],[139.883,42.1992],[139.8794,42.2054],[139.8717,42.2088],[139.8644,42.2119],[139.8567,42.2113],[139.8497,42.2136],[139.838,42.2144],[139.8036,42.2222],[139.7954,42.2293],[139.7761,42.2579],[139.7792,42.2631],[139.7845,42.2658],[139.787,42.2711],[139.781,42.2857],[139.7777,42.2938],[139.7704,42.3028],[139.7721,42.3128],[139.7762,42.319],[139.7744,42.3252],[139.7823,42.3471],[139.7864,42.3512],[139.7954,42.3532],[139.8028,42.3573],[139.8066,42.3634],[139.8178,42.3732],[139.823,42.3896],[139.8291,42.3866],[139.838,42.4035],[139.844,42.4199],[139.8478,42.4495],[139.851,42.4554],[139.8545,42.462],[139.85,42.4753],[139.8492,42.4854],[139.8431,42.495],[139.846,42.5005],[139.8434,42.5136],[139.8457,42.522],[139.84,42.54],[139.8366,42.562],[139.832,42.5668],[139.833,42.5714],[139.8293,42.5753],[139.8292,42.576],[139.8238,42.603],[139.8264,42.6115],[139.8317,42.6174],[139.8426,42.6228],[139.8465,42.6336],[139.8533,42.6372],[139.8569,42.6456],[139.8644,42.6529],[139.8695,42.6625],[139.8751,42.6629],[139.8823,42.6683],[139.8872,42.6692],[139.9001,42.6765],[139.9035,42.6785],[139.9106,42.6793],[139.9365,42.6869],[139.948,42.6879],[139.9625,42.6855],[139.9712,42.6889],[139.9858,42.6876],[139.9926,42.6903],[140,42.689],[140.0121,42.6867],[140.0246,42.6898],[140.0304,42.6879],[140.0342,42.6884],[140.0585,42.7],[140.0639,42.7039],[140.069,42.7162],[140.0845,42.7296],[140.0885,42.7298],[140.0954,42.734],[140.1066,42.7355],[140.112,42.7394],[140.1182,42.7398],[140.122,42.7436],[140.1322,42.7458],[140.1451,42.7537],[140.1495,42.7585],[140.1536,42.7763],[140.1626,42.7883],[140.187,42.8206],[140.1905,42.8226],[140.1957,42.8221],[140.2074,42.8115],[140.2293,42.8039],[140.2323,42.7979],[140.2411,42.7914],[140.2446,42.776],[140.2504,42.7698],[140.2617,42.7619],[140.2643,42.7664],[140.2767,42.7663],[140.2873,42.768],[140.2982,42.772],[140.3051,42.7772],[140.3072,42.7868],[140.3064,42.8239],[140.308,42.8275],[140.3176,42.8364],[140.3405,42.8507],[140.3433,42.8534],[140.3539,42.8636],[140.3654,42.8791],[140.3779,42.8945],[140.3806,42.9029],[140.3913,42.9117],[140.3969,42.9229],[140.4044,42.9251],[140.419,42.9387],[140.4203,42.9421],[140.4339,42.9488],[140.4401,42.948],[140.4691,42.9637],[140.4759,42.9664],[140.4965,42.9748],[140.5073,42.9829],[140.5166,42.9837],[140.5217,42.9866],[140.5328,43.0073],[140.5339,43.0155],[140.5319,43.0231],[140.5292,43.0259],[140.522,43.0264],[140.505,43.0443],[140.5014,43.051],[140.4965,43.0554],[140.4949,43.0592],[140.4924,43.0648],[140.4656,43.0814],[140.4604,43.0982],[140.4478,43.1091],[140.4403,43.1223],[140.4302,43.13],[140.4266,43.1373],[140.4038,43.1498],[140.3951,43.1563],[140.3874,43.1584],[140.3619,43.1764],[140.3523,43.1845],[140.3387,43.2055],[140.3271,43.2189],[140.327,43.2301],[140.3359,43.2497],[140.3319,43.2546],[140.3326,43.2578],[140.337,43.2588],[140.3402,43.2595],[140.3438,43.2689],[140.3359,43.2772],[140.3388,43.2815],[140.3472,43.2821],[140.3504,43.2848],[140.354,43.3049],[140.3608,43.314],[140.3571,43.3189],[140.3491,43.3247],[140.3451,43.3305],[140.3499,43.3325],[140.3589,43.3289],[140.3842,43.3266],[140.3909,43.3297],[140.4012,43.3291],[140.4082,43.3318],[140.4193,43.3259],[140.4275,43.3256],[140.4366,43.3294],[140.4557,43.3415],[140.46,43.352],[140.4665,43.3588],[140.4675,43.3622],[140.4632,43.3645],[140.4623,43.3675],[140.4649,43.3702],[140.485,43.3725],[140.4965,43.3703],[140.5046,43.3667],[140.5053,43.3656],[140.5103,43.3577],[140.5215,43.3537],[140.5316,43.3565],[140.5315,43.3494],[140.5339,43.3453],[140.5404,43.3415],[140.5437,43.3371],[140.5505,43.3343],[140.5569,43.3262],[140.5702,43.3194],[140.5793,43.3092],[140.5911,43.3049],[140.5976,43.3002],[140.602,43.2995],[140.6037,43.2956],[140.6068,43.2932],[140.6143,43.2924],[140.6197,43.294],[140.6265,43.2916],[140.6331,43.2931],[140.6363,43.2841],[140.6473,43.283],[140.6506,43.2786],[140.6439,43.2723],[140.6418,43.2652],[140.6445,43.2627],[140.6501,43.261],[140.6707,43.2573],[140.703,43.2483],[140.7077,43.2489],[140.7126,43.2457],[140.7211,43.2451],[140.7291,43.2406],[140.7372,43.2398],[140.7414,43.2319],[140.7492,43.2307],[140.7525,43.2265],[140.7624,43.2231],[140.7778,43.2241],[140.7801,43.2194],[140.7779,43.2062],[140.7783,43.2057],[140.7836,43.1988],[140.8003,43.1907],[140.8215,43.1915],[140.8391,43.1945],[140.8486,43.1975],[140.853,43.1968],[140.8606,43.1998],[140.8563,43.2045],[140.8614,43.2062],[140.8608,43.2079],[140.8543,43.2093],[140.8537,43.2109],[140.8575,43.2132],[140.8681,43.2123],[140.8711,43.2054],[140.877,43.2037],[140.9009,43.2093],[140.9181,43.2081],[140.9208,43.2154],[140.9225,43.2201],[140.9269,43.2203],[140.931,43.2229],[140.9454,43.2229],[140.9539,43.2249],[140.9664,43.2317],[140.9771,43.235],[140.9985,43.2376],[141.0153,43.2364],[141.0191,43.2356],[141.0183,43.2304],[141.0252,43.222],[141.0174,43.2134],[141.0169,43.2077],[141.0131,43.205],[141.0074,43.2045],[141.007,43.2019],[141.0094,43.1983],[141.0142,43.1911],[141.0316,43.1804],[141.0416,43.18],[141.0459,43.1767],[141.0671,43.1759],[141.0966,43.1674],[141.132,43.1534],[141.1441,43.1502],[141.1577,43.1439],[141.1586,43.1435],[141.1685,43.1431],[141.179,43.1457],[141.1923,43.1521],[141.2081,43.1563],[141.2614,43.1793],[141.2777,43.1879],[141.3031,43.2057],[141.3207,43.218],[141.3656,43.2629],[141.3757,43.2638],[141.3812,43.2761],[141.3941,43.2852],[141.4016,43.2944],[141.4107,43.3105],[141.4162,43.3143],[141.4247,43.3249],[141.4216,43.3408],[141.4228,43.3465],[141.4276,43.35],[141.4297,43.3548],[141.4266,43.3718],[141.4313,43.3944],[141.4298,43.4134]]]]}},{"type":"Feature","properties":{"name":"青森県"},"geometry":{"type":"MultiPolygon","coordinates":[[[[140.8833,40.5079],[140.8625,40.5038],[140.8521,40.5046],[140.8419,40.5008],[140.8309,40.4935],[140.8208,40.4891],[140.8145,40.4808],[140.8134,40.4698],[140.8114,40.4587],[140.8087,40.4473],[140.7982,40.4468],[140.7905,40.4543],[140.7728,40.4511],[140.7636,40.4442],[140.756,40.4362],[140.739,40.4371],[140.7362,40.4271],[140.7189,40.4249],[140.708,40.4249],[140.6977,40.4253],[140.6911,40.4166],[140.6794,40.4101],[140.6682,40.4049],[140.6575,40.401],[140.6472,40.4009],[140.6384,40.4073],[140.625,40.4211],[140.6134,40.4222],[140.6048,40.4288],[140.5941,40.4336],[140.5856,40.4273],[140.5754,40.4236],[140.5652,40.4238],[140.5576,40.4166],[140.5638,40.4078],[140.5533,40.3992],[140.5432,40.401],[140.5331,40.4176],[140.5323,40.4283],[140.5213,40.4275],[140.51,40.4269],[140.5,40.4338],[140.4892,40.4379],[140.4847,40.4471],[140.4746,40.4508],[140.4634,40.4536],[140.4534,40.4512],[140.4441,40.4471],[140.4404,40.4567],[140.4368,40.4662],[140.4408,40.4756],[140.4306,40.4797],[140.4141,40.4735],[140.4022,40.475],[140.3947,40.4825],[140.3853,40.4775],[140.375,40.4737],[140.3642,40.4753],[140.3571,40.4681],[140.3471,40.4541],[140.3453,40.4442],[140.3386,40.4367],[140.3261,40.4366],[140.3162,40.4343],[140.3058,40.44],[140.2952,40.4436],[140.2842,40.443],[140.274,40.4394],[140.2621,40.4386],[140.2514,40.4378],[140.2368,40.4323],[140.2267,40.4288],[140.2162,40.4324],[140.2057,40.4334],[140.1952,40.4342],[140.1854,40.4395],[140.1747,40.4355],[140.1637,40.436],[140.1508,40.4354],[140.1355,40.4354],[140.125,40.4338],[140.1104,40.4345],[140.1032,40.4431],[140.0995,40.4536],[140.0909,40.4596],[140.0818,40.4642],[140.0718,40.4661],[140.0614,40.4646],[140.0527,40.4586],[140.042,40.4582],[140.0328,40.4525],[140.0258,40.4406],[140.0255,40.4294],[140.0197,40.4186],[140.0099,40.4247],[140.0,40.4315],[139.9817,40.4254],[139.9711,40.4263],[139.9621,40.432],[139.9511,40.4284],[139.9445,40.4268],[139.9465,40.4295],[139.9449,40.4415],[139.948,40.4471],[139.9463,40.4547],[139.9484,40.4746],[139.954,40.4892],[139.9518,40.5047],[139.9531,40.5141],[139.9527,40.5174],[139.9493,40.5427],[139.945,40.5524],[139.9372,40.5511],[139.9352,40.5563],[139.9388,40.5607],[139.9301,40.5774],[139.9256,40.5807],[139.9223,40.5816],[139.9091,40.5808],[139.9043,40.5786],[139.892,40.58],[139.8782,40.5788],[139.8738,40.5809],[139.8665,40.5885],[139.8625,40.5926],[139.8662,40.596],[139.8635,40.6018],[139.8648,40.6059],[139.863,40.6095],[139.8649,40.6123],[139.8697,40.6143],[139.8843,40.6268],[139.8951,40.628],[139.9036,40.6399],[139.9085,40.643],[139.9193,40.6413],[139.9319,40.6421],[139.9405,40.6565],[139.9411,40.6617],[139.946,40.6676],[139.953,40.6671],[139.9687,40.6823],[139.9695,40.6919],[139.9738,40.6976],[139.9828,40.703],[139.9869,40.7142],[140,40.7356],[140.0026,40.7399],[140.0129,40.7419],[140.0223,40.7481],[140.0356,40.757],[140.0507,40.7605],[140.0665,40.7668],[140.0913,40.758],[140.1087,40.743],[140.1177,40.7399],[140.1288,40.7401],[140.1358,40.7425],[140.1488,40.7483],[140.1616,40.7564],[140.1762,40.7675],[140.1852,40.7701],[140.1953,40.7787],[140.2014,40.7812],[140.2146,40.7822],[140.2203,40.7778],[140.2245,40.7782],[140.2426,40.7851],[140.2527,40.7934],[140.2638,40.8086],[140.2822,40.8407],[140.2936,40.8687],[140.2977,40.8857],[140.3038,40.9116],[140.3157,40.9476],[140.3257,41.0095],[140.3259,41.0198],[140.3288,41.0277],[140.3331,41.0311],[140.3304,41.0337],[140.327,41.0763],[140.3241,41.0869],[140.3191,41.0899],[140.2966,41.1119],[140.2873,41.1156],[140.2598,41.1159],[140.256,41.1192],[140.2586,41.1317],[140.2672,41.1355],[140.2704,41.1328],[140.2837,41.1335],[140.2904,41.1314],[140.2944,41.135],[140.3015,41.1269],[140.3045,41.1271],[140.3087,41.1292],[140.3094,41.1296],[140.3175,41.1409],[140.3229,41.1415],[140.3313,41.1538],[140.3327,41.1629],[140.3407,41.185],[140.3364,41.1933],[140.3389,41.2008],[140.3388,41.2072],[140.3344,41.2167],[140.3384,41.2315],[140.3455,41.2406],[140.3452,41.244],[140.3448,41.249],[140.341,41.255],[140.3431,41.2571],[140.3459,41.2573],[140.3525,41.2558],[140.3656,41.247],[140.3726,41.2462],[140.3747,41.2439],[140.3804,41.2429],[140.3959,41.2333],[140.4056,41.23],[140.4137,41.2157],[140.4302,41.2059],[140.4381,41.1966],[140.4404,41.1913],[140.4485,41.1876],[140.4575,41.1845],[140.4624,41.1853],[140.471,41.1786],[140.4764,41.1774],[140.4856,41.1791],[140.5051,41.1886],[140.5246,41.2049],[140.53,41.2158],[140.5338,41.2156],[140.5451,41.2151],[140.5532,41.2232],[140.5601,41.2197],[140.564,41.2208],[140.5773,41.2204],[140.5911,41.2135],[140.6065,41.2103],[140.6148,41.2047],[140.6221,41.1948],[140.6371,41.187],[140.6445,41.1805],[140.6511,41.1687],[140.6513,41.163],[140.6497,41.1609],[140.6466,41.1567],[140.6411,41.1208],[140.6383,41.1149],[140.6399,41.1064],[140.6377,41.0936],[140.6422,41.0775],[140.6408,41.0737],[140.6503,41.0433],[140.6502,41.0378],[140.6572,41.0153],[140.6719,40.93],[140.6795,40.9104],[140.6844,40.8915],[140.6882,40.8764],[140.7045,40.8524],[140.7174,40.8416],[140.7352,40.8306],[140.74,40.8303],[140.7437,40.8328],[140.746,40.8314],[140.7459,40.8272],[140.7522,40.8267],[140.7665,40.8313],[140.7665,40.8307],[140.7815,40.8299],[140.7903,40.8306],[140.8027,40.835],[140.8153,40.8437],[140.8277,40.8575],[140.8357,40.8606],[140.8407,40.868],[140.8485,40.8686],[140.8543,40.8792],[140.8631,40.8844],[140.8645,40.888],[140.8608,40.897],[140.8621,40.8992],[140.8705,40.8998],[140.8743,40.9059],[140.8741,40.9103],[140.8701,40.9158],[140.8736,40.9215],[140.8715,40.9323],[140.8737,40.9368],[140.8723,40.9398],[140.8681,40.9405],[140.8522,40.9431],[140.846,40.9473],[140.8466,40.9492],[140.8633,40.9537],[140.8653,40.9573],[140.8645,40.9637],[140.8668,40.9678],[140.8744,40.972],[140.8757,40.9752],[140.8683,40.9795],[140.8684,40.982],[140.8772,40.9859],[140.8801,40.9912],[140.8806,40.9976],[140.8789,41.0015],[140.8726,41.0046],[140.87,41.008],[140.8726,41.013],[140.878,41.0122],[140.8848,41.0064],[140.8893,41.0054],[140.8924,41.006],[140.8984,41.0071],[140.9254,40.9911],[140.9513,40.9908],[140.9558,40.9885],[140.9632,40.9746],[140.974,40.9648],[140.9836,40.9619],[140.9902,40.9517],[140.9877,40.938],[140.9788,40.9329],[140.9808,40.9306],[141.0046,40.9306],[141.0195,40.9242],[141.0341,40.9174],[141.051,40.9096],[141.0643,40.9098],[141.0943,40.8779],[141.1049,40.8702],[141.1138,40.8668],[141.1282,40.8651],[141.1376,40.8679],[141.1539,40.877],[141.1621,40.8831],[141.1675,40.887],[141.2003,40.9235],[141.2184,40.9487],[141.2295,40.9819],[141.235,40.9942],[141.2393,41.0037],[141.2445,41.023],[141.2479,41.0594],[141.2462,41.0784],[141.2498,41.0866],[141.2524,41.1018],[141.2561,41.1109],[141.2612,41.1167],[141.263,41.1188],[141.2717,41.1255],[141.2798,41.1404],[141.2824,41.1536],[141.2785,41.1727],[141.2698,41.1926],[141.2484,41.2273],[141.2437,41.2319],[141.2205,41.2547],[141.202,41.2697],[141.1891,41.2739],[141.1836,41.2737],[141.1895,41.2789],[141.1875,41.2801],[141.1802,41.2798],[141.1752,41.2755],[141.1682,41.2745],[141.1459,41.242],[141.1428,41.2397],[141.1427,41.237],[141.146,41.2362],[141.1485,41.2378],[141.1591,41.2474],[141.1628,41.2595],[141.1653,41.2599],[141.1676,41.258],[141.1661,41.2475],[141.1628,41.2398],[141.1357,41.2188],[141.1251,41.2083],[141.1105,41.2079],[141.0961,41.2008],[141.0939,41.199],[141.0875,41.1985],[141.081,41.1956],[141.0629,41.1781],[141.0387,41.179],[141.0122,41.1911],[140.9995,41.1911],[140.9895,41.1932],[140.9829,41.1928],[140.9709,41.1862],[140.9677,41.1828],[140.9543,41.1682],[140.9437,41.1695],[140.9352,41.1673],[140.9268,41.1702],[140.9066,41.1635],[140.8974,41.1577],[140.8818,41.1595],[140.8787,41.1598],[140.8716,41.1568],[140.8623,41.1565],[140.8574,41.1543],[140.852,41.1466],[140.8416,41.144],[140.8256,41.134],[140.8199,41.1235],[140.8047,41.1229],[140.7973,41.1255],[140.7888,41.1243],[140.7791,41.1349],[140.771,41.1396],[140.7697,41.1442],[140.7726,41.1515],[140.7724,41.1562],[140.7713,41.1801],[140.7741,41.195],[140.7823,41.2058],[140.7891,41.2249],[140.7854,41.2438],[140.7861,41.2481],[140.7899,41.2517],[140.7895,41.2579],[140.7941,41.2615],[140.7953,41.272],[140.7991,41.2759],[140.7997,41.2765],[140.8005,41.2852],[140.8049,41.2897],[140.803,41.298],[140.8091,41.3107],[140.8051,41.3169],[140.8076,41.3196],[140.8071,41.3263],[140.8189,41.3341],[140.8256,41.3475],[140.8281,41.36],[140.8317,41.3673],[140.8306,41.3815],[140.8338,41.3923],[140.8356,41.3981],[140.8403,41.4056],[140.8394,41.4146],[140.8416,41.4182],[140.8483,41.4172],[140.8555,41.4244],[140.8691,41.4335],[140.8697,41.4434],[140.8725,41.4467],[140.8808,41.4487],[140.8823,41.4571],[140.8869,41.4605],[140.8892,41.4661],[140.9007,41.473],[140.9103,41.4917],[140.9096,41.4969],[140.9118,41.5012],[140.9076,41.513],[140.9027,41.5202],[140.904,41.5247],[140.9106,41.5312],[140.9149,41.5438],[140.9178,41.5462],[140.922,41.5455],[140.9224,41.5447],[140.9266,41.5369],[140.9326,41.532],[140.9462,41.5286],[140.9554,41.5218],[140.9661,41.5133],[140.9792,41.4971],[140.987,41.4915],[140.9955,41.4906],[141.019,41.4831],[141.0335,41.4808],[141.0529,41.4813],[141.0755,41.4818],[141.0814,41.4755],[141.1042,41.4664],[141.1199,41.4629],[141.1215,41.4562],[141.1281,41.4529],[141.1305,41.4446],[141.1356,41.4411],[141.1423,41.4329],[141.1492,41.4319],[141.1543,41.4291],[141.1627,41.417],[141.1728,41.4111],[141.1773,41.4082],[141.1954,41.3889],[141.2264,41.3706],[141.265,41.3557],[141.2867,41.3502],[141.3158,41.3487],[141.3366,41.3528],[141.3421,41.3538],[141.4025,41.3795],[141.4287,41.3982],[141.4617,41.4256],[141.4673,41.4285],[141.4691,41.4294],[141.4743,41.4297],[141.4728,41.422],[141.4759,41.4169],[141.4743,41.4137],[141.4673,41.4148],[141.4669,41.4104],[141.4722,41.3998],[141.4703,41.3977],[141.4671,41.3999],[141.4637,41.399],[141.4609,41.3964],[141.462,41.3934],[141.4673,41.39],[141.4668,41.3845],[141.469,41.3799],[141.4645,41.3732],[141.4586,41.3701],[141.4421,41.3334],[141.4407,41.3304],[141.4388,41.3124],[141.4329,41.2997],[141.4326,41.2926],[141.4242,41.271],[141.4104,41.2187],[141.409,41.2106],[141.3981,41.1487],[141.3983,41.1386],[141.4035,41.1247],[141.4047,41.1158],[141.4033,41.1016],[141.4074,41.0919],[141.4067,41.0866],[141.4066,41.0853],[141.4011,41.0763],[141.3986,41.0667],[141.3928,41.0087],[141.394,40.992],[141.3925,40.9621],[141.3926,40.9561],[141.3949,40.9514],[141.3936,40.9419],[141.3956,40.9285],[141.3923,40.9217],[141.3926,40.9184],[141.397,40.902],[141.3971,40.8905],[141.3954,40.8839],[141.3929,40.882],[141.3966,40.8794],[141.4052,40.8431],[141.4092,40.8264],[141.4097,40.8083],[141.43,40.719],[141.4329,40.706],[141.4514,40.6399],[141.4735,40.5982],[141.4979,40.5542],[141.5094,40.5422],[141.5257,40.53],[141.5372,40.5242],[141.5426,40.5245],[141.549,40.529],[141.555,40.5291],[141.5663,40.5398],[141.5798,40.542],[141.5837,40.5412],[141.5922,40.5225],[141.596,40.5194],[141.6044,40.5194],[141.6096,40.515],[141.6152,40.5132],[141.6202,40.504],[141.6247,40.5029],[141.6295,40.4971],[141.6371,40.493],[141.639,40.4894],[141.6438,40.48],[141.6543,40.4727],[141.6573,40.4667],[141.6663,40.4587],[141.6713,40.4574],[141.6753,40.4527],[141.686,40.4496],[141.6706,40.4327],[141.6607,40.4271],[141.6479,40.4233],[141.6386,40.4189],[141.625,40.4179],[141.6099,40.4112],[141.5993,40.4093],[141.59,40.4032],[141.5846,40.3926],[141.5864,40.3821],[141.5846,40.3709],[141.5758,40.3653],[141.5668,40.3585],[141.5497,40.3491],[141.5393,40.3443],[141.5274,40.3484],[141.5167,40.3527],[141.5094,40.3599],[141.4957,40.3665],[141.487,40.3715],[141.4762,40.3741],[141.4655,40.372],[141.4535,40.371],[141.4419,40.3707],[141.4328,40.3646],[141.422,40.3604],[141.4122,40.355],[141.4058,40.363],[141.3968,40.358],[141.385,40.3393],[141.375,40.3379],[141.3649,40.3322],[141.3546,40.328],[141.3467,40.3391],[141.3398,40.3475],[141.338,40.3587],[141.3285,40.3628],[141.3202,40.3698],[141.3014,40.3628],[141.2958,40.3536],[141.2889,40.3453],[141.2784,40.3422],[141.2679,40.3471],[141.2605,40.3387],[141.25,40.3362],[141.2357,40.3255],[141.2271,40.3203],[141.2206,40.3121],[141.2105,40.3099],[141.2009,40.305],[141.1909,40.3049],[141.1798,40.3071],[141.1652,40.3035],[141.1534,40.298],[141.1433,40.2974],[141.1342,40.2913],[141.1154,40.2815],[141.1058,40.2778],[141.1132,40.2586],[141.1037,40.25],[141.0921,40.2501],[141.0802,40.2491],[141.0726,40.2393],[141.0607,40.2304],[141.0507,40.2301],[141.0388,40.2251],[141.0296,40.2188],[141.0194,40.2163],[141.0091,40.2152],[140.9918,40.2192],[140.9817,40.2193],[140.9729,40.2266],[140.9668,40.2379],[140.9584,40.2456],[140.9507,40.2593],[140.9563,40.27],[140.9579,40.282],[140.9481,40.2861],[140.9513,40.2965],[140.961,40.3035],[140.9614,40.314],[140.9662,40.3253],[140.9717,40.3338],[140.9765,40.3439],[140.9905,40.345],[140.9974,40.3542],[140.9952,40.3643],[140.9968,40.3742],[140.9897,40.3818],[140.9889,40.3989],[140.9861,40.4092],[140.9833,40.4256],[140.9728,40.4268],[140.962,40.4236],[140.9506,40.4245],[140.9407,40.4223],[140.9293,40.4188],[140.918,40.4222],[140.9079,40.4222],[140.8959,40.4203],[140.875,40.4166],[140.8753,40.4946],[140.8833,40.5079]]]]}},{"type":"Feature","properties":{"name":"秋田県"},"geometry":{"type":"MultiPolygon","coordinates":[[[[140.8833,40.5079],[140.8753,40.4946],[140.875,40.4166],[140.8959,40.4203],[140.9079,40.4222],[140.918,40.4222],[140.9293,40.4188],[140.9407,40.4223],[140.9506,40.4245],[140.962,40.4236],[140.9728,40.4268],[140.9833,40.4256],[140.9861,40.4092],[140.9889,40.3989],[140.9897,40.3818],[140.9968,40.3742],[140.9952,40.3643],[140.9974,40.3542],[140.9905,40.345],[140.9765,40.3439],[140.9717,40.3338],[140.9662,40.3253],[140.9614,40.314],[140.961,40.3035],[140.9513,40.2965],[140.9481,40.2861],[140.9579,40.282],[140.9563,40.27],[140.9507,40.2593],[140.9584,40.2456],[140.9472,40.2423],[140.9449,40.2324],[140.938,40.2233],[140.9266,40.2228],[140.9162,40.2204],[140.9073,40.2148],[140.902,40.2054],[140.8931,40.1977],[140.8899,40.185],[140.8815,40.1785],[140.8661,40.1717],[140.875,40.1571],[140.8862,40.1528],[140.8809,40.1434],[140.875,40.1349],[140.875,40.1229],[140.8826,40.1122],[140.881,40.1022],[140.8788,40.092],[140.8681,40.0833],[140.8523,40.0741],[140.8505,40.0636],[140.8545,40.054],[140.8586,40.0441],[140.8579,40.0335],[140.8552,40.0226],[140.8591,40.013],[140.8524,40.0052],[140.854,39.9926],[140.8516,39.9828],[140.8499,39.9694],[140.8514,39.9563],[140.8609,39.9498],[140.8562,39.9359],[140.8611,39.9266],[140.8632,39.9166],[140.8717,39.9046],[140.875,39.8939],[140.8824,39.8826],[140.8813,39.8716],[140.8639,39.8677],[140.8528,39.8644],[140.8452,39.8715],[140.8374,39.8783],[140.8278,39.8831],[140.8191,39.8777],[140.8038,39.8784],[140.7958,39.8718],[140.7864,39.8655],[140.7894,39.8549],[140.7913,39.8439],[140.7891,39.8341],[140.7899,39.8239],[140.7981,39.818],[140.8067,39.8124],[140.8176,39.8141],[140.8273,39.809],[140.8382,39.8038],[140.8469,39.7982],[140.8444,39.7864],[140.837,39.7777],[140.8288,39.7718],[140.8209,39.7643],[140.8143,39.7566],[140.8052,39.7407],[140.7954,39.7365],[140.7853,39.7351],[140.7867,39.7243],[140.7926,39.716],[140.7974,39.7068],[140.8078,39.7078],[140.8133,39.6983],[140.819,39.6891],[140.8224,39.6786],[140.8248,39.6684],[140.8251,39.6574],[140.8255,39.6468],[140.8175,39.6391],[140.8106,39.6289],[140.8079,39.618],[140.8068,39.6073],[140.7995,39.6002],[140.786,39.6012],[140.7827,39.5909],[140.7737,39.5858],[140.762,39.575],[140.7552,39.5674],[140.7458,39.5637],[140.7337,39.5629],[140.7307,39.5533],[140.7397,39.5463],[140.7442,39.5346],[140.7414,39.5229],[140.7317,39.5176],[140.7275,39.5082],[140.7218,39.4999],[140.7167,39.4912],[140.7222,39.4819],[140.7157,39.4729],[140.7068,39.4676],[140.6895,39.4566],[140.6825,39.4484],[140.6865,39.4383],[140.6887,39.4267],[140.6849,39.4166],[140.6724,39.4142],[140.662,39.4119],[140.6617,39.3967],[140.6593,39.3862],[140.6791,39.3827],[140.6816,39.3718],[140.6837,39.3619],[140.6943,39.3559],[140.6921,39.3459],[140.7017,39.3418],[140.7093,39.3333],[140.6999,39.3182],[140.7005,39.307],[140.7016,39.297],[140.7119,39.2943],[140.7205,39.2855],[140.7202,39.2749],[140.7284,39.2675],[140.7398,39.2637],[140.75,39.259],[140.759,39.2541],[140.7766,39.2435],[140.7853,39.2369],[140.7898,39.2278],[140.7816,39.2207],[140.7725,39.2159],[140.7694,39.2064],[140.7682,39.1952],[140.7786,39.1914],[140.7902,39.187],[140.8013,39.1866],[140.8112,39.1777],[140.8007,39.1734],[140.7912,39.1674],[140.7806,39.1657],[140.7742,39.1565],[140.768,39.1481],[140.7566,39.1329],[140.7704,39.1241],[140.7641,39.1155],[140.766,39.105],[140.7599,39.0952],[140.7562,39.0857],[140.7659,39.0786],[140.7755,39.0758],[140.786,39.078],[140.7962,39.0745],[140.8055,39.0708],[140.803,39.0594],[140.8128,39.0551],[140.8051,39.0469],[140.7976,39.0391],[140.798,39.0281],[140.7912,39.0196],[140.7827,39.0065],[140.7726,39.0007],[140.768,38.9843],[140.7729,38.9752],[140.7778,38.9658],[140.7768,38.9551],[140.7595,38.9551],[140.7407,38.9482],[140.7307,38.9415],[140.7264,38.9316],[140.7185,38.9242],[140.6986,38.9186],[140.6881,38.9139],[140.6824,38.9053],[140.6753,38.8957],[140.6661,38.8913],[140.6575,38.8861],[140.6456,38.8839],[140.6354,38.8844],[140.6181,38.8911],[140.6104,38.8836],[140.5981,38.8833],[140.5888,38.8773],[140.5777,38.8759],[140.568,38.8717],[140.5545,38.8789],[140.5421,38.8966],[140.5303,38.8948],[140.5202,38.8972],[140.5088,38.8921],[140.4944,38.9046],[140.4863,38.9129],[140.4753,38.9119],[140.4649,38.9177],[140.4619,38.9274],[140.4532,38.9429],[140.4564,38.9536],[140.4539,38.9636],[140.4496,38.9732],[140.4409,38.9795],[140.4354,38.9889],[140.4242,38.9894],[140.4129,38.9906],[140.4018,38.9886],[140.3916,38.9902],[140.3815,38.9921],[140.3723,39.0022],[140.3661,39.0115],[140.3638,39.0227],[140.3516,39.022],[140.3416,39.0262],[140.3324,39.0319],[140.3219,39.0277],[140.318,39.0163],[140.3088,39.012],[140.2981,39.0154],[140.2913,39.0244],[140.2812,39.0274],[140.2708,39.0283],[140.2593,39.0294],[140.2488,39.0279],[140.2374,39.0246],[140.2257,39.0269],[140.2159,39.0298],[140.2043,39.0333],[140.205,39.0444],[140.205,39.0558],[140.1952,39.0581],[140.185,39.0553],[140.1752,39.0495],[140.1643,39.0506],[140.1525,39.0493],[140.1469,39.0586],[140.1354,39.0607],[140.12,39.0692],[140.1121,39.077],[140.1014,39.0809],[140.091,39.0821],[140.0761,39.0843],[140.0697,39.0981],[140.0649,39.111],[140.0658,39.1307],[140.0161,39.1211],[140.0007,39.1129],[139.9972,39.1029],[139.9865,39.1055],[139.9488,39.1099],[139.9269,39.1131],[139.9063,39.1158],[139.875,39.1185],[139.8753,39.1188],[139.8804,39.1199],[139.8829,39.1226],[139.8881,39.1327],[139.8866,39.1404],[139.888,39.1495],[139.897,39.1541],[139.9036,39.1646],[139.9082,39.1794],[139.911,39.1888],[139.9102,39.1942],[139.9071,39.1976],[139.8979,39.2022],[139.8964,39.2096],[139.9163,39.2451],[139.9181,39.2551],[139.9147,39.2633],[139.9155,39.2697],[139.9215,39.2808],[139.9276,39.2855],[139.9371,39.2886],[139.9426,39.2907],[139.9657,39.2922],[139.9753,39.2982],[140,39.3412],[140.0144,39.3664],[140.0207,39.3869],[140.0362,39.436],[140.0525,39.5101],[140.0542,39.5179],[140.0605,39.5752],[140.0642,39.5868],[140.0668,39.6082],[140.0684,39.6351],[140.0697,39.6554],[140.0686,39.6802],[140.0703,39.6833],[140.0682,39.6889],[140.0616,39.7351],[140.0569,39.7463],[140.0564,39.7519],[140.0591,39.7535],[140.0582,39.7565],[140.0524,39.7595],[140.0434,39.7862],[140.0371,39.8051],[140.0381,39.8097],[140.0207,39.8384],[140,39.858],[139.9686,39.8877],[139.965,39.8934],[139.9574,39.8977],[139.9536,39.8922],[139.9491,39.8919],[139.925,39.8983],[139.9138,39.8986],[139.9117,39.8974],[139.905,39.8978],[139.8922,39.894],[139.8814,39.8944],[139.8659,39.8921],[139.8628,39.8901],[139.8576,39.8808],[139.8571,39.8752],[139.849,39.8692],[139.8541,39.8678],[139.8617,39.8697],[139.8652,39.8694],[139.8662,39.8679],[139.8574,39.8642],[139.8345,39.8635],[139.8216,39.8534],[139.8152,39.8534],[139.8143,39.8538],[139.7993,39.8619],[139.7831,39.8627],[139.7776,39.8605],[139.7703,39.8603],[139.7628,39.8542],[139.7565,39.8523],[139.7469,39.8675],[139.7452,39.8798],[139.7383,39.897],[139.7393,39.9008],[139.7348,39.904],[139.73,39.9045],[139.7278,39.9033],[139.7226,39.9082],[139.7182,39.9145],[139.7116,39.9241],[139.7078,39.9323],[139.7094,39.9375],[139.7036,39.9413],[139.7081,39.9454],[139.7173,39.945],[139.7215,39.9428],[139.7243,39.9471],[139.7225,39.9538],[139.7164,39.9579],[139.713,39.9542],[139.7098,39.9556],[139.7026,39.9707],[139.6981,39.9748],[139.7018,39.9797],[139.6977,39.9904],[139.7037,40],[139.7192,40],[139.7212,39.9976],[139.7174,39.9912],[139.7234,39.9836],[139.7386,39.9799],[139.7474,39.9753],[139.7742,39.9697],[139.7864,39.9636],[139.7915,39.963],[139.8006,39.9553],[139.8082,39.9541],[139.8235,39.9595],[139.8341,39.9603],[139.8356,39.9609],[139.8401,39.9629],[139.8606,39.9745],[139.8915,39.9956],[139.8987,40],[139.9267,40.031],[139.943,40.0523],[139.9675,40.0956],[139.9735,40.1062],[139.9837,40.1285],[139.9967,40.1659],[140,40.1777],[140.0055,40.1976],[140.0085,40.2168],[140.0112,40.2245],[140.0165,40.2327],[140.0202,40.2444],[140.0292,40.3017],[140.0285,40.354],[140.0217,40.3587],[140.0162,40.369],[140.0115,40.3723],[140,40.3756],[139.9918,40.3779],[139.9871,40.3835],[139.9855,40.3931],[139.9748,40.3959],[139.9668,40.403],[139.9641,40.4054],[139.9534,40.4073],[139.9517,40.4135],[139.9432,40.425],[139.9445,40.4268],[139.9511,40.4284],[139.9621,40.432],[139.9711,40.4263],[139.9817,40.4254],[140.0,40.4315],[140.0099,40.4247],[140.0197,40.4186],[140.0255,40.4294],[140.0258,40.4406],[140.0328,40.4525],[140.042,40.4582],[140.0527,40.4586],[140.0614,40.4646],[140.0718,40.4661],[140.0818,40.4642],[140.0909,40.4596],[140.0995,40.4536],[140.1032,40.4431],[140.1104,40.4345],[140.125,40.4338],[140.1355,40.4354],[140.1508,40.4354],[140.1637,40.436],[140.1747,40.4355],[140.1854,40.4395],[140.1952,40.4342],[140.2057,40.4334],[140.2162,40.4324],[140.2267,40.4288],[140.2368,40.4323],[140.2514,40.4378],[140.2621,40.4386],[140.274,40.4394],[140.2842,40.443],[140.2952,40.4436],[140.3058,40.44],[140.3162,40.4343],[140.3261,40.4366],[140.3386,40.4367],[140.3453,40.4442],[140.3471,40.4541],[140.3571,40.4681],[140.3642,40.4753],[140.375,40.4737],[140.3853,40.4775],[140.3947,40.4825],[140.4022,40.475],[140.4141,40.4735],[140.4306,40.4797],[140.4408,40.4756],[140.4368,40.4662],[140.4404,40.4567],[140.4441,40.4471],[140.4534,40.4512],[140.4634,40.4536],[140.4746,40.4508],[140.4847,40.4471],[140.4892,40.4379],[140.5,40.4338],[140.51,40.4269],[140.5213,40.4275],[140.5323,40.4283],[140.5331,40.4176],[140.5432,40.401],[140.5533,40.3992],[140.5638,40.4078],[140.5576,40.4166],[140.5652,40.4238],[140.5754,40.4236],[140.5856,40.4273],[140.5941,40.4336],[140.6048,40.4288],[140.6134,40.4222],[140.625,40.4211],[140.6384,40.4073],[140.6472,40.4009],[140.6575,40.401],[140.6682,40.4049],[140.6794,40.4101],[140.6911,40.4166],[140.6977,40.4253],[140.708,40.4249],[140.7189,40.4249],[140.7362,40.4271],[140.739,40.4371],[140.756,40.4362],[140.7636,40.4442],[140.7728,40.4511],[140.7905,40.4543],[140.7982,40.4468],[140.8087,40.4473],[140.8114,40.4587],[140.8134,40.4698],[140.8145,40.4808],[140.8208,40.4891],[140.8309,40.4935],[140.8419,40.5008],[140.8521,40.5046],[140.8625,40.5038],[140.8833,40.5079]]]]}},{"type":"Feature","properties":{"name":"岩手県"},"geometry":{"type":"MultiPolygon","coordinates":[[[[141.686,40.4496],[141.6898,40.4485],[141.7005,40.4331],[141.7078,40.4288],[141.7143,40.4195],[141.7236,40.4131],[141.7289,40.4038],[141.7303,40.3949],[141.7609,40.3641],[141.7649,40.3524],[141.7708,40.3497],[141.7782,40.3417],[141.7844,40.3182],[141.7898,40.3128],[141.7935,40.3098],[141.7957,40.3035],[141.799,40.2999],[141.8022,40.2965],[141.802,40.2906],[141.8052,40.2891],[141.8151,40.2767],[141.8157,40.2698],[141.8253,40.2575],[141.8259,40.2513],[141.8381,40.2359],[141.8404,40.2216],[141.8438,40.2167],[141.841,40.2147],[141.8313,40.2173],[141.8226,40.2168],[141.8168,40.2142],[141.8114,40.205],[141.8082,40.1927],[141.8092,40.1835],[141.8124,40.1805],[141.8204,40.1807],[141.8387,40.1764],[141.8514,40.1662],[141.8596,40.1639],[141.8636,40.1608],[141.8661,40.1553],[141.8731,40.1485],[141.8812,40.1407],[141.8822,40.1363],[141.8753,40.129],[141.8714,40.1275],[141.8551,40.1286],[141.8493,40.1267],[141.8438,40.1227],[141.8422,40.114],[141.8377,40.1121],[141.8333,40.1008],[141.8337,40.096],[141.8396,40.0869],[141.8366,40.0817],[141.8377,40.0785],[141.8461,40.0668],[141.8569,40.0558],[141.8703,40.049],[141.873,40.0492],[141.8764,40.0464],[141.8832,40.0457],[141.8889,40.0392],[141.8915,40.0309],[141.9165,40.0062],[141.9298,40.0044],[141.935,40.0061],[141.9405,40.0048],[141.9457,40.001],[141.9469,40.0039],[141.9487,40],[141.9489,39.9958],[141.9614,39.9774],[141.9583,39.9717],[141.9603,39.9652],[141.9592,39.9612],[141.9642,39.9512],[141.9621,39.9492],[141.9635,39.9465],[141.9638,39.9458],[141.9612,39.9403],[141.9514,39.9428],[141.9469,39.9401],[141.9457,39.9343],[141.941,39.9297],[141.946,39.9274],[141.9462,39.9186],[141.9531,39.9092],[141.9544,39.9],[141.9615,39.889],[141.9687,39.8842],[141.9748,39.8824],[141.9798,39.8718],[141.9823,39.8657],[141.981,39.8591],[141.9828,39.8532],[141.9789,39.8473],[141.9849,39.8372],[141.9825,39.8302],[141.9852,39.8255],[141.9901,39.8262],[141.9935,39.8244],[141.9949,39.821],[141.9936,39.8142],[141.9899,39.8083],[141.9879,39.799],[141.9916,39.7938],[141.9891,39.7847],[141.9968,39.7834],[141.9977,39.7763],[142.0044,39.7756],[142.0094,39.7706],[141.9998,39.7676],[141.9968,39.7638],[141.9955,39.7561],[141.9972,39.7538],[142.0072,39.7504],[142.0102,39.7472],[142.0006,39.7449],[141.9875,39.7306],[141.9732,39.727],[141.9843,39.7234],[141.9877,39.7183],[141.9886,39.7116],[141.9869,39.7065],[141.9809,39.7021],[141.9732,39.688],[141.9929,39.6877],[141.9942,39.6838],[141.9906,39.674],[141.9846,39.6692],[141.9754,39.6538],[141.9769,39.6518],[141.9844,39.6509],[141.9859,39.6485],[141.9829,39.641],[141.9764,39.6389],[141.9752,39.6386],[141.9676,39.6332],[141.9678,39.6166],[141.9659,39.6093],[141.9618,39.6037],[141.9525,39.5982],[141.9503,39.5943],[141.9509,39.591],[141.9549,39.5862],[141.9983,39.632],[142.0127,39.6472],[142.0213,39.6542],[142.0284,39.6557],[142.0309,39.6448],[142.0293,39.634],[142.0261,39.6266],[142.0266,39.6179],[142.0287,39.6136],[142.0332,39.6126],[142.0378,39.6091],[142.036,39.6062],[142.0318,39.6041],[142.0302,39.6],[142.0342,39.5927],[142.0306,39.5793],[142.0352,39.5735],[142.0576,39.5724],[142.0598,39.5689],[142.0592,39.561],[142.0626,39.5597],[142.0665,39.561],[142.0702,39.5604],[142.0729,39.5569],[142.0742,39.5521],[142.0715,39.5405],[142.0686,39.5342],[142.0641,39.5304],[142.0559,39.5297],[142.056,39.5272],[142.0612,39.5243],[142.0616,39.5222],[142.0562,39.522],[142.0461,39.527],[142.0399,39.5281],[142.0369,39.5265],[142.0307,39.5094],[142.0292,39.5054],[142.0167,39.4959],[142.0137,39.4908],[142.0162,39.4769],[142.0145,39.4758],[142.0024,39.4798],[141.9947,39.4803],[141.9738,39.4783],[141.9677,39.475],[141.961,39.4747],[141.9562,39.4719],[141.9562,39.4638],[141.9609,39.4621],[141.9626,39.4592],[141.9613,39.4488],[141.9688,39.4487],[141.9755,39.4441],[141.9791,39.4416],[141.99,39.4513],[142.0003,39.4522],[142.0047,39.4539],[142.0105,39.4611],[142.0191,39.4687],[142.0266,39.4713],[142.0327,39.4788],[142.0423,39.4811],[142.0536,39.481],[142.0546,39.4762],[142.0612,39.4703],[142.0623,39.4673],[142.0502,39.4478],[142.0436,39.446],[142.0424,39.4431],[142.0426,39.442],[142.0446,39.4334],[142.0425,39.4222],[142.035,39.4155],[142.0294,39.4157],[142.0196,39.4249],[142.0132,39.4262],[142.0139,39.4164],[142.0113,39.4133],[142.0008,39.4092],[141.9905,39.4084],[141.9847,39.4096],[141.9847,39.4132],[141.9881,39.4168],[141.9883,39.4193],[141.9846,39.4236],[141.9788,39.4249],[141.9767,39.4179],[141.966,39.4085],[141.9421,39.3874],[141.9404,39.3821],[141.9498,39.3715],[141.9571,39.3758],[141.9699,39.3784],[141.9707,39.3739],[141.9684,39.3684],[141.963,39.3632],[141.9614,39.3566],[141.9561,39.3531],[141.9377,39.3507],[141.9248,39.3554],[141.9154,39.3545],[141.9122,39.3543],[141.9174,39.3484],[141.9163,39.3447],[141.9072,39.3411],[141.903,39.3375],[141.9034,39.3275],[141.9054,39.3262],[141.9156,39.3262],[141.9232,39.3315],[141.936,39.3337],[141.9446,39.3308],[141.9566,39.3401],[141.9633,39.3413],[141.9663,39.341],[141.9696,39.3383],[141.9774,39.3395],[141.9832,39.3453],[141.9986,39.3505],[142.0025,39.3498],[142.0039,39.3496],[141.9944,39.3444],[141.9807,39.3318],[141.9795,39.3183],[141.9742,39.3156],[141.9693,39.3142],[141.9508,39.3151],[141.9424,39.3092],[141.9282,39.3094],[141.9182,39.3042],[141.9139,39.3043],[141.9085,39.3083],[141.9058,39.3086],[141.9002,39.3045],[141.8938,39.3056],[141.8918,39.303],[141.8943,39.3001],[141.8998,39.2995],[141.9081,39.2985],[141.913,39.2954],[141.9084,39.2914],[141.9158,39.2895],[141.9188,39.2864],[141.9299,39.2874],[141.9309,39.2832],[141.928,39.2789],[141.9323,39.2723],[141.9324,39.2687],[141.9303,39.2659],[141.9202,39.2707],[141.9147,39.2695],[141.908,39.2729],[141.8994,39.2736],[141.8912,39.2704],[141.8974,39.2637],[141.9027,39.2616],[141.9039,39.2559],[141.9028,39.2527],[141.8951,39.2526],[141.8928,39.2504],[141.8937,39.2478],[141.8976,39.247],[141.9176,39.2495],[141.9175,39.245],[141.9175,39.2429],[141.922,39.2389],[141.9297,39.2486],[141.9328,39.2481],[141.9376,39.2439],[141.941,39.2461],[141.9666,39.2519],[141.9756,39.2511],[141.9742,39.2495],[141.946,39.2402],[141.9467,39.2385],[141.9527,39.2364],[141.9536,39.227],[141.9573,39.2223],[141.9558,39.22],[141.95,39.2175],[141.9427,39.2239],[141.939,39.2247],[141.938,39.2243],[141.9269,39.2204],[141.9289,39.2174],[141.9206,39.2144],[141.9101,39.2058],[141.8918,39.2085],[141.8969,39.2008],[141.8936,39.1984],[141.8798,39.2044],[141.8703,39.204],[141.8754,39.1995],[141.8687,39.1948],[141.8694,39.1933],[141.8798,39.1931],[141.8845,39.1915],[141.8914,39.1855],[141.9028,39.1842],[141.9078,39.1853],[141.9218,39.1883],[141.9282,39.1874],[141.9292,39.1825],[141.9275,39.1778],[141.9208,39.1739],[141.9131,39.1661],[141.9023,39.1615],[141.8955,39.1558],[141.8908,39.1539],[141.8816,39.1519],[141.8674,39.1515],[141.8552,39.1543],[141.8475,39.1544],[141.8396,39.1493],[141.847,39.1467],[141.8597,39.1378],[141.8615,39.1365],[141.876,39.129],[141.8723,39.1254],[141.8759,39.1194],[141.8835,39.1175],[141.9027,39.1194],[141.9071,39.1182],[141.9118,39.1119],[141.9202,39.1091],[141.9245,39.1053],[141.9222,39.104],[141.915,39.1039],[141.9089,39.1001],[141.899,39.0972],[141.891,39.0896],[141.8815,39.0873],[141.8772,39.0946],[141.8684,39.0966],[141.8616,39.0981],[141.8627,39.1027],[141.8552,39.105],[141.8414,39.1039],[141.8262,39.1116],[141.8171,39.1114],[141.8126,39.1091],[141.8174,39.1051],[141.8144,39.1002],[141.8203,39.0952],[141.8138,39.0911],[141.8186,39.0859],[141.8247,39.0861],[141.8239,39.0811],[141.8262,39.0762],[141.8405,39.0773],[141.8604,39.0718],[141.8617,39.0714],[141.8727,39.072],[141.8755,39.0702],[141.8745,39.0627],[141.8701,39.06],[141.8606,39.0581],[141.8247,39.0577],[141.8187,39.0558],[141.8193,39.0527],[141.8219,39.0509],[141.8269,39.0501],[141.8518,39.0389],[141.8543,39.0323],[141.8529,39.0275],[141.8493,39.0248],[141.8328,39.0253],[141.8269,39.0255],[141.816,39.023],[141.7993,39.0255],[141.7987,39.0395],[141.7952,39.0393],[141.7896,39.0355],[141.7834,39.0266],[141.7804,39.0259],[141.7764,39.03],[141.7722,39.0308],[141.7694,39.0297],[141.7667,39.0252],[141.7585,39.0178],[141.7511,39.0189],[141.7468,39.0228],[141.7362,39.0208],[141.7285,39.0255],[141.7353,39.0308],[141.7325,39.0338],[141.7387,39.0378],[141.7391,39.0403],[141.7363,39.0462],[141.7367,39.0568],[141.7349,39.0652],[141.73,39.069],[141.7232,39.0703],[141.7269,39.0616],[141.723,39.0561],[141.7276,39.0441],[141.7253,39.0377],[141.7205,39.0291],[141.7264,39.017],[141.7341,39.0121],[141.7468,38.9947],[141.7471,38.9903],[141.7448,38.985],[141.7375,38.9873],[141.7318,38.9863],[141.7293,38.9883],[141.7263,38.9872],[141.7198,38.9939],[141.7153,38.9947],[141.714,38.9916],[141.7189,38.9801],[141.7159,38.9786],[141.7112,38.9815],[141.7087,38.9749],[141.7025,38.9737],[141.7004,38.9712],[141.699,38.9695],[141.703,38.9653],[141.7075,38.9645],[141.7142,38.9693],[141.7189,38.9683],[141.727,38.9533],[141.7301,38.9509],[141.7276,38.9491],[141.7204,38.9503],[141.7156,38.9494],[141.7134,38.9453],[141.7099,38.944],[141.7066,38.9395],[141.7024,38.9393],[141.6987,38.9446],[141.6908,38.9462],[141.6959,38.951],[141.689,38.9557],[141.6871,38.9637],[141.6807,38.9699],[141.6768,38.9709],[141.6687,38.9765],[141.6681,38.9792],[141.6677,38.9809],[141.6693,38.9892],[141.673,38.9897],[141.6784,38.9938],[141.6843,38.994],[141.6889,38.9913],[141.6914,38.9921],[141.6899,38.9949],[141.6784,39.0022],[141.6713,39.0048],[141.6547,38.9958],[141.6528,38.9986],[141.6576,39.0028],[141.6551,39.0062],[141.6512,39.0074],[141.6454,39.0049],[141.6385,39.0054],[141.6313,39.0011],[141.6243,39.0037],[141.623,39.0014],[141.629,38.9941],[141.6313,38.9878],[141.6304,38.9792],[141.6347,38.9751],[141.6377,38.9694],[141.5728,38.9907],[141.562,38.9922],[141.5505,38.9931],[141.5404,38.9923],[141.5304,38.9896],[141.5208,38.9943],[141.5116,38.9991],[141.4995,38.9957],[141.4897,38.9851],[141.4873,38.975],[141.4937,38.9601],[141.4945,38.9488],[141.4928,38.9383],[141.4902,38.9274],[141.4946,38.9166],[141.4927,38.9045],[141.4835,38.8986],[141.4743,38.8926],[141.4695,38.8825],[141.4583,38.8766],[141.4556,38.8668],[141.4634,38.8565],[141.4605,38.8467],[141.4541,38.8359],[141.4565,38.8227],[141.4601,38.8128],[141.45,38.8073],[141.4382,38.8082],[141.4379,38.7796],[141.4188,38.7782],[141.4107,38.7841],[141.3999,38.7872],[141.3939,38.7953],[141.3826,38.7931],[141.375,38.8035],[141.3644,38.8059],[141.354,38.8092],[141.3444,38.8055],[141.3343,38.8097],[141.3241,38.8155],[141.3135,38.8193],[141.3106,38.8091],[141.3069,38.7991],[141.3008,38.7905],[141.2903,38.794],[141.279,38.7911],[141.268,38.7849],[141.2595,38.7674],[141.2591,38.7572],[141.2438,38.7525],[141.2327,38.7499],[141.2155,38.7499],[141.2105,38.7595],[141.2043,38.7682],[141.1951,38.7743],[141.1843,38.7809],[141.1751,38.7757],[141.1608,38.7795],[141.1504,38.782],[141.1429,38.7901],[141.1443,38.8016],[141.1352,38.8098],[141.125,38.8228],[141.119,38.8334],[141.134,38.8398],[141.1429,38.8472],[141.1491,38.8552],[141.1495,38.8659],[141.1363,38.8752],[141.125,38.8773],[141.1075,38.8769],[141.0997,38.8832],[141.0898,38.8806],[141.0794,38.8771],[141.069,38.8797],[141.0587,38.879],[141.0486,38.8755],[141.0387,38.8747],[141.0296,38.8798],[141.0191,38.8806],[141.0099,38.8763],[141.0,38.8778],[140.9876,38.8732],[140.981,38.8819],[140.9746,38.8896],[140.9686,38.8986],[140.9597,38.9055],[140.9498,38.9079],[140.94,38.9118],[140.9272,38.9166],[140.9165,38.9198],[140.9083,38.9259],[140.898,38.9245],[140.8868,38.9247],[140.875,38.9329],[140.8654,38.9386],[140.8525,38.944],[140.8434,38.9485],[140.8356,38.9565],[140.825,38.9608],[140.8147,38.9616],[140.8037,38.9591],[140.7928,38.9583],[140.7768,38.9551],[140.7778,38.9658],[140.7729,38.9752],[140.768,38.9843],[140.7726,39.0007],[140.7827,39.0065],[140.7912,39.0196],[140.798,39.0281],[140.7976,39.0391],[140.8051,39.0469],[140.8128,39.0551],[140.803,39.0594],[140.8055,39.0708],[140.7962,39.0745],[140.786,39.078],[140.7755,39.0758],[140.7659,39.0786],[140.7562,39.0857],[140.7599,39.0952],[140.766,39.105],[140.7641,39.1155],[140.7704,39.1241],[140.7566,39.1329],[140.768,39.1481],[140.7742,39.1565],[140.7806,39.1657],[140.7912,39.1674],[140.8007,39.1734],[140.8112,39.1777],[140.8013,39.1866],[140.7902,39.187],[140.7786,39.1914],[140.7682,39.1952],[140.7694,39.2064],[140.7725,39.2159],[140.7816,39.2207],[140.7898,39.2278],[140.7853,39.2369],[140.7766,39.2435],[140.759,39.2541],[140.75,39.259],[140.7398,39.2637],[140.7284,39.2675],[140.7202,39.2749],[140.7205,39.2855],[140.7119,39.2943],[140.7016,39.297],[140.7005,39.307],[140.6999,39.3182],[140.7093,39.3333],[140.7017,39.3418],[140.6921,39.3459],[140.6943,39.3559],[140.6837,39.3619],[140.6816,39.3718],[140.6791,39.3827],[140.6593,39.3862],[140.6617,39.3967],[140.662,39.4119],[140.6724,39.4142],[140.6849,39.4166],[140.6887,39.4267],[140.6865,39.4383],[140.6825,39.4484],[140.6895,39.4566],[140.7068,39.4676],[140.7157,39.4729],[140.7222,39.4819],[140.7167,39.4912],[140.7218,39.4999],[140.7275,39.5082],[140.7317,39.5176],[140.7414,39.5229],[140.7442,39.5346],[140.7397,39.5463],[140.7307,39.5533],[140.7337,39.5629],[140.7458,39.5637],[140.7552,39.5674],[140.762,39.575],[140.7737,39.5858],[140.7827,39.5909],[140.786,39.6012],[140.7995,39.6002],[140.8068,39.6073],[140.8079,39.618],[140.8106,39.6289],[140.8175,39.6391],[140.8255,39.6468],[140.8251,39.6574],[140.8248,39.6684],[140.8224,39.6786],[140.819,39.6891],[140.8133,39.6983],[140.8078,39.7078],[140.7974,39.7068],[140.7926,39.716],[140.7867,39.7243],[140.7853,39.7351],[140.7954,39.7365],[140.8052,39.7407],[140.8143,39.7566],[140.8209,39.7643],[140.8288,39.7718],[140.837,39.7777],[140.8444,39.7864],[140.8469,39.7982],[140.8382,39.8038],[140.8273,39.809],[140.8176,39.8141],[140.8067,39.8124],[140.7981,39.818],[140.7899,39.8239],[140.7891,39.8341],[140.7913,39.8439],[140.7894,39.8549],[140.7864,39.8655],[140.7958,39.8718],[140.8038,39.8784],[140.8191,39.8777],[140.8278,39.8831],[140.8374,39.8783],[140.8452,39.8715],[140.8528,39.8644],[140.8639,39.8677],[140.8813,39.8716],[140.8824,39.8826],[140.875,39.8939],[140.8717,39.9046],[140.8632,39.9166],[140.8611,39.9266],[140.8562,39.9359],[140.8609,39.9498],[140.8514,39.9563],[140.8499,39.9694],[140.8516,39.9828],[140.854,39.9926],[140.8524,40.0052],[140.8591,40.013],[140.8552,40.0226],[140.8579,40.0335],[140.8586,40.0441],[140.8545,40.054],[140.8505,40.0636],[140.8523,40.0741],[140.8681,40.0833],[140.8788,40.092],[140.881,40.1022],[140.8826,40.1122],[140.875,40.1229],[140.875,40.1349],[140.8809,40.1434],[140.8862,40.1528],[140.875,40.1571],[140.8661,40.1717],[140.8815,40.1785],[140.8899,40.185],[140.8931,40.1977],[140.902,40.2054],[140.9073,40.2148],[140.9162,40.2204],[140.9266,40.2228],[140.938,40.2233],[140.9449,40.2324],[140.9472,40.2423],[140.9584,40.2456],[140.9668,40.2379],[140.9729,40.2266],[140.9817,40.2193],[140.9918,40.2192],[141.0091,40.2152],[141.0194,40.2163],[141.0296,40.2188],[141.0388,40.2251],[141.0507,40.2301],[141.0607,40.2304],[141.0726,40.2393],[141.0802,40.2491],[141.0921,40.2501],[141.1037,40.25],[141.1132,40.2586],[141.1058,40.2778],[141.1154,40.2815],[141.1342,40.2913],[141.1433,40.2974],[141.1534,40.298],[141.1652,40.3035],[141.1798,40.3071],[141.1909,40.3049],[141.2009,40.305],[141.2105,40.3099],[141.2206,40.3121],[141.2271,40.3203],[141.2357,40.3255],[141.25,40.3362],[141.2605,40.3387],[141.2679,40.3471],[141.2784,40.3422],[141.2889,40.3453],[141.2958,40.3536],[141.3014,40.3628],[141.3202,40.3698],[141.3285,40.3628],[141.338,40.3587],[141.3398,40.3475],[141.3467,40.3391],[141.3546,40.328],[141.3649,40.3322],[141.375,40.3379],[141.385,40.3393],[141.3968,40.358],[141.4058,40.363],[141.4122,40.355],[141.422,40.3604],[141.4328,40.3646],[141.4419,40.3707],[141.4535,40.371],[141.4655,40.372],[141.4762,40.3741],[141.487,40.3715],[141.4957,40.3665],[141.5094,40.3599],[141.5167,40.3527],[141.5274,40.3484],[141.5393,40.3443],[141.5497,40.3491],[141.5668,40.3585],[141.5758,40.3653],[141.5846,40.3709],[141.5864,40.3821],[141.5846,40.3926],[141.59,40.4032],[141.5993,40.4093],[141.6099,40.4112],[141.625,40.4179],[141.6386,40.4189],[141.6479,40.4233],[141.6607,40.4271],[141.6706,40.4327],[141.686,40.4496]]]]}},{"type":"Feature","properties":{"name":"山形県"},"geometry":{"type":"MultiPolygon","coordinates":[[[[140.0658,39.1307],[140.0649,39.111],[140.0697,39.0981],[140.0761,39.0843],[140.091,39.0821],[140.1014,39.0809],[140.1121,39.077],[140.12,39.0692],[140.1354,39.0607],[140.1469,39.0586],[140.1525,39.0493],[140.1643,39.0506],[140.1752,39.0495],[140.185,39.0553],[140.1952,39.0581],[140.205,39.0558],[140.205,39.0444],[140.2043,39.0333],[140.2159,39.0298],[140.2257,39.0269],[140.2374,39.0246],[140.2488,39.0279],[140.2593,39.0294],[140.2708,39.0283],[140.2812,39.0274],[140.2913,39.0244],[140.2981,39.0154],[140.3088,39.012],[140.318,39.0163],[140.3219,39.0277],[140.3324,39.0319],[140.3416,39.0262],[140.3516,39.022],[140.3638,39.0227],[140.3661,39.0115],[140.3723,39.0022],[140.3815,38.9921],[140.3916,38.9902],[140.4018,38.9886],[140.4129,38.9906],[140.4242,38.9894],[140.4354,38.9889],[140.4409,38.9795],[140.4496,38.9732],[140.4539,38.9636],[140.4564,38.9536],[140.4532,38.9429],[140.4619,38.9274],[140.4649,38.9177],[140.4753,38.9119],[140.4863,38.9129],[140.4944,38.9046],[140.5088,38.8921],[140.5202,38.8972],[140.5303,38.8948],[140.5421,38.8966],[140.5545,38.8789],[140.543,38.8648],[140.5516,38.8578],[140.56,38.8522],[140.5689,38.8451],[140.5793,38.8383],[140.5895,38.8336],[140.597,38.8246],[140.6028,38.8157],[140.6004,38.8051],[140.602,38.7941],[140.6064,38.7823],[140.6158,38.779],[140.625,38.7727],[140.6424,38.7737],[140.6484,38.7645],[140.6396,38.7592],[140.635,38.75],[140.625,38.7371],[140.614,38.7208],[140.6109,38.7098],[140.6144,38.6989],[140.6249,38.6973],[140.625,38.682],[140.6202,38.6681],[140.6124,38.656],[140.6091,38.6455],[140.6032,38.6364],[140.5938,38.6312],[140.5831,38.6326],[140.5728,38.6353],[140.5666,38.6448],[140.5499,38.6467],[140.5447,38.6377],[140.5458,38.6264],[140.5519,38.6172],[140.5577,38.6091],[140.5656,38.602],[140.5696,38.5917],[140.5754,38.5833],[140.5774,38.573],[140.577,38.562],[140.5732,38.5519],[140.5676,38.5425],[140.5579,38.5362],[140.5626,38.5263],[140.5723,38.5201],[140.5691,38.5101],[140.5713,38.4999],[140.5795,38.4912],[140.5901,38.4876],[140.6016,38.4842],[140.6064,38.4749],[140.6118,38.4662],[140.6116,38.4561],[140.6231,38.4523],[140.6089,38.4412],[140.6003,38.434],[140.59,38.4381],[140.5849,38.4294],[140.5816,38.4193],[140.5765,38.4023],[140.5805,38.3923],[140.5743,38.3842],[140.5654,38.3743],[140.5553,38.373],[140.5505,38.364],[140.5407,38.3594],[140.5311,38.3558],[140.5253,38.3467],[140.5271,38.3367],[140.5333,38.3227],[140.5272,38.3136],[140.5158,38.3081],[140.5061,38.3028],[140.4959,38.2908],[140.5004,38.2804],[140.4926,38.2727],[140.4798,38.2697],[140.4757,38.2599],[140.4725,38.2398],[140.4715,38.229],[140.4775,38.2205],[140.4743,38.2103],[140.4784,38.2002],[140.4819,38.1908],[140.4835,38.18],[140.4772,38.1721],[140.4725,38.1632],[140.4686,38.1533],[140.4581,38.1492],[140.4492,38.1407],[140.4481,38.1282],[140.4357,38.1244],[140.4272,38.1167],[140.4243,38.1059],[140.4223,38.0957],[140.4245,38.0856],[140.4177,38.0757],[140.4074,38.0703],[140.3971,38.067],[140.3861,38.0683],[140.3829,38.0588],[140.3675,38.0536],[140.3569,38.0549],[140.3456,38.0518],[140.3348,38.0531],[140.3219,38.0527],[140.3116,38.0548],[140.3016,38.0532],[140.2914,38.0563],[140.2804,38.0531],[140.2856,38.0438],[140.279,38.0329],[140.2835,38.023],[140.2867,38.0132],[140.2921,38.0047],[140.2841,37.9947],[140.2793,37.984],[140.2833,37.9737],[140.2753,37.9647],[140.2769,37.9539],[140.2811,37.942],[140.2822,37.9316],[140.2776,37.9209],[140.2679,37.905],[140.2707,37.8944],[140.2707,37.8835],[140.2719,37.8729],[140.2729,37.8622],[140.269,37.8522],[140.2696,37.8419],[140.2702,37.8243],[140.2792,37.8177],[140.2881,37.8126],[140.2979,37.8079],[140.2937,37.7985],[140.2853,37.7919],[140.2808,37.7824],[140.2716,37.7774],[140.2651,37.7694],[140.2578,37.7614],[140.2442,37.7508],[140.2303,37.7431],[140.2201,37.744],[140.2,37.7501],[140.1871,37.7523],[140.1751,37.7529],[140.1643,37.7535],[140.1539,37.7502],[140.1465,37.742],[140.1375,37.7357],[140.1267,37.7309],[140.1149,37.7335],[140.1048,37.7357],[140.0938,37.75],[140.0841,37.7533],[140.0735,37.7547],[140.0685,37.7645],[140.0585,37.7678],[140.0522,37.7759],[140.0439,37.7672],[140.0342,37.7648],[140.0238,37.7607],[140.0138,37.7607],[140.0029,37.7577],[139.9898,37.7576],[139.9815,37.766],[139.9751,37.7751],[139.972,37.7856],[139.9632,37.7931],[139.9652,37.803],[139.9577,37.8129],[139.9483,37.8165],[139.9406,37.8251],[139.9312,37.8186],[139.9238,37.8109],[139.9132,37.8113],[139.9029,37.8083],[139.8918,37.8079],[139.8798,37.8103],[139.8708,37.8189],[139.8611,37.8235],[139.8506,37.8174],[139.8421,37.812],[139.8319,37.8107],[139.822,37.8067],[139.8134,37.8003],[139.8067,37.8087],[139.798,37.815],[139.7913,37.824],[139.7816,37.8276],[139.7712,37.8254],[139.7598,37.8201],[139.7413,37.8202],[139.7305,37.8322],[139.7226,37.8398],[139.7187,37.8513],[139.7065,37.8505],[139.6962,37.8459],[139.6823,37.8487],[139.6724,37.8537],[139.6629,37.8587],[139.6584,37.8695],[139.6481,37.8752],[139.6389,37.8827],[139.6353,37.896],[139.6296,37.9052],[139.6335,37.9231],[139.6409,37.9306],[139.644,37.9409],[139.644,37.951],[139.6478,37.9619],[139.6438,37.9714],[139.6426,37.9825],[139.6481,37.9925],[139.6559,38.0],[139.6576,38.0113],[139.6571,38.0225],[139.6593,38.0324],[139.669,38.0368],[139.6791,38.0382],[139.6856,38.0466],[139.6944,38.0529],[139.6926,38.0678],[139.6766,38.0834],[139.6811,38.0976],[139.6889,38.1072],[139.6937,38.1162],[139.6923,38.1264],[139.6938,38.138],[139.6939,38.1483],[139.6881,38.1565],[139.6856,38.1686],[139.6912,38.1793],[139.6993,38.1852],[139.7042,38.1939],[139.7118,38.2015],[139.7236,38.2016],[139.7338,38.1981],[139.7443,38.1974],[139.7566,38.1908],[139.7674,38.196],[139.7794,38.1952],[139.792,38.1928],[139.8011,38.1987],[139.8107,38.205],[139.8211,38.2096],[139.8298,38.2147],[139.8405,38.2191],[139.8509,38.2222],[139.8616,38.2271],[139.8678,38.2373],[139.879,38.2526],[139.8846,38.2613],[139.8938,38.267],[139.9021,38.28],[139.9014,38.2907],[139.8917,38.2981],[139.8824,38.304],[139.8783,38.3139],[139.8684,38.3227],[139.8605,38.3291],[139.843,38.3399],[139.8324,38.3414],[139.8238,38.3488],[139.8131,38.3526],[139.8029,38.3494],[139.7925,38.3472],[139.7829,38.3503],[139.7725,38.3517],[139.7636,38.3582],[139.7495,38.359],[139.741,38.3652],[139.7335,38.3721],[139.731,38.3826],[139.7224,38.3893],[139.7134,38.3836],[139.7079,38.3937],[139.7089,38.4042],[139.7186,38.4173],[139.7216,38.4269],[139.7215,38.4385],[139.7232,38.4484],[139.7185,38.4576],[139.7165,38.4677],[139.721,38.4773],[139.729,38.4838],[139.7166,38.4955],[139.704,38.5],[139.6874,38.5028],[139.6767,38.5038],[139.6656,38.5055],[139.6534,38.5051],[139.6416,38.5083],[139.6354,38.5168],[139.625,38.5223],[139.615,38.5214],[139.605,38.5198],[139.5945,38.526],[139.5848,38.5306],[139.5752,38.5358],[139.5661,38.54],[139.5509,38.5451],[139.5484,38.5505],[139.5438,38.5538],[139.5392,38.5522],[139.5383,38.5558],[139.5419,38.5617],[139.548,38.5691],[139.5526,38.5692],[139.5549,38.5754],[139.5612,38.5817],[139.5706,38.5982],[139.5773,38.6056],[139.5802,38.613],[139.5889,38.6189],[139.5886,38.6249],[139.5963,38.6331],[139.5989,38.6443],[139.6041,38.6494],[139.6045,38.6544],[139.6059,38.656],[139.6232,38.6771],[139.6314,38.6838],[139.6399,38.6842],[139.6495,38.6909],[139.6545,38.6972],[139.6621,38.7012],[139.6667,38.709],[139.6749,38.7157],[139.6823,38.7147],[139.685,38.7167],[139.6852,38.7219],[139.6929,38.7215],[139.6989,38.7254],[139.7078,38.7401],[139.7103,38.7443],[139.7462,38.7707],[139.7539,38.7789],[139.7609,38.7881],[139.7885,38.846],[139.7878,38.8492],[139.793,38.8574],[139.8021,38.8799],[139.8117,38.9199],[139.8152,38.9204],[139.8179,38.9143],[139.8241,38.9093],[139.8256,38.9083],[139.8291,38.9109],[139.8348,38.9112],[139.8349,38.9128],[139.8217,38.924],[139.8173,38.9256],[139.816,38.9283],[139.8278,38.9555],[139.8428,38.9775],[139.8472,38.9878],[139.8656,39.0257],[139.8694,39.0531],[139.8763,39.0658],[139.877,39.0702],[139.8743,39.0715],[139.8686,39.0742],[139.8747,39.0786],[139.8755,39.0863],[139.8815,39.0937],[139.8797,39.1041],[139.8724,39.1149],[139.875,39.1185],[139.9063,39.1158],[139.9269,39.1131],[139.9488,39.1099],[139.9865,39.1055],[139.9972,39.1029],[140.0007,39.1129],[140.0161,39.1211],[140.0658,39.1307]]]]}},{"type":"Feature","properties":{"name":"宮城県"},"geometry":{"type":"MultiPolygon","coordinates":[[[[141.4873,38.975],[141.4897,38.9851],[141.4995,38.9957],[141.5116,38.9991],[141.5208,38.9943],[141.5304,38.9896],[141.5404,38.9923],[141.5505,38.9931],[141.562,38.9922],[141.5728,38.9907],[141.6377,38.9694],[141.6454,38.9545],[141.6383,38.9554],[141.6381,38.9522],[141.6416,38.9492],[141.6441,38.9418],[141.6499,38.9447],[141.6503,38.9436],[141.6501,38.9397],[141.6456,38.9361],[141.6454,38.9333],[141.6453,38.9319],[141.6398,38.9294],[141.6405,38.928],[141.6447,38.9272],[141.6476,38.9227],[141.652,38.9233],[141.6543,38.9145],[141.6519,38.91],[141.6554,38.9065],[141.6553,38.9009],[141.6643,38.8957],[141.6691,38.8907],[141.6705,38.8874],[141.6647,38.8844],[141.6687,38.8801],[141.6672,38.8781],[141.673,38.8729],[141.6776,38.8654],[141.6794,38.8599],[141.676,38.8535],[141.6721,38.8543],[141.6673,38.8595],[141.6642,38.8571],[141.6614,38.8579],[141.6561,38.8642],[141.6421,38.8812],[141.6405,38.8864],[141.6382,38.8876],[141.6374,38.8924],[141.6407,38.901],[141.6372,38.9016],[141.6328,38.8993],[141.631,38.8958],[141.6251,38.8956],[141.6267,38.8916],[141.6303,38.8895],[141.6203,38.8876],[141.6154,38.881],[141.6115,38.883],[141.6081,38.8802],[141.6052,38.8807],[141.6012,38.8886],[141.5956,38.8932],[141.5916,38.8925],[141.5888,38.9076],[141.5862,38.909],[141.5836,38.906],[141.5811,38.8954],[141.583,38.8922],[141.5876,38.8893],[141.5934,38.8793],[141.5835,38.8494],[141.5891,38.8407],[141.59,38.8298],[141.5965,38.8316],[141.6052,38.8261],[141.6027,38.8247],[141.5969,38.8249],[141.5952,38.8227],[141.5917,38.8185],[141.5892,38.8208],[141.5852,38.8218],[141.5833,38.8204],[141.5794,38.81],[141.5748,38.808],[141.564,38.8099],[141.5587,38.8026],[141.5456,38.7937],[141.5328,38.7903],[141.5313,38.7899],[141.5213,38.7838],[141.52,38.7791],[141.5199,38.7659],[141.5216,38.7631],[141.5286,38.7597],[141.5336,38.7502],[141.5396,38.7489],[141.5418,38.7409],[141.552,38.734],[141.5564,38.7366],[141.5672,38.7389],[141.5694,38.7352],[141.5669,38.7297],[141.5682,38.7248],[141.5609,38.7193],[141.5612,38.7151],[141.5689,38.7106],[141.5697,38.7058],[141.5693,38.705],[141.5624,38.6879],[141.5595,38.688],[141.5572,38.6929],[141.5582,38.6973],[141.5555,38.7038],[141.5453,38.7074],[141.5385,38.7051],[141.5357,38.7109],[141.5296,38.7161],[141.5251,38.7121],[141.5275,38.7076],[141.5164,38.6841],[141.5104,38.6814],[141.5074,38.6844],[141.5024,38.6852],[141.4994,38.6876],[141.4941,38.6835],[141.4961,38.6802],[141.497,38.6788],[141.4978,38.6704],[141.4948,38.6699],[141.4878,38.6726],[141.4839,38.6703],[141.4789,38.6744],[141.4756,38.6727],[141.4738,38.6694],[141.4671,38.669],[141.4654,38.6668],[141.4555,38.6699],[141.4525,38.6698],[141.4502,38.6663],[141.4523,38.6537],[141.4481,38.6445],[141.4519,38.6425],[141.4589,38.6435],[141.4665,38.6413],[141.4698,38.6437],[141.4735,38.644],[141.4769,38.6426],[141.4857,38.6427],[141.487,38.6389],[141.4955,38.6385],[141.4991,38.6409],[141.5022,38.6383],[141.5093,38.6414],[141.5253,38.6349],[141.5307,38.6349],[141.5343,38.6375],[141.5335,38.621],[141.5191,38.6026],[141.5134,38.6013],[141.5113,38.5968],[141.5063,38.5943],[141.4991,38.5852],[141.4941,38.5814],[141.4864,38.5773],[141.4801,38.5784],[141.4664,38.5747],[141.4655,38.5731],[141.4642,38.569],[141.4634,38.5613],[141.4703,38.5615],[141.4731,38.5586],[141.4773,38.5581],[141.4803,38.5592],[141.4819,38.5552],[141.4884,38.5524],[141.4912,38.5461],[141.4914,38.5333],[141.5028,38.5289],[141.5083,38.5312],[141.5166,38.5413],[141.5238,38.5381],[141.5323,38.5501],[141.5367,38.5441],[141.5365,38.541],[141.5309,38.5322],[141.539,38.5304],[141.5435,38.5213],[141.5441,38.5138],[141.5392,38.5077],[141.5385,38.504],[141.5426,38.5021],[141.5431,38.4982],[141.5385,38.4925],[141.5409,38.4876],[141.537,38.4857],[141.5256,38.4857],[141.5218,38.4881],[141.5176,38.4881],[141.5148,38.4903],[141.5165,38.4973],[141.5138,38.5043],[141.5107,38.5063],[141.4962,38.5066],[141.4845,38.5152],[141.4755,38.5164],[141.4816,38.5119],[141.4936,38.5032],[141.4982,38.4963],[141.4982,38.4836],[141.5001,38.4766],[141.4965,38.4688],[141.484,38.4647],[141.4858,38.463],[141.5015,38.4593],[141.5046,38.4543],[141.5003,38.4495],[141.5062,38.4453],[141.5091,38.445],[141.5135,38.4486],[141.5141,38.4452],[141.5104,38.441],[141.5007,38.4386],[141.4968,38.4354],[141.4912,38.4352],[141.4901,38.4344],[141.4882,38.4329],[141.4796,38.4359],[141.4675,38.4374],[141.4633,38.4424],[141.4583,38.4432],[141.4502,38.4412],[141.4619,38.4364],[141.4704,38.4248],[141.4735,38.4236],[141.4756,38.4148],[141.474,38.405],[141.4693,38.3973],[141.4732,38.3923],[141.4769,38.3926],[141.4855,38.4025],[141.4934,38.4061],[141.4991,38.4132],[141.5006,38.4151],[141.5049,38.4168],[141.508,38.415],[141.5086,38.4125],[141.5054,38.4076],[141.5086,38.3987],[141.5137,38.3964],[141.5226,38.3975],[141.5262,38.3957],[141.5382,38.4017],[141.542,38.3997],[141.5448,38.3896],[141.5425,38.3865],[141.538,38.3852],[141.5336,38.3783],[141.5273,38.3877],[141.5241,38.3883],[141.5205,38.3853],[141.5142,38.3909],[141.5097,38.3905],[141.5069,38.3841],[141.5029,38.3803],[141.4983,38.3784],[141.4923,38.3759],[141.4868,38.3755],[141.4852,38.3714],[141.4926,38.3667],[141.4957,38.37],[141.5048,38.3677],[141.5129,38.3697],[141.5184,38.3689],[141.5209,38.3669],[141.5285,38.3436],[141.5346,38.3397],[141.5278,38.3234],[141.5299,38.3194],[141.5388,38.3174],[141.541,38.3156],[141.5383,38.3053],[141.5325,38.3],[141.5307,38.2985],[141.5269,38.2886],[141.5257,38.2809],[141.5268,38.273],[141.5247,38.2691],[141.5132,38.2722],[141.5089,38.2962],[141.5043,38.2943],[141.5006,38.29],[141.4923,38.2897],[141.4915,38.2933],[141.4971,38.2977],[141.4973,38.301],[141.4909,38.3056],[141.478,38.3053],[141.4716,38.3101],[141.4676,38.3039],[141.4637,38.3052],[141.4606,38.3114],[141.4502,38.3109],[141.4482,38.3127],[141.4537,38.315],[141.4563,38.3199],[141.4623,38.3216],[141.4754,38.3327],[141.4649,38.3346],[141.4619,38.3502],[141.4597,38.3492],[141.4557,38.3402],[141.4533,38.34],[141.4519,38.3464],[141.4489,38.3496],[141.4462,38.3493],[141.4415,38.342],[141.434,38.3402],[141.4367,38.3446],[141.4314,38.3457],[141.4302,38.345],[141.4257,38.3428],[141.423,38.3464],[141.4175,38.3472],[141.4206,38.3503],[141.419,38.3539],[141.4278,38.355],[141.4272,38.359],[141.432,38.3634],[141.4389,38.3644],[141.4496,38.3702],[141.4598,38.3717],[141.4565,38.375],[141.4435,38.3749],[141.4396,38.3717],[141.4341,38.3712],[141.4401,38.38],[141.437,38.3801],[141.4294,38.3781],[141.4266,38.3747],[141.4205,38.3757],[141.4199,38.3776],[141.4251,38.3814],[141.4253,38.3845],[141.4275,38.387],[141.4339,38.3942],[141.4313,38.3951],[141.4267,38.3934],[141.4228,38.3953],[141.4202,38.3918],[141.4162,38.3915],[141.4097,38.4022],[141.4053,38.4005],[141.4011,38.3921],[141.3933,38.3847],[141.38,38.3797],[141.368,38.3823],[141.3655,38.3851],[141.3713,38.3934],[141.3699,38.4062],[141.373,38.4092],[141.3708,38.4114],[141.3636,38.4077],[141.3437,38.4107],[141.3259,38.4095],[141.3175,38.4121],[141.3013,38.41],[141.276,38.404],[141.2747,38.4051],[141.2672,38.4039],[141.2541,38.4054],[141.2472,38.4017],[141.2271,38.3966],[141.1862,38.3774],[141.182,38.3769],[141.1784,38.3744],[141.1701,38.368],[141.1619,38.3522],[141.1611,38.3648],[141.1514,38.3565],[141.1388,38.358],[141.1386,38.3699],[141.1349,38.3742],[141.126,38.3762],[141.1121,38.3821],[141.1106,38.3803],[141.1123,38.3775],[141.1221,38.3726],[141.1191,38.3712],[141.1117,38.3711],[141.1114,38.3665],[141.1096,38.3658],[141.109,38.3655],[141.106,38.3696],[141.1004,38.3729],[141.1013,38.379],[141.0979,38.3843],[141.0909,38.3881],[141.0862,38.3885],[141.0876,38.3844],[141.0957,38.3783],[141.0793,38.3751],[141.077,38.3706],[141.0705,38.3677],[141.0668,38.3631],[141.0712,38.3525],[141.0699,38.3488],[141.0649,38.3483],[141.0597,38.3403],[141.0499,38.3459],[141.047,38.3456],[141.0439,38.3419],[141.0433,38.3359],[141.0432,38.3342],[141.0453,38.3342],[141.0511,38.3379],[141.0547,38.337],[141.0554,38.3351],[141.0437,38.3288],[141.0537,38.3295],[141.0534,38.327],[141.0479,38.3236],[141.0404,38.3229],[141.0315,38.319],[141.0362,38.3176],[141.0444,38.319],[141.05,38.3181],[141.0516,38.3148],[141.0437,38.31],[141.0405,38.3057],[141.0412,38.3036],[141.0442,38.3046],[141.0489,38.3094],[141.0564,38.3064],[141.0582,38.3089],[141.0554,38.3117],[141.0582,38.3137],[141.0651,38.3143],[141.0697,38.3203],[141.0702,38.321],[141.0766,38.316],[141.0844,38.3182],[141.0859,38.3177],[141.083,38.313],[141.0909,38.3032],[141.0969,38.3013],[141.0889,38.2913],[141.0757,38.292],[141.0681,38.2791],[141.0644,38.2778],[141.0522,38.2786],[141.0398,38.2684],[141.0352,38.2677],[141.0335,38.2695],[141.0367,38.2742],[141.036,38.2765],[141.0336,38.2766],[141.0289,38.2719],[141.0246,38.2729],[141.0226,38.2734],[141.0211,38.2701],[141.004,38.2719],[141.0009,38.2689],[141.0032,38.2661],[141.0185,38.266],[141.0197,38.2641],[141.0137,38.2577],[141.0134,38.2554],[141.0262,38.2626],[141.0289,38.2627],[141.0295,38.26],[141.0054,38.2395],[140.9856,38.2114],[140.9695,38.1823],[140.9713,38.1908],[140.9701,38.1932],[140.9668,38.1918],[140.9645,38.1831],[140.96,38.1785],[140.9563,38.1784],[140.9529,38.1785],[140.9575,38.1757],[140.9578,38.1713],[140.9524,38.1646],[140.9476,38.1633],[140.9471,38.1595],[140.949,38.1559],[140.9531,38.1576],[140.9634,38.1721],[140.9639,38.1667],[140.9505,38.1446],[140.9412,38.1182],[140.9306,38.0793],[140.9297,38.0564],[140.9279,38.0523],[140.9274,38.0481],[140.9297,38.0422],[140.9267,38.041],[140.9219,38.0441],[140.9029,38.0402],[140.8964,38.0418],[140.8953,38.04],[140.8973,38.0376],[140.9194,38.0334],[140.923,38.0359],[140.927,38.0366],[140.9205,38.0141],[140.9206,38.0042],[140.9206,38.0014],[140.918,37.9921],[140.908,37.9874],[140.9077,37.9814],[140.9167,37.9867],[140.9203,37.9859],[140.9256,37.9378],[140.9247,37.9259],[140.9284,37.9201],[140.9297,37.9065],[140.933,37.9009],[140.9362,37.8952],[140.9368,37.8912],[140.9158,37.8935],[140.9055,37.8943],[140.8962,37.8992],[140.8846,37.8947],[140.8745,37.8935],[140.8596,37.8881],[140.8637,37.8789],[140.8595,37.8695],[140.8644,37.8602],[140.8592,37.8509],[140.8575,37.8389],[140.8578,37.8216],[140.8613,37.8113],[140.861,37.8008],[140.8543,37.792],[140.842,37.7922],[140.8313,37.7928],[140.8214,37.7952],[140.811,37.7944],[140.7995,37.7967],[140.7888,37.8002],[140.7739,37.7946],[140.7902,37.7864],[140.7979,37.7789],[140.7901,37.7723],[140.7794,37.7785],[140.7636,37.7821],[140.75,37.7846],[140.7397,37.7827],[140.7288,37.7831],[140.7214,37.7914],[140.7134,37.7982],[140.6968,37.8033],[140.6896,37.8116],[140.6881,37.8221],[140.6827,37.8333],[140.6897,37.8404],[140.6943,37.8504],[140.6908,37.8619],[140.6861,37.8709],[140.6919,37.8793],[140.6855,37.8875],[140.6756,37.89],[140.6635,37.8978],[140.6506,37.8959],[140.6298,37.8962],[140.6219,37.9092],[140.6016,37.9046],[140.5907,37.9063],[140.5731,37.9174],[140.5636,37.9077],[140.5523,37.9067],[140.5413,37.9021],[140.5315,37.9038],[140.5207,37.9046],[140.5099,37.9017],[140.5,37.8971],[140.4875,37.8985],[140.4784,37.9066],[140.4729,37.9153],[140.4724,37.9254],[140.469,37.9422],[140.4569,37.9477],[140.4478,37.9539],[140.4366,37.9508],[140.4262,37.9553],[140.4149,37.9602],[140.4111,37.9699],[140.4004,37.9707],[140.3901,37.9632],[140.3893,37.9525],[140.372,37.9539],[140.36,37.955],[140.3537,37.9471],[140.3441,37.95],[140.3323,37.9549],[140.3217,37.9552],[140.3122,37.9606],[140.3036,37.9665],[140.2927,37.9694],[140.2833,37.9737],[140.2793,37.984],[140.2841,37.9947],[140.2921,38.0047],[140.2867,38.0132],[140.2835,38.023],[140.279,38.0329],[140.2856,38.0438],[140.2804,38.0531],[140.2914,38.0563],[140.3016,38.0532],[140.3116,38.0548],[140.3219,38.0527],[140.3348,38.0531],[140.3456,38.0518],[140.3569,38.0549],[140.3675,38.0536],[140.3829,38.0588],[140.3861,38.0683],[140.3971,38.067],[140.4074,38.0703],[140.4177,38.0757],[140.4245,38.0856],[140.4223,38.0957],[140.4243,38.1059],[140.4272,38.1167],[140.4357,38.1244],[140.4481,38.1282],[140.4492,38.1407],[140.4581,38.1492],[140.4686,38.1533],[140.4725,38.1632],[140.4772,38.1721],[140.4835,38.18],[140.4819,38.1908],[140.4784,38.2002],[140.4743,38.2103],[140.4775,38.2205],[140.4715,38.229],[140.4725,38.2398],[140.4757,38.2599],[140.4798,38.2697],[140.4926,38.2727],[140.5004,38.2804],[140.4959,38.2908],[140.5061,38.3028],[140.5158,38.3081],[140.5272,38.3136],[140.5333,38.3227],[140.5271,38.3367],[140.5253,38.3467],[140.5311,38.3558],[140.5407,38.3594],[140.5505,38.364],[140.5553,38.373],[140.5654,38.3743],[140.5743,38.3842],[140.5805,38.3923],[140.5765,38.4023],[140.5816,38.4193],[140.5849,38.4294],[140.59,38.4381],[140.6003,38.434],[140.6089,38.4412],[140.6231,38.4523],[140.6116,38.4561],[140.6118,38.4662],[140.6064,38.4749],[140.6016,38.4842],[140.5901,38.4876],[140.5795,38.4912],[140.5713,38.4999],[140.5691,38.5101],[140.5723,38.5201],[140.5626,38.5263],[140.5579,38.5362],[140.5676,38.5425],[140.5732,38.5519],[140.577,38.562],[140.5774,38.573],[140.5754,38.5833],[140.5696,38.5917],[140.5656,38.602],[140.5577,38.6091],[140.5519,38.6172],[140.5458,38.6264],[140.5447,38.6377],[140.5499,38.6467],[140.5666,38.6448],[140.5728,38.6353],[140.5831,38.6326],[140.5938,38.6312],[140.6032,38.6364],[140.6091,38.6455],[140.6124,38.656],[140.6202,38.6681],[140.625,38.682],[140.6249,38.6973],[140.6144,38.6989],[140.6109,38.7098],[140.614,38.7208],[140.625,38.7371],[140.635,38.75],[140.6396,38.7592],[140.6484,38.7645],[140.6424,38.7737],[140.625,38.7727],[140.6158,38.779],[140.6064,38.7823],[140.602,38.7941],[140.6004,38.8051],[140.6028,38.8157],[140.597,38.8246],[140.5895,38.8336],[140.5793,38.8383],[140.5689,38.8451],[140.56,38.8522],[140.5516,38.8578],[140.543,38.8648],[140.5545,38.8789],[140.568,38.8717],[140.5777,38.8759],[140.5888,38.8773],[140.5981,38.8833],[140.6104,38.8836],[140.6181,38.8911],[140.6354,38.8844],[140.6456,38.8839],[140.6575,38.8861],[140.6661,38.8913],[140.6753,38.8957],[140.6824,38.9053],[140.6881,38.9139],[140.6986,38.9186],[140.7185,38.9242],[140.7264,38.9316],[140.7307,38.9415],[140.7407,38.9482],[140.7595,38.9551],[140.7768,38.9551],[140.7928,38.9583],[140.8037,38.9591],[140.8147,38.9616],[140.825,38.9608],[140.8356,38.9565],[140.8434,38.9485],[140.8525,38.944],[140.8654,38.9386],[140.875,38.9329],[140.8868,38.9247],[140.898,38.9245],[140.9083,38.9259],[140.9165,38.9198],[140.9272,38.9166],[140.94,38.9118],[140.9498,38.9079],[140.9597,38.9055],[140.9686,38.8986],[140.9746,38.8896],[140.981,38.8819],[140.9876,38.8732],[141.0,38.8778],[141.0099,38.8763],[141.0191,38.8806],[141.0296,38.8798],[141.0387,38.8747],[141.0486,38.8755],[141.0587,38.879],[141.069,38.8797],[141.0794,38.8771],[141.0898,38.8806],[141.0997,38.8832],[141.1075,38.8769],[141.125,38.8773],[141.1363,38.8752],[141.1495,38.8659],[141.1491,38.8552],[141.1429,38.8472],[141.134,38.8398],[141.119,38.8334],[141.125,38.8228],[141.1352,38.8098],[141.1443,38.8016],[141.1429,38.7901],[141.1504,38.782],[141.1608,38.7795],[141.1751,38.7757],[141.1843,38.7809],[141.1951,38.7743],[141.2043,38.7682],[141.2105,38.7595],[141.2155,38.7499],[141.2327,38.7499],[141.2438,38.7525],[141.2591,38.7572],[141.2595,38.7674],[141.268,38.7849],[141.279,38.7911],[141.2903,38.794],[141.3008,38.7905],[141.3069,38.7991],[141.3106,38.8091],[141.3135,38.8193],[141.3241,38.8155],[141.3343,38.8097],[141.3444,38.8055],[141.354,38.8092],[141.3644,38.8059],[141.375,38.8035],[141.3826,38.7931],[141.3939,38.7953],[141.3999,38.7872],[141.4107,38.7841],[141.4188,38.7782],[141.4379,38.7796],[141.4382,38.8082],[141.45,38.8073],[141.4601,38.8128],[141.4565,38.8227],[141.4541,38.8359],[141.4605,38.8467],[141.4634,38.8565],[141.4556,38.8668],[141.4583,38.8766],[141.4695,38.8825],[141.4743,38.8926],[141.4835,38.8986],[141.4927,38.9045],[141.4946,38.9166],[141.4902,38.9274],[141.4928,38.9383],[141.4945,38.9488],[141.4937,38.9601],[141.4873,38.975]]]]}},{"type":"Feature","properties":{"name":"新潟県"},"geometry":{"type":"MultiPolygon","coordinates":[[[[139.625,38.5223],[139.6354,38.5168],[139.6416,38.5083],[139.6534,38.5051],[139.6656,38.5055],[139.6767,38.5038],[139.6874,38.5028],[139.704,38.5],[139.7166,38.4955],[139.729,38.4838],[139.721,38.4773],[139.7165,38.4677],[139.7185,38.4576],[139.7232,38.4484],[139.7215,38.4385],[139.7216,38.4269],[139.7186,38.4173],[139.7089,38.4042],[139.7079,38.3937],[139.7134,38.3836],[139.7224,38.3893],[139.731,38.3826],[139.7335,38.3721],[139.741,38.3652],[139.7495,38.359],[139.7636,38.3582],[139.7725,38.3517],[139.7829,38.3503],[139.7925,38.3472],[139.8029,38.3494],[139.8131,38.3526],[139.8238,38.3488],[139.8324,38.3414],[139.843,38.3399],[139.8605,38.3291],[139.8684,38.3227],[139.8783,38.3139],[139.8824,38.304],[139.8917,38.2981],[139.9014,38.2907],[139.9021,38.28],[139.8938,38.267],[139.8846,38.2613],[139.879,38.2526],[139.8678,38.2373],[139.8616,38.2271],[139.8509,38.2222],[139.8405,38.2191],[139.8298,38.2147],[139.8211,38.2096],[139.8107,38.205],[139.8011,38.1987],[139.792,38.1928],[139.7794,38.1952],[139.7674,38.196],[139.7566,38.1908],[139.7443,38.1974],[139.7338,38.1981],[139.7236,38.2016],[139.7118,38.2015],[139.7042,38.1939],[139.6993,38.1852],[139.6912,38.1793],[139.6856,38.1686],[139.6881,38.1565],[139.6939,38.1483],[139.6938,38.138],[139.6923,38.1264],[139.6937,38.1162],[139.6889,38.1072],[139.6811,38.0976],[139.6766,38.0834],[139.6926,38.0678],[139.6944,38.0529],[139.6856,38.0466],[139.6791,38.0382],[139.669,38.0368],[139.6593,38.0324],[139.6571,38.0225],[139.6576,38.0113],[139.6559,38.0],[139.6481,37.9925],[139.6426,37.9825],[139.6438,37.9714],[139.6478,37.9619],[139.644,37.951],[139.644,37.9409],[139.6409,37.9306],[139.6335,37.9231],[139.6296,37.9052],[139.6353,37.896],[139.6389,37.8827],[139.6481,37.8752],[139.6584,37.8695],[139.6629,37.8587],[139.6724,37.8537],[139.6823,37.8487],[139.6962,37.8459],[139.7065,37.8505],[139.7187,37.8513],[139.7226,37.8398],[139.7305,37.8322],[139.7413,37.8202],[139.7316,37.8092],[139.7211,37.8012],[139.713,37.7945],[139.705,37.7881],[139.6939,37.7789],[139.6852,37.7732],[139.6769,37.765],[139.6709,37.7553],[139.6612,37.7513],[139.6612,37.74],[139.6544,37.731],[139.6458,37.7228],[139.637,37.7165],[139.6298,37.7082],[139.6251,37.6987],[139.6316,37.6889],[139.6137,37.6817],[139.6087,37.6727],[139.5835,37.6578],[139.5747,37.6529],[139.5648,37.6502],[139.5543,37.6469],[139.5573,37.6369],[139.55,37.6274],[139.5526,37.6175],[139.558,37.5995],[139.5671,37.5948],[139.5682,37.5845],[139.5738,37.576],[139.5739,37.564],[139.5719,37.5536],[139.5693,37.5431],[139.5755,37.5345],[139.5828,37.5267],[139.5914,37.5201],[139.5883,37.51],[139.5789,37.5043],[139.5638,37.5009],[139.5536,37.5049],[139.5436,37.5083],[139.5329,37.5095],[139.5224,37.5103],[139.5114,37.5077],[139.5,37.5096],[139.4891,37.5073],[139.4811,37.5],[139.4694,37.5054],[139.4614,37.5129],[139.4509,37.5133],[139.4377,37.5113],[139.427,37.5083],[139.4171,37.5049],[139.4157,37.4929],[139.4103,37.4835],[139.4087,37.4734],[139.4093,37.4626],[139.4008,37.4568],[139.3902,37.4599],[139.3788,37.4605],[139.3665,37.4667],[139.3567,37.4644],[139.3493,37.4576],[139.3385,37.4549],[139.3253,37.4579],[139.3157,37.4535],[139.3058,37.4548],[139.2962,37.4511],[139.2866,37.447],[139.2748,37.4475],[139.2639,37.4449],[139.2545,37.4496],[139.2399,37.4419],[139.2292,37.4451],[139.2198,37.4403],[139.2144,37.4307],[139.2099,37.4205],[139.2004,37.408],[139.2084,37.4011],[139.2148,37.3897],[139.2252,37.3904],[139.2346,37.3852],[139.2383,37.3755],[139.2394,37.3636],[139.2367,37.3538],[139.2366,37.3426],[139.2274,37.3368],[139.224,37.3225],[139.2248,37.3115],[139.2205,37.301],[139.2175,37.29],[139.2116,37.2816],[139.204,37.2751],[139.1956,37.2686],[139.1875,37.2613],[139.1803,37.2536],[139.1727,37.2438],[139.168,37.2333],[139.1744,37.2248],[139.1831,37.2163],[139.1901,37.2072],[139.1979,37.2007],[139.2213,37.1971],[139.2324,37.1942],[139.2402,37.1854],[139.247,37.1766],[139.25,37.1645],[139.2562,37.1564],[139.25,37.1446],[139.2476,37.1344],[139.2465,37.1241],[139.2402,37.1157],[139.2384,37.1043],[139.2422,37.0932],[139.25,37.0791],[139.2578,37.0586],[139.2596,37.0479],[139.258,37.0373],[139.252,37.0263],[139.2486,37.0164],[139.25,37.006],[139.2564,36.993],[139.2568,36.9822],[139.2552,36.9723],[139.2544,36.9616],[139.2496,36.9526],[139.2421,36.9447],[139.2303,36.9586],[139.2195,36.956],[139.2098,36.9528],[139.1991,36.956],[139.1834,36.9615],[139.1788,36.9715],[139.1804,36.9815],[139.178,36.9923],[139.1686,37.0],[139.1573,37.0048],[139.15,37.0126],[139.1422,37.0202],[139.1341,37.0263],[139.1297,37.0357],[139.1181,37.0448],[139.1103,37.0527],[139.1,37.0555],[139.0938,37.0389],[139.0925,37.0276],[139.0938,37.0167],[139.0854,37.0091],[139.0762,37.0048],[139.0672,37.0],[139.0582,36.9955],[139.052,36.9871],[139.0426,36.983],[139.0317,36.9813],[139.0216,36.984],[139.0111,36.9807],[139.0004,36.9763],[138.9903,36.9772],[138.98,36.9773],[138.969,36.9756],[138.9688,36.9646],[138.9689,36.9537],[138.9682,36.9434],[138.9697,36.9326],[138.9748,36.9229],[138.9803,36.9067],[138.9827,36.8969],[138.9779,36.8866],[138.9675,36.8886],[138.9579,36.8923],[138.9466,36.8916],[138.9352,36.8909],[138.9283,36.8821],[138.9224,36.8729],[138.924,36.8628],[138.9203,36.8523],[138.9274,36.844],[138.933,36.8343],[138.9154,36.8259],[138.8957,36.8236],[138.8848,36.8227],[138.875,36.8151],[138.8575,36.8089],[138.8477,36.8121],[138.8358,36.8132],[138.8247,36.81],[138.8299,36.7998],[138.8334,36.7898],[138.8321,36.779],[138.83,36.7692],[138.8242,36.7608],[138.8128,36.7619],[138.8031,36.7571],[138.7959,36.75],[138.7897,36.7421],[138.7788,36.7442],[138.7679,36.746],[138.7579,36.7504],[138.7408,36.7589],[138.7289,36.76],[138.7254,36.7496],[138.7184,36.7413],[138.7105,36.7343],[138.6979,36.741],[138.6942,36.7505],[138.692,36.7607],[138.6825,36.7638],[138.6726,36.7707],[138.6764,36.7808],[138.6881,36.7858],[138.6935,36.7964],[138.6991,36.8055],[138.6909,36.8135],[138.6873,36.8242],[138.6935,36.8431],[138.6944,36.8538],[138.6856,36.8603],[138.6758,36.8628],[138.6653,36.8642],[138.6553,36.8677],[138.6446,36.8721],[138.6378,36.8794],[138.625,36.8849],[138.6209,36.895],[138.6167,36.9049],[138.6056,36.9043],[138.5924,36.9167],[138.5862,36.9257],[138.5884,36.9362],[138.5894,36.9475],[138.59,36.9584],[138.5896,36.9691],[138.5906,36.9797],[138.5849,36.9893],[138.5768,37.0],[138.5691,37.018],[138.5587,37.0196],[138.5469,37.0185],[138.5358,37.0193],[138.5279,37.0273],[138.517,37.0264],[138.5061,37.0223],[138.4908,37.017],[138.4794,37.017],[138.4673,37.0155],[138.4552,37.0128],[138.4455,37.0096],[138.4363,37.0039],[138.4264,37.0022],[138.4085,36.9953],[138.3978,36.9942],[138.3915,36.9829],[138.3821,36.9773],[138.375,36.9629],[138.3668,36.9499],[138.3658,36.9393],[138.3607,36.9306],[138.3516,36.9253],[138.3423,36.9196],[138.3319,36.9237],[138.3214,36.9221],[138.3115,36.9167],[138.3004,36.9089],[138.2961,36.898],[138.2997,36.8794],[138.296,36.8699],[138.2956,36.8589],[138.2944,36.8488],[138.2872,36.8416],[138.2747,36.8398],[138.2747,36.8509],[138.268,36.8588],[138.2602,36.8655],[138.25,36.8618],[138.2378,36.8613],[138.2258,36.8621],[138.2169,36.8679],[138.207,36.8551],[138.1966,36.8506],[138.1861,36.8487],[138.1764,36.8439],[138.1657,36.8411],[138.1557,36.8428],[138.1456,36.8445],[138.1351,36.8469],[138.1235,36.8454],[138.1131,36.8432],[138.1027,36.8401],[138.0952,36.8332],[138.0849,36.8262],[138.0786,36.8164],[138.0759,36.8049],[138.0662,36.8004],[138.0555,36.7969],[138.0487,36.8069],[138.0352,36.8091],[138.026,36.8152],[138.0161,36.8185],[138.0073,36.825],[138.015,36.8334],[138.0233,36.8402],[138.019,36.8504],[138.024,36.8604],[138.0292,36.8693],[138.0354,36.8777],[138.0346,36.8878],[138.0238,36.8879],[138.0167,36.9006],[138.0,36.9044],[137.9891,36.9067],[137.9778,36.9057],[137.9676,36.9014],[137.9572,36.9018],[137.951,36.91],[137.94,36.9103],[137.9223,36.9166],[137.9125,36.9139],[137.8954,36.907],[137.8849,36.9094],[137.8708,36.9129],[137.8676,36.903],[137.8677,36.893],[137.8696,36.8826],[137.875,36.8727],[137.875,36.8604],[137.8632,36.8511],[137.8593,36.8404],[137.851,36.8333],[137.8382,36.8192],[137.8354,36.8071],[137.8259,36.8017],[137.8197,36.7935],[137.8097,36.7887],[137.8002,36.7845],[137.7945,36.7757],[137.786,36.7704],[137.7751,36.7686],[137.7658,36.7642],[137.7578,36.7727],[137.7534,36.7827],[137.7573,36.7924],[137.75,36.8083],[137.7417,36.816],[137.7359,36.8327],[137.7364,36.8432],[137.7377,36.8537],[137.736,36.8641],[137.7309,36.8735],[137.7231,36.8801],[137.7162,36.8887],[137.7206,36.9042],[137.7206,36.9161],[137.7202,36.9272],[137.7149,36.9372],[137.7033,36.9396],[137.6926,36.9401],[137.6831,36.945],[137.6733,36.9475],[137.6644,36.9541],[137.6569,36.9618],[137.648,36.9699],[137.6348,36.9809],[137.6431,36.982],[137.6543,36.9848],[137.6671,36.986],[137.6922,36.9958],[137.714,36.9998],[137.7506,37.0141],[137.778,37.0218],[137.7902,37.0243],[137.8009,37.0264],[137.8119,37.0284],[137.8263,37.0375],[137.8378,37.0409],[137.8618,37.0462],[137.8717,37.0502],[137.8887,37.054],[137.9104,37.0601],[137.918,37.0625],[137.9298,37.0716],[137.9413,37.0732],[137.946,37.076],[137.9495,37.0833],[137.9689,37.0908],[137.9839,37.1007],[137.9967,37.1064],[138.003,37.1118],[138.0109,37.1151],[138.0161,37.1165],[138.0247,37.1157],[138.0523,37.1286],[138.0586,37.1331],[138.0621,37.1396],[138.0668,37.1428],[138.0713,37.1495],[138.0864,37.1589],[138.0932,37.1653],[138.0954,37.1711],[138.0999,37.1746],[138.1082,37.1743],[138.1248,37.1704],[138.1456,37.1631],[138.1536,37.1617],[138.1576,37.1635],[138.1672,37.1628],[138.1821,37.1651],[138.2038,37.1718],[138.2111,37.1713],[138.2139,37.1679],[138.2498,37.1812],[138.2588,37.1872],[138.2653,37.1892],[138.2709,37.191],[138.3129,37.2189],[138.3534,37.2513],[138.3836,37.272],[138.4423,37.3234],[138.4491,37.3233],[138.4619,37.3329],[138.4742,37.3371],[138.497,37.3512],[138.5011,37.352],[138.5135,37.3545],[138.5349,37.3638],[138.5432,37.3637],[138.5509,37.3688],[138.5621,37.3778],[138.5822,37.4017],[138.5972,37.4265],[138.6027,37.4389],[138.616,37.4596],[138.6195,37.4729],[138.6233,37.4787],[138.6237,37.4791],[138.6452,37.4967],[138.6587,37.5155],[138.6732,37.5295],[138.688,37.5372],[138.7202,37.559],[138.7281,37.5714],[138.7372,37.5856],[138.7509,37.5998],[138.7547,37.6064],[138.759,37.6203],[138.7673,37.6365],[138.7748,37.6443],[138.7776,37.6496],[138.78,37.6638],[138.792,37.6986],[138.7932,37.7057],[138.7889,37.7127],[138.7896,37.7172],[138.7999,37.7311],[138.8052,37.7518],[138.817,37.7733],[138.8172,37.775],[138.8184,37.7856],[138.8298,37.7998],[138.8704,37.8331],[138.887,37.8451],[138.9091,37.855],[138.923,37.8641],[138.932,37.8687],[138.9793,37.893],[139.0329,37.9283],[139.0446,37.9318],[139.0554,37.9393],[139.0614,37.9401],[139.075,37.9436],[139.0773,37.9502],[139.0799,37.9516],[139.0956,37.9549],[139.1068,37.9597],[139.1142,37.9604],[139.1221,37.9635],[139.1288,37.9642],[139.1326,37.9625],[139.1361,37.9637],[139.1412,37.9671],[139.1486,37.9668],[139.1832,37.978],[139.208,37.9902],[139.213,37.9901],[139.2231,37.9822],[139.2306,37.9791],[139.2335,37.9801],[139.2325,37.9827],[139.2237,37.9876],[139.2213,37.9923],[139.2253,37.9962],[139.2507,38.0075],[139.2551,38.0104],[139.2599,38.0136],[139.2652,38.0145],[139.2821,38.024],[139.3061,38.0412],[139.3463,38.0763],[139.3671,38.0992],[139.4026,38.1433],[139.4083,38.1484],[139.4192,38.1494],[139.4133,38.1554],[139.435,38.186],[139.4351,38.1906],[139.43,38.1963],[139.437,38.2062],[139.4543,38.2404],[139.4465,38.2441],[139.4449,38.2513],[139.4461,38.2548],[139.4436,38.259],[139.4507,38.2666],[139.448,38.2729],[139.451,38.2828],[139.4479,38.2923],[139.4543,38.3084],[139.4513,38.3156],[139.4514,38.3239],[139.4557,38.3336],[139.4541,38.3412],[139.4559,38.3486],[139.4531,38.3572],[139.4516,38.3619],[139.4585,38.3692],[139.4637,38.382],[139.4594,38.3884],[139.4588,38.3926],[139.4608,38.3969],[139.4643,38.3993],[139.4656,38.4054],[139.4691,38.408],[139.4739,38.4219],[139.4769,38.426],[139.4821,38.429],[139.4835,38.4327],[139.4819,38.4396],[139.4977,38.4522],[139.5017,38.4588],[139.502,38.4677],[139.5021,38.4711],[139.5143,38.4875],[139.5118,38.4917],[139.5167,38.4943],[139.5155,38.4989],[139.5187,38.5057],[139.5225,38.5082],[139.5278,38.5078],[139.5347,38.5152],[139.5519,38.543],[139.5509,38.5451],[139.5661,38.54],[139.5752,38.5358],[139.5848,38.5306],[139.5945,38.526],[139.605,38.5198],[139.615,38.5214],[139.625,38.5223]]]]}},{"type":"Feature","properties":{"name":"福島県"},"geometry":{"type":"MultiPolygon","coordinates":[[[[140.2833,37.9737],[140.2927,37.9694],[140.3036,37.9665],[140.3122,37.9606],[140.3217,37.9552],[140.3323,37.9549],[140.3441,37.95],[140.3537,37.9471],[140.36,37.955],[140.372,37.9539],[140.3893,37.9525],[140.3901,37.9632],[140.4004,37.9707],[140.4111,37.9699],[140.4149,37.9602],[140.4262,37.9553],[140.4366,37.9508],[140.4478,37.9539],[140.4569,37.9477],[140.469,37.9422],[140.4724,37.9254],[140.4729,37.9153],[140.4784,37.9066],[140.4875,37.8985],[140.5,37.8971],[140.5099,37.9017],[140.5207,37.9046],[140.5315,37.9038],[140.5413,37.9021],[140.5523,37.9067],[140.5636,37.9077],[140.5731,37.9174],[140.5907,37.9063],[140.6016,37.9046],[140.6219,37.9092],[140.6298,37.8962],[140.6506,37.8959],[140.6635,37.8978],[140.6756,37.89],[140.6855,37.8875],[140.6919,37.8793],[140.6861,37.8709],[140.6908,37.8619],[140.6943,37.8504],[140.6897,37.8404],[140.6827,37.8333],[140.6881,37.8221],[140.6896,37.8116],[140.6968,37.8033],[140.7134,37.7982],[140.7214,37.7914],[140.7288,37.7831],[140.7397,37.7827],[140.75,37.7846],[140.7636,37.7821],[140.7794,37.7785],[140.7901,37.7723],[140.7979,37.7789],[140.7902,37.7864],[140.7739,37.7946],[140.7888,37.8002],[140.7995,37.7967],[140.811,37.7944],[140.8214,37.7952],[140.8313,37.7928],[140.842,37.7922],[140.8543,37.792],[140.861,37.8008],[140.8613,37.8113],[140.8578,37.8216],[140.8575,37.8389],[140.8592,37.8509],[140.8644,37.8602],[140.8595,37.8695],[140.8637,37.8789],[140.8596,37.8881],[140.8745,37.8935],[140.8846,37.8947],[140.8962,37.8992],[140.9055,37.8943],[140.9158,37.8935],[140.9368,37.8912],[140.9391,37.8757],[140.9451,37.869],[140.9536,37.8521],[140.9572,37.8392],[140.9586,37.8371],[140.9613,37.8332],[140.9676,37.8278],[140.975,37.8288],[140.9785,37.8245],[140.9771,37.8231],[140.9597,37.8222],[140.9564,37.8202],[140.9574,37.8183],[140.962,37.8175],[140.9674,37.8186],[140.9714,37.8149],[140.973,37.815],[140.9758,37.8152],[140.9771,37.8137],[140.9756,37.8116],[140.9781,37.808],[140.9729,37.8038],[140.9725,37.7969],[140.9688,37.7914],[140.9697,37.7887],[140.9761,37.7857],[140.9803,37.7808],[140.9848,37.7817],[140.985,37.7834],[140.9873,37.8109],[140.9825,37.8223],[140.9847,37.8237],[140.9894,37.8222],[140.9913,37.819],[140.9894,37.8039],[140.9912,37.7888],[140.9909,37.773],[140.9908,37.7717],[141.0032,37.7623],[141.0103,37.7476],[141.0136,37.7408],[141.0154,37.7305],[141.0149,37.6986],[141.013,37.6878],[141.0075,37.6868],[141.0112,37.6822],[141.0083,37.6786],[141.0165,37.6785],[141.0191,37.6734],[141.027,37.6416],[141.0264,37.6347],[141.0254,37.6264],[141.0273,37.6096],[141.0293,37.5918],[141.0294,37.5659],[141.0342,37.5484],[141.0379,37.5055],[141.0428,37.4903],[141.0428,37.4847],[141.0437,37.4729],[141.0382,37.4293],[141.0372,37.3922],[141.0399,37.3699],[141.0395,37.359],[141.0394,37.3568],[141.0377,37.3491],[141.0313,37.3374],[141.0274,37.3134],[141.0285,37.3008],[141.0191,37.2664],[141.0155,37.244],[141.0161,37.2267],[141.0147,37.2204],[141.0066,37.2057],[141.0038,37.1726],[141.0058,37.1619],[141.0108,37.1538],[141.0114,37.1496],[141.0083,37.1437],[141.0053,37.1383],[141.004,37.1193],[141.001,37.1061],[140.9898,37.0968],[140.9853,37.087],[140.9796,37.0579],[140.9758,37.0313],[140.9781,37.0206],[140.9849,37.012],[140.9852,37.0016],[140.983,36.995],[140.9765,36.9858],[140.9748,36.9775],[140.9645,36.9703],[140.957,36.961],[140.9521,36.9574],[140.9469,36.9565],[140.9391,36.9522],[140.9374,36.9498],[140.9279,36.9367],[140.9228,36.9337],[140.9202,36.9336],[140.9182,36.9362],[140.9072,36.9409],[140.9028,36.9395],[140.8998,36.9409],[140.8965,36.9367],[140.8936,36.9365],[140.8892,36.9332],[140.8828,36.9362],[140.8772,36.9325],[140.8696,36.9322],[140.8666,36.9294],[140.8642,36.9222],[140.8541,36.9179],[140.8454,36.9115],[140.8299,36.9097],[140.8192,36.9061],[140.8281,36.9134],[140.8149,36.909],[140.8069,36.9103],[140.8072,36.9053],[140.812,36.9041],[140.8135,36.9023],[140.807,36.8961],[140.8028,36.8902],[140.7988,36.8847],[140.7953,36.8718],[140.7951,36.8633],[140.7986,36.8556],[140.787,36.86],[140.7763,36.8635],[140.7632,36.8648],[140.7438,36.8723],[140.733,36.8711],[140.7144,36.8721],[140.707,36.8789],[140.6988,36.8849],[140.6882,36.8874],[140.6775,36.8903],[140.667,36.8935],[140.6573,36.8977],[140.6463,36.8959],[140.635,36.8967],[140.6185,36.9003],[140.6127,36.9084],[140.6062,36.9166],[140.5967,36.9232],[140.596,36.9332],[140.5894,36.9421],[140.5793,36.9395],[140.572,36.9234],[140.5774,36.9074],[140.5842,36.8995],[140.5859,36.8894],[140.5935,36.881],[140.5956,36.8703],[140.5858,36.8647],[140.5756,36.8628],[140.5602,36.8569],[140.5486,36.8549],[140.5389,36.8503],[140.532,36.8418],[140.5227,36.8333],[140.51,36.8196],[140.4994,36.8155],[140.4925,36.8071],[140.4847,36.8009],[140.4774,36.7926],[140.465,36.793],[140.4566,36.7998],[140.4498,36.8073],[140.4432,36.8161],[140.4328,36.8158],[140.4244,36.8217],[140.4167,36.8289],[140.4062,36.8283],[140.3959,36.8294],[140.3855,36.8333],[140.3795,36.8423],[140.375,36.8522],[140.3736,36.8708],[140.3686,36.8806],[140.3583,36.8813],[140.3471,36.8826],[140.3367,36.8858],[140.327,36.8907],[140.3254,36.9014],[140.3195,36.9102],[140.307,36.9217],[140.2985,36.9274],[140.2887,36.9324],[140.2607,36.9337],[140.2511,36.9386],[140.244,36.9471],[140.25,36.9553],[140.25,36.9672],[140.2501,36.9865],[140.2442,36.9951],[140.249,37.0064],[140.2522,37.0228],[140.2396,37.0207],[140.2294,37.0206],[140.2198,37.0172],[140.2092,37.0208],[140.2021,37.0279],[140.2023,37.0379],[140.1992,37.0485],[140.1975,37.0589],[140.1878,37.0662],[140.1769,37.068],[140.1681,37.0759],[140.1582,37.0814],[140.154,37.0912],[140.1457,37.0986],[140.1353,37.1002],[140.1253,37.1053],[140.1149,37.1121],[140.1059,37.118],[140.0953,37.1198],[140.0846,37.1208],[140.0734,37.1235],[140.063,37.1224],[140.0539,37.1276],[140.0451,37.1343],[140.0339,37.1361],[140.0243,37.1392],[140.0,37.1404],[139.9894,37.1408],[139.9798,37.1438],[139.9645,37.1502],[139.9537,37.1512],[139.9432,37.1501],[139.9333,37.1482],[139.9224,37.1464],[139.9119,37.1454],[139.9018,37.1505],[139.8917,37.1472],[139.8819,37.1439],[139.8696,37.1442],[139.8619,37.1364],[139.8517,37.1357],[139.8424,37.1304],[139.8327,37.1265],[139.8241,37.1198],[139.8197,37.1108],[139.8235,37.1004],[139.8233,37.0897],[139.8065,37.0834],[139.7957,37.0866],[139.7854,37.0867],[139.7757,37.0833],[139.7674,37.0756],[139.7571,37.0706],[139.7421,37.0694],[139.7319,37.0668],[139.7217,37.0664],[139.712,37.062],[139.7033,37.0564],[139.6925,37.058],[139.6815,37.0544],[139.6743,37.046],[139.6682,37.0374],[139.6578,37.037],[139.6477,37.0331],[139.6281,37.0295],[139.625,37.0187],[139.6164,37.0118],[139.6053,37.0122],[139.5943,37.0105],[139.5845,37.0081],[139.5748,36.9982],[139.5656,36.9937],[139.555,36.9893],[139.546,36.9846],[139.5379,36.9778],[139.5273,36.9784],[139.518,36.9746],[139.5096,36.9683],[139.5,36.9653],[139.4904,36.9697],[139.4795,36.9693],[139.4691,36.968],[139.4623,36.9559],[139.4555,36.9473],[139.445,36.9444],[139.438,36.9358],[139.4334,36.9265],[139.4235,36.921],[139.413,36.924],[139.4043,36.9188],[139.3855,36.9088],[139.3766,36.9152],[139.3647,36.9135],[139.3492,36.919],[139.3399,36.9235],[139.3281,36.9227],[139.3174,36.9239],[139.3052,36.9255],[139.2972,36.9321],[139.2779,36.9312],[139.2687,36.938],[139.2605,36.9307],[139.2424,36.9297],[139.2421,36.9447],[139.2496,36.9526],[139.2544,36.9616],[139.2552,36.9723],[139.2568,36.9822],[139.2564,36.993],[139.25,37.006],[139.2486,37.0164],[139.252,37.0263],[139.258,37.0373],[139.2596,37.0479],[139.2578,37.0586],[139.25,37.0791],[139.2422,37.0932],[139.2384,37.1043],[139.2402,37.1157],[139.2465,37.1241],[139.2476,37.1344],[139.25,37.1446],[139.2562,37.1564],[139.25,37.1645],[139.247,37.1766],[139.2402,37.1854],[139.2324,37.1942],[139.2213,37.1971],[139.1979,37.2007],[139.1901,37.2072],[139.1831,37.2163],[139.1744,37.2248],[139.168,37.2333],[139.1727,37.2438],[139.1803,37.2536],[139.1875,37.2613],[139.1956,37.2686],[139.204,37.2751],[139.2116,37.2816],[139.2175,37.29],[139.2205,37.301],[139.2248,37.3115],[139.224,37.3225],[139.2274,37.3368],[139.2366,37.3426],[139.2367,37.3538],[139.2394,37.3636],[139.2383,37.3755],[139.2346,37.3852],[139.2252,37.3904],[139.2148,37.3897],[139.2084,37.4011],[139.2004,37.408],[139.2099,37.4205],[139.2144,37.4307],[139.2198,37.4403],[139.2292,37.4451],[139.2399,37.4419],[139.2545,37.4496],[139.2639,37.4449],[139.2748,37.4475],[139.2866,37.447],[139.2962,37.4511],[139.3058,37.4548],[139.3157,37.4535],[139.3253,37.4579],[139.3385,37.4549],[139.3493,37.4576],[139.3567,37.4644],[139.3665,37.4667],[139.3788,37.4605],[139.3902,37.4599],[139.4008,37.4568],[139.4093,37.4626],[139.4087,37.4734],[139.4103,37.4835],[139.4157,37.4929],[139.4171,37.5049],[139.427,37.5083],[139.4377,37.5113],[139.4509,37.5133],[139.4614,37.5129],[139.4694,37.5054],[139.4811,37.5],[139.4891,37.5073],[139.5,37.5096],[139.5114,37.5077],[139.5224,37.5103],[139.5329,37.5095],[139.5436,37.5083],[139.5536,37.5049],[139.5638,37.5009],[139.5789,37.5043],[139.5883,37.51],[139.5914,37.5201],[139.5828,37.5267],[139.5755,37.5345],[139.5693,37.5431],[139.5719,37.5536],[139.5739,37.564],[139.5738,37.576],[139.5682,37.5845],[139.5671,37.5948],[139.558,37.5995],[139.5526,37.6175],[139.55,37.6274],[139.5573,37.6369],[139.5543,37.6469],[139.5648,37.6502],[139.5747,37.6529],[139.5835,37.6578],[139.6087,37.6727],[139.6137,37.6817],[139.6316,37.6889],[139.6251,37.6987],[139.6298,37.7082],[139.637,37.7165],[139.6458,37.7228],[139.6544,37.731],[139.6612,37.74],[139.6612,37.7513],[139.6709,37.7553],[139.6769,37.765],[139.6852,37.7732],[139.6939,37.7789],[139.705,37.7881],[139.713,37.7945],[139.7211,37.8012],[139.7316,37.8092],[139.7413,37.8202],[139.7598,37.8201],[139.7712,37.8254],[139.7816,37.8276],[139.7913,37.824],[139.798,37.815],[139.8067,37.8087],[139.8134,37.8003],[139.822,37.8067],[139.8319,37.8107],[139.8421,37.812],[139.8506,37.8174],[139.8611,37.8235],[139.8708,37.8189],[139.8798,37.8103],[139.8918,37.8079],[139.9029,37.8083],[139.9132,37.8113],[139.9238,37.8109],[139.9312,37.8186],[139.9406,37.8251],[139.9483,37.8165],[139.9577,37.8129],[139.9652,37.803],[139.9632,37.7931],[139.972,37.7856],[139.9751,37.7751],[139.9815,37.766],[139.9898,37.7576],[140.0029,37.7577],[140.0138,37.7607],[140.0238,37.7607],[140.0342,37.7648],[140.0439,37.7672],[140.0522,37.7759],[140.0585,37.7678],[140.0685,37.7645],[140.0735,37.7547],[140.0841,37.7533],[140.0938,37.75],[140.1048,37.7357],[140.1149,37.7335],[140.1267,37.7309],[140.1375,37.7357],[140.1465,37.742],[140.1539,37.7502],[140.1643,37.7535],[140.1751,37.7529],[140.1871,37.7523],[140.2,37.7501],[140.2201,37.744],[140.2303,37.7431],[140.2442,37.7508],[140.2578,37.7614],[140.2651,37.7694],[140.2716,37.7774],[140.2808,37.7824],[140.2853,37.7919],[140.2937,37.7985],[140.2979,37.8079],[140.2881,37.8126],[140.2792,37.8177],[140.2702,37.8243],[140.2696,37.8419],[140.269,37.8522],[140.2729,37.8622],[140.2719,37.8729],[140.2707,37.8835],[140.2707,37.8944],[140.2679,37.905],[140.2776,37.9209],[140.2822,37.9316],[140.2811,37.942],[140.2769,37.9539],[140.2753,37.9647],[140.2833,37.9737]]]]}},{"type":"Feature","properties":{"name":"石川県"},"geometry":{"type":"MultiPolygon","coordinates":[[[[136.9889,36.9631],[136.9845,36.9488],[136.9735,36.9446],[136.9636,36.9486],[136.9522,36.9525],[136.9399,36.9477],[136.9303,36.9439],[136.9254,36.9345],[136.9177,36.9275],[136.9074,36.9236],[136.8981,36.9194],[136.8885,36.9106],[136.881,36.8967],[136.8857,36.8841],[136.8846,36.8718],[136.8763,36.8644],[136.8664,36.8546],[136.8647,36.8422],[136.8596,36.8333],[136.8605,36.8232],[136.8541,36.8129],[136.8537,36.8019],[136.8536,36.7836],[136.852,36.7701],[136.8505,36.7543],[136.8389,36.7413],[136.8259,36.7379],[136.8227,36.7279],[136.8116,36.727],[136.7964,36.7211],[136.7973,36.7109],[136.8062,36.7055],[136.8161,36.6999],[136.8145,36.6879],[136.8229,36.6811],[136.8262,36.6693],[136.8128,36.6531],[136.8076,36.6441],[136.8032,36.6339],[136.7937,36.6277],[136.7874,36.6189],[136.7885,36.6079],[136.7915,36.5912],[136.7977,36.5833],[136.7969,36.5729],[136.8054,36.5656],[136.8143,36.5578],[136.8199,36.5491],[136.8156,36.5384],[136.8112,36.5286],[136.8057,36.5181],[136.7994,36.5086],[136.8002,36.4894],[136.8021,36.4776],[136.7995,36.4668],[136.7923,36.4514],[136.7984,36.4421],[136.7901,36.4362],[136.7822,36.428],[136.7834,36.4096],[136.7916,36.403],[136.7983,36.3953],[136.8004,36.3853],[136.8029,36.3676],[136.8051,36.3507],[136.7945,36.3447],[136.7889,36.3333],[136.7917,36.3221],[136.7932,36.3113],[136.7961,36.2969],[136.8021,36.2876],[136.8088,36.2729],[136.8174,36.2669],[136.8281,36.2628],[136.8383,36.2594],[136.8476,36.2554],[136.8496,36.2394],[136.8429,36.2301],[136.8352,36.2204],[136.8299,36.212],[136.8226,36.2031],[136.814,36.1933],[136.8037,36.1817],[136.8017,36.1705],[136.7812,36.1633],[136.7711,36.161],[136.7753,36.1513],[136.7787,36.141],[136.7825,36.1307],[136.776,36.1231],[136.7728,36.1135],[136.7682,36.1039],[136.7591,36.0962],[136.7571,36.0858],[136.7417,36.0773],[136.7317,36.0784],[136.7206,36.0786],[136.7098,36.0763],[136.7001,36.0706],[136.69,36.0692],[136.6803,36.0666],[136.6611,36.066],[136.6561,36.0833],[136.6489,36.0915],[136.638,36.0959],[136.6284,36.101],[136.6166,36.1072],[136.6112,36.1158],[136.6058,36.1255],[136.5936,36.1282],[136.5842,36.1334],[136.5759,36.14],[136.5658,36.1429],[136.5548,36.1518],[136.5441,36.1505],[136.5356,36.1446],[136.5249,36.148],[136.5155,36.1439],[136.5,36.1466],[136.4936,36.1555],[136.4837,36.1512],[136.4745,36.1437],[136.4658,36.1344],[136.4533,36.1364],[136.442,36.1363],[136.4331,36.1423],[136.4263,36.1515],[136.4152,36.1566],[136.4088,36.1676],[136.3983,36.1663],[136.3745,36.1667],[136.3631,36.1625],[136.3491,36.1691],[136.3421,36.1779],[136.3393,36.189],[136.3314,36.2042],[136.3344,36.2145],[136.3294,36.2291],[136.3192,36.2329],[136.3147,36.2433],[136.3049,36.2544],[136.2952,36.2578],[136.2845,36.2615],[136.2734,36.2627],[136.2652,36.2691],[136.2592,36.277],[136.2461,36.2906],[136.2524,36.2957],[136.2586,36.2972],[136.2776,36.3098],[136.2814,36.3138],[136.2832,36.3222],[136.2868,36.327],[136.296,36.3347],[136.2978,36.3406],[136.3078,36.3475],[136.3186,36.3503],[136.3207,36.3473],[136.323,36.3476],[136.3291,36.353],[136.3327,36.3516],[136.3364,36.352],[136.3451,36.3572],[136.3698,36.3744],[136.4216,36.4184],[136.436,36.4335],[136.4486,36.444],[136.4813,36.4833],[136.4857,36.481],[136.4854,36.4862],[136.4877,36.49],[136.499,36.4979],[136.5153,36.5153],[136.5266,36.5249],[136.5425,36.5456],[136.5761,36.5791],[136.5773,36.581],[136.5905,36.6004],[136.5943,36.6038],[136.6057,36.6148],[136.6075,36.6121],[136.6156,36.6081],[136.621,36.6077],[136.6254,36.6111],[136.6246,36.6125],[136.621,36.6129],[136.6187,36.6117],[136.6155,36.6127],[136.6091,36.6188],[136.6052,36.6252],[136.6158,36.6378],[136.6222,36.6357],[136.6326,36.6451],[136.6437,36.6608],[136.6452,36.6658],[136.6558,36.6735],[136.6576,36.6762],[136.6654,36.6883],[136.6757,36.6988],[136.6822,36.7115],[136.6902,36.7215],[136.7036,36.7505],[136.7261,36.789],[136.7552,36.8392],[136.7559,36.8488],[136.7707,36.9002],[136.7702,36.9156],[136.764,36.9221],[136.7572,36.9231],[136.7523,36.9258],[136.7518,36.9304],[136.7541,36.9346],[136.7637,36.9432],[136.7632,36.9457],[136.7575,36.9488],[136.7637,36.9496],[136.7663,36.9517],[136.7707,36.9645],[136.7725,36.9809],[136.7686,36.987],[136.7715,36.9895],[136.7712,36.998],[136.7663,37.0033],[136.7481,37.0131],[136.745,37.0206],[136.7452,37.0224],[136.7463,37.0312],[136.7374,37.0435],[136.739,37.0485],[136.7374,37.0504],[136.7296,37.0515],[136.7278,37.0544],[136.7254,37.0698],[136.7223,37.0734],[136.7228,37.0792],[136.7267,37.085],[136.7249,37.0915],[136.7272,37.0926],[136.7306,37.0982],[136.7288,37.1013],[136.7304,37.1093],[136.7278,37.1159],[136.7298,37.1245],[136.7277,37.1358],[136.7191,37.1449],[136.7064,37.1483],[136.702,37.1449],[136.7001,37.1414],[136.6882,37.1328],[136.6762,37.1401],[136.6743,37.1449],[136.6793,37.1651],[136.6774,37.1704],[136.6816,37.1898],[136.6831,37.1915],[136.6863,37.195],[136.6837,37.1994],[136.6857,37.2035],[136.6857,37.2094],[136.6925,37.2136],[136.6946,37.2169],[136.699,37.2165],[136.6982,37.2227],[136.7011,37.225],[136.7058,37.2248],[136.7074,37.228],[136.7024,37.2376],[136.7034,37.2419],[136.712,37.2499],[136.7172,37.2501],[136.7287,37.262],[136.7326,37.2737],[136.7363,37.2787],[136.7344,37.2814],[136.7397,37.2858],[136.7378,37.2897],[136.7339,37.2893],[136.7284,37.2922],[136.7276,37.2943],[136.7316,37.3029],[136.7279,37.3052],[136.7276,37.3256],[136.7425,37.3377],[136.7425,37.3471],[136.7469,37.3467],[136.7498,37.3413],[136.7571,37.3471],[136.7589,37.3498],[136.7548,37.3554],[136.7571,37.3569],[136.7576,37.3613],[136.7613,37.3632],[136.772,37.364],[136.7747,37.3649],[136.7916,37.3703],[136.7937,37.3759],[136.7997,37.3767],[136.8062,37.3753],[136.8122,37.379],[136.813,37.3821],[136.8175,37.3849],[136.8284,37.3867],[136.8457,37.3974],[136.8679,37.4036],[136.8739,37.4044],[136.8877,37.3996],[136.8932,37.404],[136.8964,37.4044],[136.9008,37.4034],[136.9042,37.3967],[136.9079,37.3925],[136.9133,37.3917],[136.9259,37.3927],[136.9353,37.3966],[136.9507,37.4029],[136.962,37.4104],[136.9727,37.4129],[136.9847,37.4187],[137.002,37.4235],[137.0146,37.4295],[137.0329,37.429],[137.0452,37.439],[137.0462,37.4453],[137.0491,37.4473],[137.0617,37.4469],[137.0685,37.4498],[137.0766,37.4542],[137.0881,37.4648],[137.0915,37.4662],[137.0937,37.4719],[137.1089,37.4789],[137.1157,37.4854],[137.1364,37.492],[137.155,37.495],[137.1665,37.4994],[137.178,37.4979],[137.1882,37.4983],[137.2,37.5032],[137.2139,37.504],[137.2186,37.5059],[137.2291,37.5142],[137.238,37.515],[137.2414,37.5189],[137.2477,37.5191],[137.269,37.529],[137.2886,37.5256],[137.2962,37.5262],[137.3017,37.5237],[137.3224,37.5253],[137.3331,37.5261],[137.3349,37.5196],[137.3497,37.5114],[137.3494,37.506],[137.3517,37.5028],[137.3572,37.5013],[137.3588,37.4986],[137.3564,37.4919],[137.3503,37.4886],[137.3482,37.4851],[137.3463,37.4768],[137.3497,37.4713],[137.364,37.4612],[137.3645,37.4575],[137.3626,37.4542],[137.3668,37.4483],[137.3631,37.4439],[137.3534,37.4388],[137.3426,37.4357],[137.3183,37.435],[137.2982,37.4382],[137.2849,37.4374],[137.2749,37.4347],[137.2697,37.4316],[137.2605,37.4248],[137.2478,37.401],[137.2506,37.3937],[137.2459,37.3892],[137.2422,37.38],[137.2432,37.3746],[137.2465,37.3675],[137.2515,37.3641],[137.2501,37.3585],[137.2533,37.3553],[137.26,37.353],[137.2718,37.3555],[137.2652,37.3413],[137.2607,37.338],[137.2641,37.3365],[137.2704,37.3388],[137.2758,37.3325],[137.269,37.3279],[137.2671,37.3219],[137.2575,37.3159],[137.2548,37.3142],[137.2435,37.304],[137.2389,37.307],[137.2373,37.3062],[137.2365,37.298],[137.2344,37.2943],[137.2307,37.293],[137.2179,37.2956],[137.2122,37.2946],[137.2104,37.2969],[137.1819,37.2976],[137.171,37.3006],[137.1652,37.297],[137.1603,37.3006],[137.1579,37.3002],[137.1558,37.296],[137.1443,37.2933],[137.1318,37.2886],[137.1226,37.2851],[137.1109,37.2763],[137.1043,37.2734],[137.1012,37.2678],[137.0993,37.2536],[137.0935,37.252],[137.0831,37.2426],[137.0739,37.2245],[137.0736,37.2161],[137.0616,37.2068],[137.059,37.2084],[137.0444,37.206],[137.0385,37.2034],[137.0358,37.2022],[137.037,37.1966],[137.0401,37.1935],[137.0297,37.1858],[137.0216,37.1852],[137.013,37.1812],[137.0075,37.1833],[137.0016,37.1931],[136.9966,37.1936],[136.9933,37.1998],[136.9901,37.2002],[136.9873,37.2032],[136.981,37.2015],[136.9729,37.2017],[136.9669,37.2042],[136.9617,37.2086],[136.9602,37.2134],[136.9576,37.2151],[136.9568,37.2203],[136.9537,37.2185],[136.9511,37.2187],[136.9574,37.2278],[136.961,37.2298],[136.9686,37.2339],[136.9655,37.237],[136.9524,37.2335],[136.9529,37.2312],[136.9509,37.2291],[136.9461,37.2243],[136.9394,37.2274],[136.9352,37.232],[136.9284,37.2333],[136.9279,37.231],[136.9334,37.2229],[136.9242,37.2195],[136.9214,37.22],[136.9188,37.2266],[136.9162,37.2256],[136.9146,37.2223],[136.9156,37.2198],[136.9208,37.2145],[136.9242,37.2147],[136.9315,37.2047],[136.932,37.2012],[136.9297,37.1985],[136.9263,37.2041],[136.9117,37.2024],[136.9156,37.1945],[136.9143,37.192],[136.9109,37.1895],[136.9083,37.1858],[136.8957,37.168],[136.8866,37.1618],[136.8801,37.1428],[136.8832,37.1384],[136.891,37.1436],[136.8939,37.144],[136.9007,37.1367],[136.9012,37.1328],[136.8933,37.1109],[136.8897,37.1098],[136.8863,37.1117],[136.8821,37.1105],[136.8772,37.1142],[136.8714,37.1126],[136.8676,37.1091],[136.8657,37.1073],[136.8699,37.1032],[136.8704,37.1007],[136.8678,37.0965],[136.8712,37.0934],[136.8717,37.0906],[136.8662,37.0783],[136.8704,37.0731],[136.8841,37.07],[136.892,37.0733],[136.9034,37.0743],[136.9084,37.0779],[136.9063,37.0839],[136.9071,37.0864],[136.9128,37.0902],[136.9196,37.0908],[136.9305,37.0875],[136.9399,37.0883],[136.9461,37.0849],[136.9471,37.0828],[136.9415,37.0781],[136.9388,37.0758],[136.9442,37.0722],[136.9583,37.0707],[136.9669,37.067],[136.9585,37.0576],[136.9624,37.0538],[136.9744,37.0515],[136.9791,37.0527],[136.9897,37.0517],[136.9991,37.0567],[137.0072,37.0562],[137.0119,37.0596],[137.0147,37.0642],[137.0174,37.0725],[137.0166,37.0808],[137.0211,37.0942],[137.0378,37.1056],[137.0456,37.1046],[137.0513,37.1069],[137.0636,37.1085],[137.0648,37.1058],[137.0635,37.1035],[137.0592,37.1022],[137.0586,37.102],[137.0567,37.0995],[137.0593,37.0891],[137.0582,37.0805],[137.0613,37.0686],[137.0534,37.0336],[137.0575,37.0213],[137.053,37.0042],[137.06,36.991],[137.054,36.981],[137.0542,36.9781],[137.0607,36.9702],[137.062,36.9666],[137.0609,36.9626],[137.0563,36.9571],[137.0446,36.9623],[137.0345,36.9617],[137.0238,36.9605],[137.013,36.9589],[137.0,36.9638],[136.9889,36.9631]]]]}},{"type":"Feature","properties":{"name":"栃木県"},"geometry":{"type":"MultiPolygon","coordinates":[[[[139.9645,37.1502],[139.9798,37.1438],[139.9894,37.1408],[140.0,37.1404],[140.0243,37.1392],[140.0339,37.1361],[140.0451,37.1343],[140.0539,37.1276],[140.063,37.1224],[140.0734,37.1235],[140.0846,37.1208],[140.0953,37.1198],[140.1059,37.118],[140.1149,37.1121],[140.1253,37.1053],[140.1353,37.1002],[140.1457,37.0986],[140.154,37.0912],[140.1582,37.0814],[140.1681,37.0759],[140.1769,37.068],[140.1878,37.0662],[140.1975,37.0589],[140.1992,37.0485],[140.2023,37.0379],[140.2021,37.0279],[140.2092,37.0208],[140.2198,37.0172],[140.2294,37.0206],[140.2396,37.0207],[140.2522,37.0228],[140.249,37.0064],[140.2442,36.9951],[140.2501,36.9865],[140.25,36.9672],[140.25,36.9553],[140.244,36.9471],[140.2511,36.9386],[140.2607,36.9337],[140.2517,36.9183],[140.2522,36.9051],[140.2551,36.8949],[140.2569,36.8842],[140.2573,36.874],[140.2578,36.8633],[140.2561,36.8527],[140.2597,36.8431],[140.265,36.8342],[140.2688,36.8231],[140.2701,36.8123],[140.2681,36.8021],[140.2683,36.7918],[140.2621,36.7825],[140.2581,36.77],[140.2587,36.7593],[140.2625,36.7499],[140.2706,36.742],[140.2799,36.7359],[140.2882,36.7282],[140.2905,36.7183],[140.2857,36.7054],[140.2745,36.7037],[140.2646,36.6983],[140.2498,36.699],[140.2376,36.6968],[140.2301,36.6891],[140.2234,36.6812],[140.2248,36.6712],[140.2348,36.6666],[140.2362,36.656],[140.2438,36.6411],[140.2394,36.6312],[140.2474,36.6156],[140.2522,36.6013],[140.2498,36.5914],[140.248,36.5743],[140.25,36.5641],[140.2526,36.5472],[140.2513,36.5373],[140.2533,36.5273],[140.2505,36.5114],[140.2447,36.4999],[140.234,36.4934],[140.2308,36.4837],[140.2224,36.4773],[140.2163,36.4692],[140.2113,36.4604],[140.2066,36.4513],[140.2079,36.4402],[140.2053,36.4296],[140.2056,36.4166],[140.1958,36.4033],[140.1884,36.3951],[140.1724,36.3958],[140.1617,36.3949],[140.1538,36.4017],[140.1475,36.4109],[140.136,36.4115],[140.125,36.41],[140.1152,36.4053],[140.1144,36.3951],[140.104,36.3909],[140.0962,36.3979],[140.0857,36.3998],[140.0697,36.4007],[140.0708,36.3897],[140.0671,36.3792],[140.054,36.374],[140.0341,36.3747],[140.0197,36.3732],[140.0025,36.3656],[139.9748,36.3708],[139.9689,36.3627],[139.968,36.3524],[139.9596,36.3469],[139.9481,36.3446],[139.9384,36.3403],[139.9272,36.3385],[139.9174,36.3332],[139.9112,36.297],[139.8926,36.3076],[139.88,36.3107],[139.8537,36.3085],[139.8462,36.3007],[139.8399,36.2924],[139.8409,36.282],[139.8413,36.2699],[139.8348,36.2612],[139.8321,36.25],[139.8257,36.2389],[139.7914,36.2254],[139.7787,36.2211],[139.7634,36.2161],[139.7526,36.2085],[139.7421,36.2034],[139.7296,36.2029],[139.7172,36.2066],[139.7053,36.2007],[139.6725,36.2121],[139.6625,36.2176],[139.6611,36.2283],[139.6534,36.2354],[139.6441,36.2399],[139.6369,36.25],[139.6413,36.2617],[139.6329,36.2684],[139.6222,36.2716],[139.6079,36.2652],[139.5939,36.2654],[139.5656,36.2639],[139.5572,36.2715],[139.5398,36.2788],[139.5294,36.2815],[139.5191,36.2781],[139.5078,36.2777],[139.4887,36.2721],[139.4786,36.2698],[139.4698,36.2758],[139.4637,36.2842],[139.4529,36.2853],[139.4403,36.2938],[139.4318,36.2995],[139.4221,36.3098],[139.4269,36.3214],[139.4242,36.3333],[139.4118,36.3375],[139.3976,36.344],[139.3852,36.3551],[139.3706,36.3656],[139.3695,36.3761],[139.3686,36.387],[139.375,36.3954],[139.3798,36.4048],[139.3884,36.4165],[139.3951,36.4243],[139.4025,36.4326],[139.4099,36.4425],[139.4152,36.4513],[139.425,36.4539],[139.435,36.4598],[139.4406,36.4683],[139.4292,36.4813],[139.4235,36.4996],[139.4334,36.5101],[139.4385,36.5195],[139.4432,36.5287],[139.4401,36.5386],[139.444,36.5488],[139.4605,36.5501],[139.468,36.5575],[139.4772,36.5686],[139.4857,36.5753],[139.4781,36.5864],[139.4756,36.5965],[139.468,36.6031],[139.4578,36.6009],[139.4462,36.6028],[139.4368,36.5986],[139.4249,36.6004],[139.4151,36.6047],[139.406,36.6004],[139.3958,36.6028],[139.3861,36.6089],[139.375,36.6088],[139.3643,36.6108],[139.3542,36.6134],[139.3491,36.6225],[139.3313,36.6306],[139.3332,36.6407],[139.3309,36.6513],[139.3385,36.6666],[139.342,36.6766],[139.3404,36.6867],[139.3475,36.6946],[139.3563,36.7016],[139.3627,36.7103],[139.3704,36.7228],[139.3702,36.7333],[139.3673,36.7446],[139.3581,36.7498],[139.355,36.7594],[139.3563,36.7705],[139.3652,36.7752],[139.3801,36.7883],[139.3806,36.7988],[139.3902,36.802],[139.3948,36.8118],[139.4038,36.8183],[139.408,36.8281],[139.3972,36.831],[139.3863,36.8333],[139.375,36.837],[139.3666,36.8443],[139.3559,36.846],[139.3589,36.8558],[139.3644,36.8717],[139.375,36.8869],[139.3829,36.8948],[139.3855,36.9088],[139.4043,36.9188],[139.413,36.924],[139.4235,36.921],[139.4334,36.9265],[139.438,36.9358],[139.445,36.9444],[139.4555,36.9473],[139.4623,36.9559],[139.4691,36.968],[139.4795,36.9693],[139.4904,36.9697],[139.5,36.9653],[139.5096,36.9683],[139.518,36.9746],[139.5273,36.9784],[139.5379,36.9778],[139.546,36.9846],[139.555,36.9893],[139.5656,36.9937],[139.5748,36.9982],[139.5845,37.0081],[139.5943,37.0105],[139.6053,37.0122],[139.6164,37.0118],[139.625,37.0187],[139.6281,37.0295],[139.6477,37.0331],[139.6578,37.037],[139.6682,37.0374],[139.6743,37.046],[139.6815,37.0544],[139.6925,37.058],[139.7033,37.0564],[139.712,37.062],[139.7217,37.0664],[139.7319,37.0668],[139.7421,37.0694],[139.7571,37.0706],[139.7674,37.0756],[139.7757,37.0833],[139.7854,37.0867],[139.7957,37.0866],[139.8065,37.0834],[139.8233,37.0897],[139.8235,37.1004],[139.8197,37.1108],[139.8241,37.1198],[139.8327,37.1265],[139.8424,37.1304],[139.8517,37.1357],[139.8619,37.1364],[139.8696,37.1442],[139.8819,37.1439],[139.8917,37.1472],[139.9018,37.1505],[139.9119,37.1454],[139.9224,37.1464],[139.9333,37.1482],[139.9432,37.1501],[139.9537,37.1512],[139.9645,37.1502]]]]}},{"type":"Feature","properties":{"name":"群馬県"},"geometry":{"type":"MultiPolygon","coordinates":[[[[139.1,37.0555],[139.1103,37.0527],[139.1181,37.0448],[139.1297,37.0357],[139.1341,37.0263],[139.1422,37.0202],[139.15,37.0126],[139.1573,37.0048],[139.1686,37.0],[139.178,36.9923],[139.1804,36.9815],[139.1788,36.9715],[139.1834,36.9615],[139.1991,36.956],[139.2098,36.9528],[139.2195,36.956],[139.2303,36.9586],[139.2421,36.9447],[139.2424,36.9297],[139.2605,36.9307],[139.2687,36.938],[139.2779,36.9312],[139.2972,36.9321],[139.3052,36.9255],[139.3174,36.9239],[139.3281,36.9227],[139.3399,36.9235],[139.3492,36.919],[139.3647,36.9135],[139.3766,36.9152],[139.3855,36.9088],[139.3829,36.8948],[139.375,36.8869],[139.3644,36.8717],[139.3589,36.8558],[139.3559,36.846],[139.3666,36.8443],[139.375,36.837],[139.3863,36.8333],[139.3972,36.831],[139.408,36.8281],[139.4038,36.8183],[139.3948,36.8118],[139.3902,36.802],[139.3806,36.7988],[139.3801,36.7883],[139.3652,36.7752],[139.3563,36.7705],[139.355,36.7594],[139.3581,36.7498],[139.3673,36.7446],[139.3702,36.7333],[139.3704,36.7228],[139.3627,36.7103],[139.3563,36.7016],[139.3475,36.6946],[139.3404,36.6867],[139.342,36.6766],[139.3385,36.6666],[139.3309,36.6513],[139.3332,36.6407],[139.3313,36.6306],[139.3491,36.6225],[139.3542,36.6134],[139.3643,36.6108],[139.375,36.6088],[139.3861,36.6089],[139.3958,36.6028],[139.406,36.6004],[139.4151,36.6047],[139.4249,36.6004],[139.4368,36.5986],[139.4462,36.6028],[139.4578,36.6009],[139.468,36.6031],[139.4756,36.5965],[139.4781,36.5864],[139.4857,36.5753],[139.4772,36.5686],[139.468,36.5575],[139.4605,36.5501],[139.444,36.5488],[139.4401,36.5386],[139.4432,36.5287],[139.4385,36.5195],[139.4334,36.5101],[139.4235,36.4996],[139.4292,36.4813],[139.4406,36.4683],[139.435,36.4598],[139.425,36.4539],[139.4152,36.4513],[139.4099,36.4425],[139.4025,36.4326],[139.3951,36.4243],[139.3884,36.4165],[139.3798,36.4048],[139.375,36.3954],[139.3686,36.387],[139.3695,36.3761],[139.3706,36.3656],[139.3852,36.3551],[139.3976,36.344],[139.4118,36.3375],[139.4242,36.3333],[139.4269,36.3214],[139.4221,36.3098],[139.4318,36.2995],[139.4403,36.2938],[139.4529,36.2853],[139.4637,36.2842],[139.4698,36.2758],[139.4786,36.2698],[139.4887,36.2721],[139.5078,36.2777],[139.5191,36.2781],[139.5294,36.2815],[139.5398,36.2788],[139.5572,36.2715],[139.5656,36.2639],[139.5939,36.2654],[139.6079,36.2652],[139.6222,36.2716],[139.6329,36.2684],[139.6413,36.2617],[139.6369,36.25],[139.6441,36.2399],[139.6534,36.2354],[139.6611,36.2283],[139.6625,36.2176],[139.6528,36.2028],[139.6469,36.1936],[139.6354,36.1925],[139.622,36.1864],[139.613,36.1935],[139.6056,36.2011],[139.5958,36.2061],[139.5857,36.2061],[139.576,36.2007],[139.5598,36.1978],[139.5489,36.1939],[139.5373,36.1899],[139.5256,36.1889],[139.5136,36.1896],[139.4941,36.1886],[139.4803,36.1867],[139.4669,36.1861],[139.4569,36.1885],[139.4473,36.1936],[139.4378,36.2009],[139.42,36.2148],[139.4015,36.2238],[139.3916,36.2297],[139.375,36.2414],[139.3639,36.2434],[139.3524,36.2414],[139.3405,36.2382],[139.3313,36.2329],[139.3095,36.2345],[139.2938,36.2412],[139.2819,36.2445],[139.2516,36.2384],[139.215,36.256],[139.1967,36.261],[139.187,36.2644],[139.1656,36.2737],[139.1517,36.2754],[139.1303,36.2759],[139.1211,36.2657],[139.1108,36.2581],[139.1017,36.2385],[139.0923,36.2256],[139.0868,36.2163],[139.0763,36.2018],[139.0679,36.1949],[139.0651,36.1821],[139.0605,36.1728],[139.0668,36.1568],[139.0522,36.1496],[139.0455,36.1256],[139.0349,36.1245],[139.0266,36.1307],[139.014,36.129],[139.0,36.1225],[138.9679,36.1226],[138.9609,36.1054],[138.9535,36.0974],[138.9445,36.0906],[138.9342,36.0849],[138.9144,36.0877],[138.9044,36.0876],[138.8932,36.0833],[138.8805,36.0793],[138.8672,36.0738],[138.8602,36.066],[138.8503,36.064],[138.8462,36.0533],[138.8378,36.0471],[138.8324,36.0387],[138.821,36.0324],[138.809,36.0309],[138.7988,36.0278],[138.7887,36.03],[138.7793,36.034],[138.7686,36.0344],[138.7582,36.0313],[138.7537,36.0214],[138.75,36.0114],[138.7421,36.0043],[138.7309,35.9926],[138.7203,35.99],[138.702,35.9862],[138.6902,35.9907],[138.6839,36.0075],[138.6733,36.0091],[138.6641,36.0133],[138.653,36.0156],[138.6404,36.035],[138.6461,36.0537],[138.6461,36.0642],[138.6403,36.074],[138.6335,36.0883],[138.6437,36.0941],[138.6505,36.1026],[138.6404,36.1213],[138.6361,36.1304],[138.625,36.129],[138.6143,36.1313],[138.6033,36.1334],[138.5986,36.1433],[138.5937,36.1523],[138.5811,36.1648],[138.5891,36.1718],[138.6026,36.1625],[138.6125,36.1583],[138.625,36.1682],[138.635,36.178],[138.6287,36.1968],[138.6368,36.2113],[138.625,36.2118],[138.6152,36.2295],[138.614,36.2401],[138.6071,36.25],[138.6075,36.2614],[138.6034,36.2753],[138.6143,36.2795],[138.625,36.2838],[138.6358,36.2872],[138.6466,36.2906],[138.6561,36.303],[138.651,36.3125],[138.6552,36.3237],[138.6532,36.3431],[138.657,36.3539],[138.6592,36.3638],[138.6542,36.3727],[138.6553,36.383],[138.6539,36.3937],[138.6449,36.411],[138.6357,36.4148],[138.625,36.4132],[138.6137,36.4197],[138.6028,36.421],[138.5876,36.4193],[138.5777,36.4165],[138.5669,36.4171],[138.5521,36.409],[138.5447,36.4007],[138.5337,36.3995],[138.5193,36.405],[138.5,36.411],[138.4894,36.3983],[138.4779,36.4009],[138.4676,36.4012],[138.4609,36.4086],[138.451,36.4167],[138.4351,36.422],[138.4248,36.4251],[138.4148,36.4291],[138.4042,36.4316],[138.4041,36.4417],[138.4035,36.4524],[138.4063,36.4633],[138.4041,36.4741],[138.401,36.4847],[138.4061,36.5],[138.4072,36.5113],[138.4106,36.5216],[138.4158,36.5384],[138.4251,36.5449],[138.4316,36.5526],[138.4319,36.5639],[138.424,36.5704],[138.4296,36.5834],[138.4308,36.5933],[138.4415,36.5966],[138.4447,36.6075],[138.455,36.609],[138.4607,36.6183],[138.4613,36.6286],[138.4707,36.6346],[138.4794,36.6417],[138.4901,36.6389],[138.5,36.6402],[138.5106,36.6448],[138.5282,36.6481],[138.5345,36.6568],[138.5286,36.6664],[138.5211,36.6738],[138.5227,36.6842],[138.5287,36.6925],[138.5398,36.694],[138.5478,36.7007],[138.5587,36.7025],[138.5703,36.7028],[138.5811,36.7017],[138.5919,36.7037],[138.6005,36.7116],[138.6082,36.7052],[138.6192,36.7075],[138.625,36.7168],[138.6451,36.7207],[138.6555,36.7239],[138.6653,36.7263],[138.6756,36.7276],[138.6855,36.732],[138.6979,36.741],[138.7105,36.7343],[138.7184,36.7413],[138.7254,36.7496],[138.7289,36.76],[138.7408,36.7589],[138.7579,36.7504],[138.7679,36.746],[138.7788,36.7442],[138.7897,36.7421],[138.7959,36.75],[138.8031,36.7571],[138.8128,36.7619],[138.8242,36.7608],[138.83,36.7692],[138.8321,36.779],[138.8334,36.7898],[138.8299,36.7998],[138.8247,36.81],[138.8358,36.8132],[138.8477,36.8121],[138.8575,36.8089],[138.875,36.8151],[138.8848,36.8227],[138.8957,36.8236],[138.9154,36.8259],[138.933,36.8343],[138.9274,36.844],[138.9203,36.8523],[138.924,36.8628],[138.9224,36.8729],[138.9283,36.8821],[138.9352,36.8909],[138.9466,36.8916],[138.9579,36.8923],[138.9675,36.8886],[138.9779,36.8866],[138.9827,36.8969],[138.9803,36.9067],[138.9748,36.9229],[138.9697,36.9326],[138.9682,36.9434],[138.9689,36.9537],[138.9688,36.9646],[138.969,36.9756],[138.98,36.9773],[138.9903,36.9772],[139.0004,36.9763],[139.0111,36.9807],[139.0216,36.984],[139.0317,36.9813],[139.0426,36.983],[139.052,36.9871],[139.0582,36.9955],[139.0672,37.0],[139.0762,37.0048],[139.0854,37.0091],[139.0938,37.0167],[139.0925,37.0276],[139.0938,37.0389],[139.1,37.0555]]]]}},{"type":"Feature","properties":{"name":"長野県"},"geometry":{"type":"MultiPolygon","coordinates":[[[[138.5279,37.0273],[138.5358,37.0193],[138.5469,37.0185],[138.5587,37.0196],[138.5691,37.018],[138.5768,37.0],[138.5849,36.9893],[138.5906,36.9797],[138.5896,36.9691],[138.59,36.9584],[138.5894,36.9475],[138.5884,36.9362],[138.5862,36.9257],[138.5924,36.9167],[138.6056,36.9043],[138.6167,36.9049],[138.6209,36.895],[138.625,36.8849],[138.6378,36.8794],[138.6446,36.8721],[138.6553,36.8677],[138.6653,36.8642],[138.6758,36.8628],[138.6856,36.8603],[138.6944,36.8538],[138.6935,36.8431],[138.6873,36.8242],[138.6909,36.8135],[138.6991,36.8055],[138.6935,36.7964],[138.6881,36.7858],[138.6764,36.7808],[138.6726,36.7707],[138.6825,36.7638],[138.692,36.7607],[138.6942,36.7505],[138.6979,36.741],[138.6855,36.732],[138.6756,36.7276],[138.6653,36.7263],[138.6555,36.7239],[138.6451,36.7207],[138.625,36.7168],[138.6192,36.7075],[138.6082,36.7052],[138.6005,36.7116],[138.5919,36.7037],[138.5811,36.7017],[138.5703,36.7028],[138.5587,36.7025],[138.5478,36.7007],[138.5398,36.694],[138.5287,36.6925],[138.5227,36.6842],[138.5211,36.6738],[138.5286,36.6664],[138.5345,36.6568],[138.5282,36.6481],[138.5106,36.6448],[138.5,36.6402],[138.4901,36.6389],[138.4794,36.6417],[138.4707,36.6346],[138.4613,36.6286],[138.4607,36.6183],[138.455,36.609],[138.4447,36.6075],[138.4415,36.5966],[138.4308,36.5933],[138.4296,36.5834],[138.424,36.5704],[138.4319,36.5639],[138.4316,36.5526],[138.4251,36.5449],[138.4158,36.5384],[138.4106,36.5216],[138.4072,36.5113],[138.4061,36.5],[138.401,36.4847],[138.4041,36.4741],[138.4063,36.4633],[138.4035,36.4524],[138.4041,36.4417],[138.4042,36.4316],[138.4148,36.4291],[138.4248,36.4251],[138.4351,36.422],[138.451,36.4167],[138.4609,36.4086],[138.4676,36.4012],[138.4779,36.4009],[138.4894,36.3983],[138.5,36.411],[138.5193,36.405],[138.5337,36.3995],[138.5447,36.4007],[138.5521,36.409],[138.5669,36.4171],[138.5777,36.4165],[138.5876,36.4193],[138.6028,36.421],[138.6137,36.4197],[138.625,36.4132],[138.6357,36.4148],[138.6449,36.411],[138.6539,36.3937],[138.6553,36.383],[138.6542,36.3727],[138.6592,36.3638],[138.657,36.3539],[138.6532,36.3431],[138.6552,36.3237],[138.651,36.3125],[138.6561,36.303],[138.6466,36.2906],[138.6358,36.2872],[138.625,36.2838],[138.6143,36.2795],[138.6034,36.2753],[138.6075,36.2614],[138.6071,36.25],[138.614,36.2401],[138.6152,36.2295],[138.625,36.2118],[138.6368,36.2113],[138.6287,36.1968],[138.635,36.178],[138.625,36.1682],[138.6125,36.1583],[138.6026,36.1625],[138.5891,36.1718],[138.5811,36.1648],[138.5937,36.1523],[138.5986,36.1433],[138.6033,36.1334],[138.6143,36.1313],[138.625,36.129],[138.6361,36.1304],[138.6404,36.1213],[138.6505,36.1026],[138.6437,36.0941],[138.6335,36.0883],[138.6403,36.074],[138.6461,36.0642],[138.6461,36.0537],[138.6404,36.035],[138.653,36.0156],[138.6641,36.0133],[138.6733,36.0091],[138.6839,36.0075],[138.6902,35.9907],[138.702,35.9862],[138.7203,35.99],[138.7153,35.9707],[138.7191,35.9613],[138.7273,35.955],[138.7336,35.9465],[138.7393,35.9381],[138.7419,35.9277],[138.7355,35.9167],[138.7317,35.9061],[138.7216,35.9055],[138.7112,35.9066],[138.7034,35.9],[138.6952,35.8928],[138.6867,35.8851],[138.683,35.8741],[138.6742,35.8676],[138.6586,35.8726],[138.6475,35.8712],[138.6362,35.8673],[138.625,35.8673],[138.6139,35.8705],[138.6096,35.8801],[138.6081,35.8904],[138.612,35.8999],[138.6051,35.9072],[138.5976,35.9142],[138.5875,35.9149],[138.5798,35.9084],[138.5698,35.9132],[138.5594,35.9132],[138.5485,35.9116],[138.5368,35.9121],[138.5197,35.9167],[138.5085,35.9154],[138.5006,35.9083],[138.4973,35.8984],[138.4829,35.8949],[138.4726,35.8948],[138.4632,35.9004],[138.4541,35.9049],[138.4483,35.9167],[138.4515,35.9272],[138.4568,35.9367],[138.449,35.9444],[138.4392,35.9508],[138.4299,35.9547],[138.4186,35.9562],[138.4092,35.9597],[138.398,35.9623],[138.3871,35.966],[138.3764,35.9684],[138.3644,35.9581],[138.363,35.9477],[138.3538,35.9432],[138.3487,35.9341],[138.3458,35.9237],[138.3381,35.9167],[138.33,35.9017],[138.3219,35.8934],[138.3143,35.8868],[138.3081,35.8789],[138.3017,35.8706],[138.2945,35.8631],[138.2867,35.8564],[138.2761,35.8619],[138.2698,35.8701],[138.2608,35.8765],[138.25,35.8822],[138.2401,35.8771],[138.2324,35.8637],[138.2263,35.8519],[138.2208,35.8427],[138.2154,35.8334],[138.207,35.8221],[138.2066,35.8109],[138.1989,35.8029],[138.1908,35.7959],[138.192,35.7849],[138.201,35.7785],[138.2167,35.7718],[138.2258,35.7649],[138.2353,35.7604],[138.2328,35.75],[138.2191,35.7409],[138.2107,35.7331],[138.2024,35.7272],[138.1931,35.7206],[138.1847,35.7145],[138.1875,35.7039],[138.1955,35.6957],[138.1967,35.6856],[138.1955,35.6755],[138.2004,35.6667],[138.2087,35.6607],[138.2133,35.6496],[138.2216,35.6413],[138.2127,35.6309],[138.2059,35.6228],[138.2071,35.6125],[138.2067,35.6024],[138.2003,35.5934],[138.196,35.5831],[138.192,35.5734],[138.1812,35.5719],[138.174,35.5792],[138.1636,35.5744],[138.1548,35.5676],[138.1454,35.5523],[138.1566,35.5503],[138.1623,35.5416],[138.1552,35.5338],[138.1483,35.5255],[138.1414,35.5182],[138.1492,35.51],[138.1429,35.4996],[138.1567,35.4929],[138.1632,35.4852],[138.1595,35.4738],[138.1628,35.464],[138.156,35.4558],[138.1449,35.456],[138.1352,35.4505],[138.125,35.4531],[138.125,35.4393],[138.125,35.4253],[138.1418,35.4167],[138.1415,35.4031],[138.152,35.3977],[138.154,35.3867],[138.1483,35.3783],[138.145,35.3677],[138.1356,35.3629],[138.125,35.3641],[138.109,35.3549],[138.0997,35.3508],[138.099,35.34],[138.0905,35.3347],[138.0818,35.3405],[138.0714,35.3437],[138.0613,35.3416],[138.0552,35.3334],[138.045,35.3316],[138.039,35.3221],[138.0289,35.3167],[138.0295,35.3064],[138.0218,35.2979],[138.0118,35.3006],[138.0,35.2993],[137.9847,35.2892],[137.9743,35.2861],[137.9654,35.2807],[137.9535,35.2786],[137.9451,35.2727],[137.9347,35.2727],[137.9292,35.2641],[137.9243,35.2547],[137.9141,35.2505],[137.8983,35.2546],[137.8859,35.2435],[137.8879,35.2329],[137.8833,35.223],[137.875,35.2155],[137.8632,35.2196],[137.8511,35.2182],[137.8401,35.2127],[137.8208,35.2113],[137.8102,35.2067],[137.8011,35.2019],[137.7889,35.2023],[137.7781,35.2002],[137.7696,35.206],[137.767,35.2165],[137.7528,35.2166],[137.7413,35.2188],[137.7298,35.2182],[137.7248,35.2275],[137.7106,35.229],[137.7006,35.2291],[137.6881,35.2289],[137.6778,35.2275],[137.6667,35.2245],[137.656,35.2141],[137.6448,35.2058],[137.632,35.2082],[137.6203,35.2062],[137.6027,35.1999],[137.5932,35.196],[137.5811,35.1948],[137.5808,35.2058],[137.5814,35.2163],[137.5715,35.2248],[137.5649,35.2325],[137.5549,35.2383],[137.5491,35.25],[137.5564,35.258],[137.5604,35.2676],[137.5651,35.2844],[137.5615,35.2969],[137.5647,35.3065],[137.5786,35.3136],[137.5954,35.3263],[137.6071,35.3333],[137.6043,35.3433],[137.6044,35.3535],[137.6016,35.3656],[137.601,35.376],[137.594,35.3865],[137.6106,35.3903],[137.6242,35.3906],[137.638,35.3984],[137.6303,35.4075],[137.6214,35.4161],[137.6188,35.4271],[137.6113,35.4345],[137.602,35.4389],[137.6036,35.4489],[137.6129,35.4553],[137.625,35.4643],[137.6349,35.4679],[137.6328,35.4793],[137.6286,35.4898],[137.6348,35.5058],[137.625,35.5175],[137.6162,35.5259],[137.606,35.5281],[137.5928,35.5259],[137.5819,35.5231],[137.5718,35.5172],[137.562,35.5134],[137.552,35.5151],[137.5525,35.5253],[137.5363,35.538],[137.5446,35.5525],[137.5352,35.5632],[137.5414,35.5725],[137.5396,35.5833],[137.5325,35.5907],[137.52,35.6021],[137.5195,35.6141],[137.5263,35.6218],[137.5302,35.6318],[137.5399,35.6348],[137.5451,35.6451],[137.5417,35.6552],[137.532,35.6665],[137.5235,35.6734],[137.513,35.6791],[137.502,35.6841],[137.5005,35.695],[137.4913,35.7017],[137.4904,35.7136],[137.4832,35.7233],[137.4754,35.7318],[137.4678,35.75],[137.4615,35.758],[137.4505,35.7554],[137.4408,35.7593],[137.4355,35.768],[137.4244,35.7707],[137.4107,35.7737],[137.3988,35.7734],[137.3992,35.7843],[137.3966,35.7946],[137.3861,35.7973],[137.375,35.7967],[137.3634,35.7928],[137.3542,35.7982],[137.3436,35.795],[137.3356,35.8029],[137.3293,35.8109],[137.3304,35.8225],[137.3345,35.8333],[137.3433,35.8408],[137.3544,35.8398],[137.3645,35.8438],[137.3692,35.8543],[137.3708,35.8662],[137.3741,35.8803],[137.3822,35.8876],[137.3935,35.8911],[137.4051,35.8941],[137.4172,35.8983],[137.4286,35.9005],[137.4405,35.9019],[137.4484,35.8929],[137.4573,35.8882],[137.4678,35.8884],[137.4785,35.8912],[137.4871,35.9064],[137.4921,35.9166],[137.5,35.925],[137.5053,35.9349],[137.5154,35.9377],[137.5274,35.9392],[137.532,35.9503],[137.537,35.9594],[137.5446,35.9668],[137.5464,35.9769],[137.5566,35.9843],[137.5666,35.9881],[137.5762,35.9926],[137.5872,35.9998],[137.5968,36.0084],[137.6023,36.0231],[137.6012,36.0333],[137.6041,36.0433],[137.6103,36.0514],[137.6179,36.0589],[137.6169,36.0731],[137.6053,36.0733],[137.5962,36.0776],[137.5802,36.0833],[137.5727,36.09],[137.557,36.1038],[137.5601,36.1148],[137.563,36.1254],[137.5575,36.1371],[137.5684,36.1429],[137.5737,36.1522],[137.5849,36.1567],[137.5956,36.1666],[137.595,36.1783],[137.5978,36.1879],[137.5874,36.1908],[137.5797,36.1996],[137.5784,36.2104],[137.5873,36.2195],[137.5937,36.2291],[137.5989,36.239],[137.6101,36.2498],[137.625,36.2649],[137.6313,36.2739],[137.6403,36.2804],[137.6493,36.285],[137.6511,36.2952],[137.6524,36.3064],[137.6538,36.3171],[137.6501,36.3268],[137.6492,36.3389],[137.6387,36.3393],[137.6315,36.3466],[137.6253,36.3565],[137.617,36.3635],[137.6068,36.3655],[137.5967,36.3656],[137.5892,36.3724],[137.5902,36.3866],[137.5993,36.3911],[137.6079,36.3989],[137.6079,36.409],[137.625,36.4198],[137.6358,36.4218],[137.6405,36.4314],[137.6429,36.4422],[137.6482,36.4508],[137.6575,36.4552],[137.659,36.4654],[137.655,36.4758],[137.6561,36.486],[137.6698,36.4999],[137.6764,36.5077],[137.6865,36.5097],[137.6974,36.508],[137.7068,36.5146],[137.7008,36.5345],[137.6902,36.5329],[137.6895,36.543],[137.692,36.5532],[137.6959,36.5645],[137.7072,36.5692],[137.7163,36.5747],[137.7263,36.5828],[137.7361,36.5852],[137.75,36.5841],[137.7555,36.5933],[137.75,36.6022],[137.75,36.6214],[137.7559,36.63],[137.7585,36.6411],[137.7582,36.6516],[137.7641,36.6666],[137.7632,36.6774],[137.7573,36.6864],[137.7557,36.697],[137.755,36.7087],[137.7547,36.7188],[137.7572,36.7293],[137.7585,36.7398],[137.7571,36.7513],[137.7658,36.7642],[137.7751,36.7686],[137.786,36.7704],[137.7945,36.7757],[137.8002,36.7845],[137.8097,36.7887],[137.8197,36.7935],[137.8259,36.8017],[137.8354,36.8071],[137.8382,36.8192],[137.851,36.8333],[137.8593,36.8404],[137.8632,36.8511],[137.875,36.8604],[137.875,36.8727],[137.8696,36.8826],[137.8677,36.893],[137.8676,36.903],[137.8708,36.9129],[137.8849,36.9094],[137.8954,36.907],[137.9125,36.9139],[137.9223,36.9166],[137.94,36.9103],[137.951,36.91],[137.9572,36.9018],[137.9676,36.9014],[137.9778,36.9057],[137.9891,36.9067],[138.0,36.9044],[138.0167,36.9006],[138.0238,36.8879],[138.0346,36.8878],[138.0354,36.8777],[138.0292,36.8693],[138.024,36.8604],[138.019,36.8504],[138.0233,36.8402],[138.015,36.8334],[138.0073,36.825],[138.0161,36.8185],[138.026,36.8152],[138.0352,36.8091],[138.0487,36.8069],[138.0555,36.7969],[138.0662,36.8004],[138.0759,36.8049],[138.0786,36.8164],[138.0849,36.8262],[138.0952,36.8332],[138.1027,36.8401],[138.1131,36.8432],[138.1235,36.8454],[138.1351,36.8469],[138.1456,36.8445],[138.1557,36.8428],[138.1657,36.8411],[138.1764,36.8439],[138.1861,36.8487],[138.1966,36.8506],[138.207,36.8551],[138.2169,36.8679],[138.2258,36.8621],[138.2378,36.8613],[138.25,36.8618],[138.2602,36.8655],[138.268,36.8588],[138.2747,36.8509],[138.2747,36.8398],[138.2872,36.8416],[138.2944,36.8488],[138.2956,36.8589],[138.296,36.8699],[138.2997,36.8794],[138.2961,36.898],[138.3004,36.9089],[138.3115,36.9167],[138.3214,36.9221],[138.3319,36.9237],[138.3423,36.9196],[138.3516,36.9253],[138.3607,36.9306],[138.3658,36.9393],[138.3668,36.9499],[138.375,36.9629],[138.3821,36.9773],[138.3915,36.9829],[138.3978,36.9942],[138.4085,36.9953],[138.4264,37.0022],[138.4363,37.0039],[138.4455,37.0096],[138.4552,37.0128],[138.4673,37.0155],[138.4794,37.017],[138.4908,37.017],[138.5061,37.0223],[138.517,37.0264],[138.5279,37.0273]]]]}},{"type":"Feature","properties":{"name":"富山県"},"geometry":{"type":"MultiPolygon","coordinates":[[[[136.9889,36.9631],[137.0,36.9638],[137.013,36.9589],[137.0238,36.9605],[137.0345,36.9617],[137.0446,36.9623],[137.0563,36.9571],[137.0539,36.9543],[137.0362,36.9418],[137.0328,36.9362],[137.0328,36.9325],[137.0385,36.9237],[137.0369,36.9201],[137.0257,36.9118],[137.0226,36.907],[137.0101,36.8933],[137.0004,36.8858],[136.9921,36.8804],[136.9882,36.8731],[136.9963,36.8626],[137.0019,36.8545],[137.0221,36.8342],[137.0661,36.803],[137.0671,36.7999],[137.0603,36.7928],[137.0621,36.7874],[137.0702,36.7919],[137.0728,36.7913],[137.0738,36.7882],[137.0787,36.7877],[137.0849,36.7921],[137.1064,36.7829],[137.124,36.7782],[137.1276,36.7734],[137.1305,36.774],[137.1331,36.7749],[137.1481,36.7698],[137.1626,36.7668],[137.1736,36.7619],[137.1746,36.7592],[137.1916,36.7561],[137.1973,36.758],[137.2232,36.7608],[137.2258,36.7622],[137.2268,36.7589],[137.2221,36.7508],[137.2226,36.7401],[137.2243,36.7368],[137.2267,36.7364],[137.2265,36.7476],[137.2349,36.7616],[137.2403,36.7636],[137.297,36.7574],[137.3038,36.7596],[137.3095,36.7596],[137.3206,36.7589],[137.3326,36.7622],[137.3378,36.768],[137.3433,36.7709],[137.3461,36.7744],[137.3454,36.7763],[137.3475,36.7801],[137.3535,36.784],[137.36,36.7857],[137.3842,36.801],[137.393,36.8066],[137.3958,36.8228],[137.411,36.8455],[137.4118,36.8557],[137.415,36.8609],[137.4192,36.8669],[137.4198,36.8686],[137.4221,36.8755],[137.4217,36.8815],[137.4122,36.8997],[137.4193,36.912],[137.4224,36.9122],[137.4266,36.9164],[137.4316,36.9178],[137.4556,36.9028],[137.4634,36.902],[137.4768,36.8948],[137.4877,36.8939],[137.4978,36.8886],[137.5045,36.8892],[137.5043,36.8907],[137.4898,36.8993],[137.4743,36.9009],[137.4634,36.9053],[137.4548,36.911],[137.4433,36.9186],[137.4378,36.919],[137.4319,36.9241],[137.4671,36.9418],[137.4997,36.9556],[137.5231,36.9613],[137.5483,36.9622],[137.567,36.9629],[137.5783,36.9668],[137.5929,36.9752],[137.6348,36.9809],[137.648,36.9699],[137.6569,36.9618],[137.6644,36.9541],[137.6733,36.9475],[137.6831,36.945],[137.6926,36.9401],[137.7033,36.9396],[137.7149,36.9372],[137.7202,36.9272],[137.7206,36.9161],[137.7206,36.9042],[137.7162,36.8887],[137.7231,36.8801],[137.7309,36.8735],[137.736,36.8641],[137.7377,36.8537],[137.7364,36.8432],[137.7359,36.8327],[137.7417,36.816],[137.75,36.8083],[137.7573,36.7924],[137.7534,36.7827],[137.7578,36.7727],[137.7658,36.7642],[137.7571,36.7513],[137.7585,36.7398],[137.7572,36.7293],[137.7547,36.7188],[137.755,36.7087],[137.7557,36.697],[137.7573,36.6864],[137.7632,36.6774],[137.7641,36.6666],[137.7582,36.6516],[137.7585,36.6411],[137.7559,36.63],[137.75,36.6214],[137.75,36.6022],[137.7555,36.5933],[137.75,36.5841],[137.7361,36.5852],[137.7263,36.5828],[137.7163,36.5747],[137.7072,36.5692],[137.6959,36.5645],[137.692,36.5532],[137.6895,36.543],[137.6902,36.5329],[137.7008,36.5345],[137.7068,36.5146],[137.6974,36.508],[137.6865,36.5097],[137.6764,36.5077],[137.6698,36.4999],[137.6561,36.486],[137.655,36.4758],[137.659,36.4654],[137.6575,36.4552],[137.6482,36.4508],[137.6429,36.4422],[137.6405,36.4314],[137.6358,36.4218],[137.625,36.4198],[137.6079,36.409],[137.6079,36.3989],[137.5993,36.3911],[137.5902,36.3866],[137.5783,36.3897],[137.5681,36.3854],[137.5563,36.3855],[137.5429,36.3894],[137.5347,36.3983],[137.5237,36.4028],[137.5154,36.4161],[137.5,36.4231],[137.4901,36.4207],[137.4776,36.4223],[137.4639,36.4095],[137.4525,36.4135],[137.4395,36.4166],[137.4282,36.4193],[137.4175,36.4222],[137.4068,36.4239],[137.4,36.4314],[137.398,36.4414],[137.3925,36.4556],[137.3827,36.4516],[137.369,36.4477],[137.3609,36.4406],[137.3559,36.4316],[137.3446,36.43],[137.3332,36.4272],[137.3242,36.4227],[137.3132,36.4245],[137.3099,36.4343],[137.3165,36.443],[137.3196,36.4533],[137.3115,36.4605],[137.3011,36.4553],[137.2905,36.4582],[137.2814,36.4626],[137.2696,36.4565],[137.2581,36.4513],[137.2509,36.4585],[137.2421,36.448],[137.225,36.4398],[137.207,36.4343],[137.1994,36.4429],[137.1945,36.4522],[137.1769,36.4488],[137.1668,36.4514],[137.158,36.4465],[137.1471,36.4424],[137.1395,36.4344],[137.1328,36.4251],[137.1263,36.4166],[137.1111,36.4065],[137.1048,36.3964],[137.0957,36.3914],[137.0977,36.3808],[137.0791,36.3801],[137.0709,36.3739],[137.0612,36.3686],[137.0592,36.3517],[137.0521,36.3429],[137.0551,36.3333],[137.0484,36.3213],[137.0408,36.3143],[137.0306,36.3141],[137.0241,36.3064],[137.0168,36.2977],[137.0108,36.2873],[137.0,36.2847],[136.9861,36.2778],[136.9782,36.2714],[136.9608,36.2745],[136.9636,36.2846],[136.9706,36.2951],[136.974,36.3047],[136.9707,36.3146],[136.9643,36.3245],[136.9566,36.3361],[136.9407,36.3458],[136.9305,36.3488],[136.921,36.3527],[136.9101,36.3574],[136.8998,36.3495],[136.8922,36.3424],[136.8833,36.3472],[136.8793,36.3667],[136.8689,36.3544],[136.8602,36.3467],[136.8496,36.3477],[136.8404,36.3437],[136.844,36.3333],[136.8391,36.3176],[136.8337,36.3072],[136.8258,36.3001],[136.815,36.2997],[136.7961,36.2969],[136.7932,36.3113],[136.7917,36.3221],[136.7889,36.3333],[136.7945,36.3447],[136.8051,36.3507],[136.8029,36.3676],[136.8004,36.3853],[136.7983,36.3953],[136.7916,36.403],[136.7834,36.4096],[136.7822,36.428],[136.7901,36.4362],[136.7984,36.4421],[136.7923,36.4514],[136.7995,36.4668],[136.8021,36.4776],[136.8002,36.4894],[136.7994,36.5086],[136.8057,36.5181],[136.8112,36.5286],[136.8156,36.5384],[136.8199,36.5491],[136.8143,36.5578],[136.8054,36.5656],[136.7969,36.5729],[136.7977,36.5833],[136.7915,36.5912],[136.7885,36.6079],[136.7874,36.6189],[136.7937,36.6277],[136.8032,36.6339],[136.8076,36.6441],[136.8128,36.6531],[136.8262,36.6693],[136.8229,36.6811],[136.8145,36.6879],[136.8161,36.6999],[136.8062,36.7055],[136.7973,36.7109],[136.7964,36.7211],[136.8116,36.727],[136.8227,36.7279],[136.8259,36.7379],[136.8389,36.7413],[136.8505,36.7543],[136.852,36.7701],[136.8536,36.7836],[136.8537,36.8019],[136.8541,36.8129],[136.8605,36.8232],[136.8596,36.8333],[136.8647,36.8422],[136.8664,36.8546],[136.8763,36.8644],[136.8846,36.8718],[136.8857,36.8841],[136.881,36.8967],[136.8885,36.9106],[136.8981,36.9194],[136.9074,36.9236],[136.9177,36.9275],[136.9254,36.9345],[136.9303,36.9439],[136.9399,36.9477],[136.9522,36.9525],[136.9636,36.9486],[136.9735,36.9446],[136.9845,36.9488],[136.9889,36.9631]]]]}},{"type":"Feature","properties":{"name":"茨城県"},"geometry":{"type":"MultiPolygon","coordinates":[[[[140.5894,36.9421],[140.596,36.9332],[140.5967,36.9232],[140.6062,36.9166],[140.6127,36.9084],[140.6185,36.9003],[140.635,36.8967],[140.6463,36.8959],[140.6573,36.8977],[140.667,36.8935],[140.6775,36.8903],[140.6882,36.8874],[140.6988,36.8849],[140.707,36.8789],[140.7144,36.8721],[140.733,36.8711],[140.7438,36.8723],[140.7632,36.8648],[140.7763,36.8635],[140.787,36.86],[140.7986,36.8556],[140.8051,36.8408],[140.8064,36.8341],[140.8048,36.8291],[140.8016,36.8276],[140.7861,36.8281],[140.7796,36.8235],[140.7654,36.8047],[140.7605,36.7949],[140.7545,36.7894],[140.7492,36.7773],[140.7435,36.7505],[140.7364,36.7351],[140.7315,36.714],[140.7239,36.6973],[140.7224,36.6831],[140.719,36.6715],[140.7195,36.6673],[140.7201,36.6627],[140.7155,36.6577],[140.7153,36.6543],[140.7084,36.6521],[140.7058,36.6457],[140.6998,36.6394],[140.6924,36.6166],[140.6783,36.6042],[140.6759,36.5976],[140.6685,36.5779],[140.6599,36.5713],[140.6571,36.5664],[140.651,36.5432],[140.6448,36.5321],[140.6355,36.5023],[140.6299,36.4975],[140.6278,36.4913],[140.6208,36.4819],[140.6148,36.4688],[140.6149,36.461],[140.61,36.4351],[140.6145,36.4003],[140.6182,36.3916],[140.6275,36.385],[140.6306,36.3801],[140.6311,36.3753],[140.6275,36.3637],[140.6266,36.3623],[140.6196,36.3506],[140.6079,36.3389],[140.6019,36.3363],[140.5907,36.3354],[140.5937,36.333],[140.6006,36.332],[140.6015,36.3294],[140.6016,36.3255],[140.5975,36.3145],[140.5869,36.3051],[140.5828,36.3046],[140.5775,36.3077],[140.5719,36.3074],[140.568,36.3034],[140.5646,36.2696],[140.568,36.2357],[140.5686,36.2296],[140.58,36.1718],[140.6037,36.1135],[140.6182,36.0778],[140.6339,36.0531],[140.6396,36.0385],[140.6514,36.021],[140.6623,35.9983],[140.663,35.9973],[140.6676,35.9923],[140.6721,35.9902],[140.6812,35.9782],[140.6878,35.9683],[140.6929,35.9593],[140.6967,35.9553],[140.7011,35.9554],[140.7029,35.9488],[140.7067,35.9402],[140.7079,35.9275],[140.6936,35.9189],[140.682,35.9187],[140.6694,35.9231],[140.6678,35.921],[140.6702,35.9184],[140.6816,35.9156],[140.6846,35.9125],[140.6842,35.9098],[140.6869,35.9081],[140.6902,35.8977],[140.6987,35.8885],[140.7036,35.8871],[140.7046,35.8883],[140.6957,35.8997],[140.6974,35.9029],[140.6949,35.9087],[140.7086,35.9191],[140.7095,35.9199],[140.7237,35.92],[140.7308,35.9096],[140.7572,35.8608],[140.7871,35.8191],[140.8124,35.7838],[140.8333,35.7614],[140.8442,35.7533],[140.8524,35.744],[140.8552,35.7429],[140.8584,35.7413],[140.8607,35.7462],[140.8658,35.7454],[140.8712,35.7404],[140.8802,35.7259],[140.8807,35.7217],[140.8773,35.7161],[140.798,35.7507],[140.7864,35.758],[140.7662,35.7694],[140.744,35.7825],[140.7353,35.7903],[140.728,35.7996],[140.7239,35.8101],[140.7197,35.8207],[140.7095,35.8333],[140.6982,35.8404],[140.6876,35.8456],[140.6779,35.8482],[140.6665,35.8502],[140.6497,35.8503],[140.6368,35.853],[140.625,35.8565],[140.6153,35.8614],[140.6049,35.8686],[140.5965,35.8767],[140.5885,35.884],[140.5774,35.8916],[140.5674,35.8966],[140.5576,35.8992],[140.5436,35.8998],[140.5316,35.8993],[140.5213,35.895],[140.5092,35.8982],[140.4992,35.9035],[140.4852,35.9078],[140.4761,35.9143],[140.4662,35.9165],[140.454,35.9144],[140.4381,35.9085],[140.4259,35.9034],[140.4152,35.9047],[140.4047,35.9062],[140.3931,35.904],[140.3822,35.8999],[140.3643,35.895],[140.356,35.8883],[140.3509,35.8794],[140.3416,35.8723],[140.3326,35.8658],[140.3208,35.8611],[140.3021,35.8638],[140.2906,35.8691],[140.2801,35.8704],[140.2687,35.8658],[140.25,35.8541],[140.238,35.8526],[140.2283,35.855],[140.2172,35.8594],[140.2065,35.8584],[140.1967,35.8536],[140.1873,35.8484],[140.177,35.8458],[140.1661,35.842],[140.1548,35.8416],[140.1462,35.8487],[140.1387,35.8558],[140.1251,35.8713],[140.1148,35.8742],[140.1051,35.8796],[140.0938,35.8821],[140.0808,35.8818],[140.0704,35.883],[140.0603,35.8877],[140.0488,35.8904],[140.0403,35.8956],[140.0304,35.9016],[140.0175,35.9082],[140.0004,35.9068],[139.9775,35.9186],[139.9675,35.9231],[139.9589,35.93],[139.9474,35.9358],[139.9389,35.9424],[139.9387,35.9541],[139.9373,35.9652],[139.9268,35.9673],[139.9121,35.9706],[139.9009,35.9752],[139.892,35.9826],[139.8827,36.0],[139.8733,36.0129],[139.8595,36.0266],[139.8501,36.0309],[139.8399,36.0385],[139.8181,36.0583],[139.811,36.0689],[139.8071,36.0833],[139.8012,36.0928],[139.7892,36.1002],[139.78,36.0938],[139.7602,36.0793],[139.7404,36.0833],[139.7306,36.1009],[139.7255,36.1146],[139.7176,36.122],[139.7129,36.1334],[139.7062,36.1419],[139.7003,36.1518],[139.6965,36.1641],[139.6946,36.177],[139.6974,36.189],[139.7053,36.2007],[139.7172,36.2066],[139.7296,36.2029],[139.7421,36.2034],[139.7526,36.2085],[139.7634,36.2161],[139.7787,36.2211],[139.7914,36.2254],[139.8257,36.2389],[139.8321,36.25],[139.8348,36.2612],[139.8413,36.2699],[139.8409,36.282],[139.8399,36.2924],[139.8462,36.3007],[139.8537,36.3085],[139.88,36.3107],[139.8926,36.3076],[139.9112,36.297],[139.9174,36.3332],[139.9272,36.3385],[139.9384,36.3403],[139.9481,36.3446],[139.9596,36.3469],[139.968,36.3524],[139.9689,36.3627],[139.9748,36.3708],[140.0025,36.3656],[140.0197,36.3732],[140.0341,36.3747],[140.054,36.374],[140.0671,36.3792],[140.0708,36.3897],[140.0697,36.4007],[140.0857,36.3998],[140.0962,36.3979],[140.104,36.3909],[140.1144,36.3951],[140.1152,36.4053],[140.125,36.41],[140.136,36.4115],[140.1475,36.4109],[140.1538,36.4017],[140.1617,36.3949],[140.1724,36.3958],[140.1884,36.3951],[140.1958,36.4033],[140.2056,36.4166],[140.2053,36.4296],[140.2079,36.4402],[140.2066,36.4513],[140.2113,36.4604],[140.2163,36.4692],[140.2224,36.4773],[140.2308,36.4837],[140.234,36.4934],[140.2447,36.4999],[140.2505,36.5114],[140.2533,36.5273],[140.2513,36.5373],[140.2526,36.5472],[140.25,36.5641],[140.248,36.5743],[140.2498,36.5914],[140.2522,36.6013],[140.2474,36.6156],[140.2394,36.6312],[140.2438,36.6411],[140.2362,36.656],[140.2348,36.6666],[140.2248,36.6712],[140.2234,36.6812],[140.2301,36.6891],[140.2376,36.6968],[140.2498,36.699],[140.2646,36.6983],[140.2745,36.7037],[140.2857,36.7054],[140.2905,36.7183],[140.2882,36.7282],[140.2799,36.7359],[140.2706,36.742],[140.2625,36.7499],[140.2587,36.7593],[140.2581,36.77],[140.2621,36.7825],[140.2683,36.7918],[140.2681,36.8021],[140.2701,36.8123],[140.2688,36.8231],[140.265,36.8342],[140.2597,36.8431],[140.2561,36.8527],[140.2578,36.8633],[140.2573,36.874],[140.2569,36.8842],[140.2551,36.8949],[140.2522,36.9051],[140.2517,36.9183],[140.2607,36.9337],[140.2887,36.9324],[140.2985,36.9274],[140.307,36.9217],[140.3195,36.9102],[140.3254,36.9014],[140.327,36.8907],[140.3367,36.8858],[140.3471,36.8826],[140.3583,36.8813],[140.3686,36.8806],[140.3736,36.8708],[140.375,36.8522],[140.3795,36.8423],[140.3855,36.8333],[140.3959,36.8294],[140.4062,36.8283],[140.4167,36.8289],[140.4244,36.8217],[140.4328,36.8158],[140.4432,36.8161],[140.4498,36.8073],[140.4566,36.7998],[140.465,36.793],[140.4774,36.7926],[140.4847,36.8009],[140.4925,36.8071],[140.4994,36.8155],[140.51,36.8196],[140.5227,36.8333],[140.532,36.8418],[140.5389,36.8503],[140.5486,36.8549],[140.5602,36.8569],[140.5756,36.8628],[140.5858,36.8647],[140.5956,36.8703],[140.5935,36.881],[140.5859,36.8894],[140.5842,36.8995],[140.5774,36.9074],[140.572,36.9234],[140.5793,36.9395],[140.5894,36.9421]]]]}},{"type":"Feature","properties":{"name":"岐阜県"},"geometry":{"type":"MultiPolygon","coordinates":[[[[137.3925,36.4556],[137.398,36.4414],[137.4,36.4314],[137.4068,36.4239],[137.4175,36.4222],[137.4282,36.4193],[137.4395,36.4166],[137.4525,36.4135],[137.4639,36.4095],[137.4776,36.4223],[137.4901,36.4207],[137.5,36.4231],[137.5154,36.4161],[137.5237,36.4028],[137.5347,36.3983],[137.5429,36.3894],[137.5563,36.3855],[137.5681,36.3854],[137.5783,36.3897],[137.5902,36.3866],[137.5892,36.3724],[137.5967,36.3656],[137.6068,36.3655],[137.617,36.3635],[137.6253,36.3565],[137.6315,36.3466],[137.6387,36.3393],[137.6492,36.3389],[137.6501,36.3268],[137.6538,36.3171],[137.6524,36.3064],[137.6511,36.2952],[137.6493,36.285],[137.6403,36.2804],[137.6313,36.2739],[137.625,36.2649],[137.6101,36.2498],[137.5989,36.239],[137.5937,36.2291],[137.5873,36.2195],[137.5784,36.2104],[137.5797,36.1996],[137.5874,36.1908],[137.5978,36.1879],[137.595,36.1783],[137.5956,36.1666],[137.5849,36.1567],[137.5737,36.1522],[137.5684,36.1429],[137.5575,36.1371],[137.563,36.1254],[137.5601,36.1148],[137.557,36.1038],[137.5727,36.09],[137.5802,36.0833],[137.5962,36.0776],[137.6053,36.0733],[137.6169,36.0731],[137.6179,36.0589],[137.6103,36.0514],[137.6041,36.0433],[137.6012,36.0333],[137.6023,36.0231],[137.5968,36.0084],[137.5872,35.9998],[137.5762,35.9926],[137.5666,35.9881],[137.5566,35.9843],[137.5464,35.9769],[137.5446,35.9668],[137.537,35.9594],[137.532,35.9503],[137.5274,35.9392],[137.5154,35.9377],[137.5053,35.9349],[137.5,35.925],[137.4921,35.9166],[137.4871,35.9064],[137.4785,35.8912],[137.4678,35.8884],[137.4573,35.8882],[137.4484,35.8929],[137.4405,35.9019],[137.4286,35.9005],[137.4172,35.8983],[137.4051,35.8941],[137.3935,35.8911],[137.3822,35.8876],[137.3741,35.8803],[137.3708,35.8662],[137.3692,35.8543],[137.3645,35.8438],[137.3544,35.8398],[137.3433,35.8408],[137.3345,35.8333],[137.3304,35.8225],[137.3293,35.8109],[137.3356,35.8029],[137.3436,35.795],[137.3542,35.7982],[137.3634,35.7928],[137.375,35.7967],[137.3861,35.7973],[137.3966,35.7946],[137.3992,35.7843],[137.3988,35.7734],[137.4107,35.7737],[137.4244,35.7707],[137.4355,35.768],[137.4408,35.7593],[137.4505,35.7554],[137.4615,35.758],[137.4678,35.75],[137.4754,35.7318],[137.4832,35.7233],[137.4904,35.7136],[137.4913,35.7017],[137.5005,35.695],[137.502,35.6841],[137.513,35.6791],[137.5235,35.6734],[137.532,35.6665],[137.5417,35.6552],[137.5451,35.6451],[137.5399,35.6348],[137.5302,35.6318],[137.5263,35.6218],[137.5195,35.6141],[137.52,35.6021],[137.5325,35.5907],[137.5396,35.5833],[137.5414,35.5725],[137.5352,35.5632],[137.5446,35.5525],[137.5363,35.538],[137.5525,35.5253],[137.552,35.5151],[137.562,35.5134],[137.5718,35.5172],[137.5819,35.5231],[137.5928,35.5259],[137.606,35.5281],[137.6162,35.5259],[137.625,35.5175],[137.6348,35.5058],[137.6286,35.4898],[137.6328,35.4793],[137.6349,35.4679],[137.625,35.4643],[137.6129,35.4553],[137.6036,35.4489],[137.602,35.4389],[137.6113,35.4345],[137.6188,35.4271],[137.6214,35.4161],[137.6303,35.4075],[137.638,35.3984],[137.6242,35.3906],[137.6106,35.3903],[137.594,35.3865],[137.601,35.376],[137.6016,35.3656],[137.6044,35.3535],[137.6043,35.3433],[137.6071,35.3333],[137.5954,35.3263],[137.5786,35.3136],[137.5647,35.3065],[137.5615,35.2969],[137.5651,35.2844],[137.5463,35.2777],[137.5357,35.2789],[137.5243,35.281],[137.5194,35.271],[137.5112,35.2631],[137.5,35.2608],[137.489,35.2542],[137.4758,35.2446],[137.466,35.238],[137.4464,35.2317],[137.4369,35.2226],[137.4243,35.2314],[137.4082,35.2351],[137.3983,35.2378],[137.3869,35.2433],[137.3878,35.2564],[137.375,35.2599],[137.3639,35.2574],[137.3452,35.2584],[137.349,35.2683],[137.3389,35.2713],[137.329,35.2768],[137.3195,35.2828],[137.3109,35.288],[137.3003,35.2862],[137.2901,35.2857],[137.279,35.2875],[137.2684,35.2829],[137.2636,35.274],[137.2543,35.2667],[137.2414,35.2617],[137.2324,35.257],[137.2144,35.2565],[137.2004,35.25],[137.1892,35.25],[137.1809,35.2558],[137.1793,35.2671],[137.1725,35.2748],[137.1628,35.2794],[137.1511,35.2778],[137.1422,35.2831],[137.125,35.2928],[137.115,35.2956],[137.1034,35.2965],[137.0996,35.2871],[137.0833,35.2934],[137.0795,35.3032],[137.0698,35.3066],[137.0683,35.3181],[137.0745,35.3266],[137.0663,35.3333],[137.0494,35.3353],[137.0487,35.3456],[137.0509,35.3622],[137.0408,35.3646],[137.032,35.3693],[137.0213,35.3733],[137.0117,35.3782],[136.9977,35.39],[136.991,35.3981],[136.9851,35.4065],[136.9919,35.4218],[136.9784,35.419],[136.9641,35.4121],[136.9582,35.3934],[136.9485,35.3907],[136.9382,35.3872],[136.9284,35.3786],[136.9167,35.3749],[136.8957,35.3748],[136.875,35.3699],[136.8589,35.3626],[136.8471,35.3577],[136.8323,35.3541],[136.8212,35.3559],[136.8107,35.3571],[136.7952,35.3651],[136.7775,35.3664],[136.7677,35.3605],[136.7585,35.3455],[136.7494,35.3334],[136.7385,35.3112],[136.7339,35.3015],[136.7285,35.2922],[136.7155,35.2821],[136.7079,35.2729],[136.7026,35.2621],[136.6942,35.2506],[136.6821,35.2368],[136.6821,35.2126],[136.6792,35.1807],[136.6763,35.1701],[136.6709,35.1455],[136.6594,35.1558],[136.6492,35.1626],[136.6486,35.1486],[136.6382,35.1447],[136.625,35.1446],[136.6163,35.1506],[136.6084,35.1662],[136.5971,35.1778],[136.5886,35.1853],[136.5826,35.1934],[136.5734,35.1995],[136.563,35.2035],[136.5606,35.2146],[136.5507,35.217],[136.552,35.2277],[136.5441,35.2352],[136.5396,35.2465],[136.5303,35.2543],[136.5182,35.25],[136.5135,35.2364],[136.5,35.2348],[136.4832,35.2316],[136.4732,35.2306],[136.4624,35.2299],[136.4543,35.223],[136.4465,35.2157],[136.437,35.2188],[136.427,35.2209],[136.418,35.2147],[136.4075,35.2209],[136.3961,35.2271],[136.3876,35.2347],[136.3818,35.2436],[136.3981,35.2524],[136.397,35.2626],[136.3986,35.2732],[136.399,35.2912],[136.4098,35.3023],[136.4154,35.3126],[136.4154,35.3233],[136.4184,35.3333],[136.424,35.3506],[136.4162,35.3575],[136.4171,35.3686],[136.4276,35.3704],[136.4394,35.3758],[136.4454,35.3869],[136.438,35.3943],[136.4286,35.3995],[136.423,35.4099],[136.4182,35.4219],[136.4209,35.4315],[136.4262,35.4416],[136.4243,35.4523],[136.4229,35.4636],[136.4116,35.4654],[136.4029,35.4724],[136.3962,35.4816],[136.391,35.4903],[136.3999,35.5045],[136.4049,35.516],[136.4032,35.5272],[136.393,35.5288],[136.3841,35.5353],[136.3804,35.5464],[136.375,35.5563],[136.3622,35.5457],[136.3594,35.5359],[136.345,35.5341],[136.3425,35.5443],[136.333,35.5476],[136.3197,35.5477],[136.3208,35.5581],[136.3256,35.5736],[136.3251,35.5849],[136.3244,35.595],[136.3205,35.6044],[136.3257,35.6142],[136.3158,35.6198],[136.3063,35.6161],[136.2924,35.6171],[136.2886,35.6268],[136.282,35.6351],[136.2825,35.646],[136.2789,35.6611],[136.292,35.6666],[136.2977,35.6774],[136.2964,35.6881],[136.3045,35.6939],[136.3124,35.7004],[136.3192,35.71],[136.3239,35.7201],[136.329,35.729],[136.3281,35.7399],[136.3246,35.7592],[136.3296,35.7693],[136.3392,35.7723],[136.3513,35.7767],[136.3656,35.7846],[136.375,35.7891],[136.385,35.791],[136.3957,35.785],[136.4073,35.7804],[136.4176,35.7793],[136.4344,35.7717],[136.4467,35.7709],[136.4568,35.7735],[136.4673,35.7725],[136.4775,35.7698],[136.4883,35.7723],[136.5,35.7623],[136.5036,35.7511],[136.5163,35.7589],[136.5158,35.7693],[136.5231,35.7783],[136.532,35.7829],[136.541,35.7777],[136.5521,35.7772],[136.5633,35.776],[136.5734,35.7741],[136.5831,35.7782],[136.5885,35.7869],[136.5981,35.7921],[136.6083,35.7904],[136.6242,35.7848],[136.6312,35.7925],[136.6411,35.7943],[136.6475,35.8032],[136.6553,35.7954],[136.6567,35.7854],[136.6687,35.7818],[136.6766,35.7882],[136.6878,35.7862],[136.6981,35.7885],[136.7091,35.7883],[136.7191,35.793],[136.7259,35.8021],[136.7372,35.8022],[136.7543,35.804],[136.7639,35.8073],[136.7747,35.8037],[136.782,35.7956],[136.794,35.8011],[136.7997,35.8108],[136.8011,35.8228],[136.8027,35.8333],[136.811,35.8399],[136.8219,35.8407],[136.8345,35.8523],[136.8331,35.8622],[136.8288,35.8715],[136.8252,35.8818],[136.8252,35.8932],[136.8192,35.9026],[136.8116,35.9097],[136.7947,35.9175],[136.7865,35.9244],[136.7924,35.9339],[136.7929,35.9445],[136.7832,35.9474],[136.7718,35.9484],[136.7621,35.9517],[136.7529,35.956],[136.7557,35.9664],[136.7554,35.978],[136.7416,35.9899],[136.7301,35.9931],[136.7344,36.009],[136.7365,36.0194],[136.7383,36.03],[136.7387,36.041],[136.7427,36.0504],[136.7578,36.0618],[136.7678,36.0655],[136.7635,36.0751],[136.7571,36.0858],[136.7591,36.0962],[136.7682,36.1039],[136.7728,36.1135],[136.776,36.1231],[136.7825,36.1307],[136.7787,36.141],[136.7753,36.1513],[136.7711,36.161],[136.7812,36.1633],[136.8017,36.1705],[136.8037,36.1817],[136.814,36.1933],[136.8226,36.2031],[136.8299,36.212],[136.8352,36.2204],[136.8429,36.2301],[136.8496,36.2394],[136.8476,36.2554],[136.8383,36.2594],[136.8281,36.2628],[136.8174,36.2669],[136.8088,36.2729],[136.8021,36.2876],[136.7961,36.2969],[136.815,36.2997],[136.8258,36.3001],[136.8337,36.3072],[136.8391,36.3176],[136.844,36.3333],[136.8404,36.3437],[136.8496,36.3477],[136.8602,36.3467],[136.8689,36.3544],[136.8793,36.3667],[136.8833,36.3472],[136.8922,36.3424],[136.8998,36.3495],[136.9101,36.3574],[136.921,36.3527],[136.9305,36.3488],[136.9407,36.3458],[136.9566,36.3361],[136.9643,36.3245],[136.9707,36.3146],[136.974,36.3047],[136.9706,36.2951],[136.9636,36.2846],[136.9608,36.2745],[136.9782,36.2714],[136.9861,36.2778],[137.0,36.2847],[137.0108,36.2873],[137.0168,36.2977],[137.0241,36.3064],[137.0306,36.3141],[137.0408,36.3143],[137.0484,36.3213],[137.0551,36.3333],[137.0521,36.3429],[137.0592,36.3517],[137.0612,36.3686],[137.0709,36.3739],[137.0791,36.3801],[137.0977,36.3808],[137.0957,36.3914],[137.1048,36.3964],[137.1111,36.4065],[137.1263,36.4166],[137.1328,36.4251],[137.1395,36.4344],[137.1471,36.4424],[137.158,36.4465],[137.1668,36.4514],[137.1769,36.4488],[137.1945,36.4522],[137.1994,36.4429],[137.207,36.4343],[137.225,36.4398],[137.2421,36.448],[137.2509,36.4585],[137.2581,36.4513],[137.2696,36.4565],[137.2814,36.4626],[137.2905,36.4582],[137.3011,36.4553],[137.3115,36.4605],[137.3196,36.4533],[137.3165,36.443],[137.3099,36.4343],[137.3132,36.4245],[137.3242,36.4227],[137.3332,36.4272],[137.3446,36.43],[137.3559,36.4316],[137.3609,36.4406],[137.369,36.4477],[137.3827,36.4516],[137.3925,36.4556]]]]}},{"type":"Feature","properties":{"name":"福井県"},"geometry":{"type":"MultiPolygon","coordinates":[[[[136.2461,36.2906],[136.2592,36.277],[136.2652,36.2691],[136.2734,36.2627],[136.2845,36.2615],[136.2952,36.2578],[136.3049,36.2544],[136.3147,36.2433],[136.3192,36.2329],[136.3294,36.2291],[136.3344,36.2145],[136.3314,36.2042],[136.3393,36.189],[136.3421,36.1779],[136.3491,36.1691],[136.3631,36.1625],[136.3745,36.1667],[136.3983,36.1663],[136.4088,36.1676],[136.4152,36.1566],[136.4263,36.1515],[136.4331,36.1423],[136.442,36.1363],[136.4533,36.1364],[136.4658,36.1344],[136.4745,36.1437],[136.4837,36.1512],[136.4936,36.1555],[136.5,36.1466],[136.5155,36.1439],[136.5249,36.148],[136.5356,36.1446],[136.5441,36.1505],[136.5548,36.1518],[136.5658,36.1429],[136.5759,36.14],[136.5842,36.1334],[136.5936,36.1282],[136.6058,36.1255],[136.6112,36.1158],[136.6166,36.1072],[136.6284,36.101],[136.638,36.0959],[136.6489,36.0915],[136.6561,36.0833],[136.6611,36.066],[136.6803,36.0666],[136.69,36.0692],[136.7001,36.0706],[136.7098,36.0763],[136.7206,36.0786],[136.7317,36.0784],[136.7417,36.0773],[136.7571,36.0858],[136.7635,36.0751],[136.7678,36.0655],[136.7578,36.0618],[136.7427,36.0504],[136.7387,36.041],[136.7383,36.03],[136.7365,36.0194],[136.7344,36.009],[136.7301,35.9931],[136.7416,35.9899],[136.7554,35.978],[136.7557,35.9664],[136.7529,35.956],[136.7621,35.9517],[136.7718,35.9484],[136.7832,35.9474],[136.7929,35.9445],[136.7924,35.9339],[136.7865,35.9244],[136.7947,35.9175],[136.8116,35.9097],[136.8192,35.9026],[136.8252,35.8932],[136.8252,35.8818],[136.8288,35.8715],[136.8331,35.8622],[136.8345,35.8523],[136.8219,35.8407],[136.811,35.8399],[136.8027,35.8333],[136.8011,35.8228],[136.7997,35.8108],[136.794,35.8011],[136.782,35.7956],[136.7747,35.8037],[136.7639,35.8073],[136.7543,35.804],[136.7372,35.8022],[136.7259,35.8021],[136.7191,35.793],[136.7091,35.7883],[136.6981,35.7885],[136.6878,35.7862],[136.6766,35.7882],[136.6687,35.7818],[136.6567,35.7854],[136.6553,35.7954],[136.6475,35.8032],[136.6411,35.7943],[136.6312,35.7925],[136.6242,35.7848],[136.6083,35.7904],[136.5981,35.7921],[136.5885,35.7869],[136.5831,35.7782],[136.5734,35.7741],[136.5633,35.776],[136.5521,35.7772],[136.541,35.7777],[136.532,35.7829],[136.5231,35.7783],[136.5158,35.7693],[136.5163,35.7589],[136.5036,35.7511],[136.5,35.7623],[136.4883,35.7723],[136.4775,35.7698],[136.4673,35.7725],[136.4568,35.7735],[136.4467,35.7709],[136.4344,35.7717],[136.4176,35.7793],[136.4073,35.7804],[136.3957,35.785],[136.385,35.791],[136.375,35.7891],[136.3656,35.7846],[136.3513,35.7767],[136.3392,35.7723],[136.3296,35.7693],[136.3246,35.7592],[136.3281,35.7399],[136.329,35.729],[136.3239,35.7201],[136.3192,35.71],[136.3124,35.7004],[136.3045,35.6939],[136.2964,35.6881],[136.2977,35.6774],[136.292,35.6666],[136.2789,35.6611],[136.2605,35.6679],[136.247,35.6714],[136.2382,35.6782],[136.2268,35.6782],[136.2121,35.6838],[136.2023,35.6866],[136.1976,35.6957],[136.1872,35.7],[136.175,35.699],[136.1643,35.6939],[136.1534,35.6945],[136.1506,35.6839],[136.1431,35.6751],[136.1375,35.6666],[136.1459,35.6607],[136.1535,35.6538],[136.1557,35.6431],[136.1612,35.6337],[136.1629,35.6227],[136.1702,35.6139],[136.1747,35.6039],[136.1796,35.5937],[136.1734,35.5833],[136.1732,35.5731],[136.1727,35.5628],[136.1524,35.5681],[136.1423,35.572],[136.1317,35.5722],[136.1167,35.576],[136.1136,35.5588],[136.1107,35.5486],[136.0991,35.5318],[136.0897,35.5361],[136.08,35.5319],[136.0739,35.5236],[136.064,35.5279],[136.0544,35.5308],[136.0442,35.5286],[136.0334,35.5264],[136.0261,35.5156],[136.0186,35.5075],[136.0104,35.4902],[136.0,35.4889],[135.9872,35.486],[135.9789,35.4918],[135.9618,35.5012],[135.9543,35.5088],[135.9479,35.518],[135.9409,35.5097],[135.937,35.5],[135.9326,35.489],[135.925,35.4822],[135.9222,35.4717],[135.919,35.4589],[135.9172,35.4477],[135.9155,35.437],[135.9141,35.4271],[135.904,35.4232],[135.896,35.4166],[135.895,35.4032],[135.8863,35.3984],[135.8768,35.394],[135.8663,35.3916],[135.8574,35.3972],[135.8486,35.4082],[135.8384,35.4086],[135.8272,35.4114],[135.8153,35.4084],[135.8128,35.3985],[135.8125,35.3875],[135.8038,35.3818],[135.7936,35.3833],[135.7833,35.3709],[135.7774,35.362],[135.771,35.3526],[135.75,35.3547],[135.7411,35.349],[135.731,35.3492],[135.7203,35.3515],[135.7123,35.3442],[135.7015,35.3418],[135.6914,35.3448],[135.68,35.3465],[135.6714,35.3535],[135.6609,35.3559],[135.6511,35.3592],[135.6397,35.3605],[135.625,35.3664],[135.6141,35.3644],[135.6032,35.3679],[135.5926,35.3651],[135.5824,35.3716],[135.5722,35.372],[135.5617,35.3732],[135.5508,35.3735],[135.5372,35.3742],[135.5298,35.3817],[135.5337,35.3919],[135.528,35.4001],[135.5306,35.4104],[135.5202,35.4192],[135.51,35.4193],[135.5,35.4284],[135.4918,35.4356],[135.4822,35.4463],[135.4725,35.4538],[135.4641,35.4607],[135.4622,35.4706],[135.4701,35.4807],[135.4777,35.4898],[135.4789,35.5023],[135.4691,35.5073],[135.4604,35.513],[135.4524,35.5199],[135.4574,35.5309],[135.4622,35.5397],[135.4689,35.5484],[135.4761,35.5627],[135.4772,35.5626],[135.4788,35.5585],[135.4829,35.5585],[135.4908,35.555],[135.484,35.5506],[135.483,35.5481],[135.484,35.5449],[135.4844,35.5435],[135.4789,35.5388],[135.4764,35.5309],[135.478,35.5303],[135.4871,35.5341],[135.4884,35.531],[135.4863,35.5222],[135.4891,35.5227],[135.4954,35.528],[135.4985,35.5255],[135.4993,35.5215],[135.5085,35.5231],[135.5081,35.5293],[135.5128,35.5352],[135.5115,35.5381],[135.5049,35.5393],[135.5056,35.5429],[135.502,35.5449],[135.5052,35.5539],[135.5137,35.5488],[135.5223,35.551],[135.5236,35.5472],[135.5224,35.5428],[135.5207,35.5368],[135.5227,35.5278],[135.521,35.5201],[135.516,35.514],[135.5133,35.5071],[135.5185,35.4977],[135.5309,35.4893],[135.5444,35.4892],[135.5487,35.4918],[135.5535,35.4981],[135.556,35.4969],[135.561,35.4902],[135.5758,35.4912],[135.5795,35.4961],[135.5866,35.498],[135.5934,35.5037],[135.6008,35.51],[135.6109,35.5164],[135.6213,35.5188],[135.6233,35.5213],[135.6222,35.524],[135.6242,35.5274],[135.6328,35.531],[135.6371,35.5361],[135.6422,35.5367],[135.6503,35.5435],[135.6556,35.5429],[135.6589,35.5448],[135.6661,35.5447],[135.6665,35.5345],[135.6711,35.533],[135.6743,35.5239],[135.6718,35.5224],[135.6586,35.53],[135.651,35.5253],[135.6419,35.5198],[135.6343,35.5202],[135.6359,35.516],[135.642,35.5167],[135.6438,35.515],[135.642,35.5121],[135.6457,35.5065],[135.6391,35.5031],[135.6334,35.4934],[135.6288,35.4894],[135.6232,35.4917],[135.6056,35.4896],[135.5961,35.4939],[135.5877,35.4938],[135.5857,35.4907],[135.5962,35.4893],[135.6114,35.4824],[135.6175,35.4831],[135.623,35.4852],[135.6377,35.4803],[135.6535,35.4794],[135.6588,35.4816],[135.6648,35.4914],[135.6689,35.4917],[135.6768,35.4878],[135.6977,35.489],[135.7038,35.4931],[135.7063,35.4929],[135.7077,35.4893],[135.714,35.4883],[135.7167,35.4836],[135.7205,35.483],[135.723,35.4842],[135.7248,35.488],[135.7232,35.4916],[135.7354,35.495],[135.74,35.4938],[135.7404,35.4943],[135.7483,35.5037],[135.757,35.52],[135.7559,35.529],[135.7591,35.5328],[135.765,35.5305],[135.766,35.5345],[135.7642,35.5374],[135.7535,35.5352],[135.7505,35.5319],[135.7451,35.5347],[135.741,35.5322],[135.7368,35.5217],[135.7335,35.5194],[135.7295,35.5181],[135.7213,35.5187],[135.7189,35.5272],[135.7221,35.5379],[135.7179,35.5412],[135.7056,35.5415],[135.7003,35.5417],[135.6926,35.547],[135.6943,35.5493],[135.7025,35.5527],[135.7097,35.5618],[135.7156,35.5639],[135.717,35.57],[135.7245,35.5682],[135.7418,35.569],[135.7462,35.5657],[135.7544,35.5645],[135.757,35.5622],[135.756,35.5563],[135.76,35.5468],[135.7745,35.5446],[135.7742,35.5492],[135.767,35.5552],[135.769,35.5562],[135.7719,35.5549],[135.785,35.5487],[135.7868,35.5414],[135.7922,35.5422],[135.793,35.5406],[135.79,35.5349],[135.8,35.5262],[135.8038,35.5311],[135.8148,35.5286],[135.8191,35.5314],[135.815,35.537],[135.8193,35.5372],[135.8262,35.5348],[135.8356,35.5355],[135.8372,35.5365],[135.8276,35.5492],[135.8248,35.55],[135.8216,35.5556],[135.8173,35.5575],[135.8157,35.561],[135.8095,35.563],[135.8059,35.5689],[135.8092,35.5724],[135.814,35.5729],[135.8145,35.5765],[135.8175,35.5765],[135.8201,35.574],[135.8245,35.5738],[135.8301,35.5693],[135.8328,35.5634],[135.8412,35.5639],[135.8528,35.5745],[135.8515,35.5774],[135.854,35.5801],[135.8586,35.5806],[135.8606,35.5827],[135.8593,35.5847],[135.8623,35.5875],[135.8618,35.5893],[135.8572,35.5904],[135.8559,35.5924],[135.8555,35.6016],[135.8517,35.5991],[135.8479,35.5988],[135.8459,35.6003],[135.8468,35.6036],[135.8455,35.6068],[135.8379,35.6025],[135.8342,35.6061],[135.833,35.6073],[135.8314,35.61],[135.8329,35.6131],[135.84,35.6165],[135.842,35.6224],[135.84,35.6238],[135.8284,35.6254],[135.8271,35.6285],[135.8299,35.6342],[135.8253,35.635],[135.8184,35.632],[135.8161,35.6366],[135.819,35.6445],[135.8262,35.6442],[135.8329,35.6403],[135.8482,35.6368],[135.8509,35.6268],[135.8604,35.6236],[135.8627,35.6209],[135.8612,35.6181],[135.868,35.6107],[135.8692,35.6106],[135.8741,35.6103],[135.885,35.6171],[135.8906,35.6167],[135.8955,35.613],[135.8976,35.6134],[135.8985,35.6218],[135.9003,35.6237],[135.9048,35.6243],[135.9102,35.6241],[135.9133,35.62],[135.9126,35.6146],[135.9211,35.6088],[135.9295,35.6099],[135.9374,35.6143],[135.9503,35.6265],[135.9523,35.6297],[135.9515,35.634],[135.9576,35.6335],[135.9674,35.6225],[135.9715,35.6229],[135.9731,35.6231],[135.9812,35.6296],[135.9874,35.6416],[135.9745,35.6553],[135.9692,35.6546],[135.9681,35.659],[135.9716,35.669],[135.9705,35.6734],[135.9791,35.681],[135.9803,35.6856],[135.979,35.692],[135.9807,35.6977],[135.9755,35.7091],[135.9729,35.7112],[135.9686,35.7091],[135.9681,35.707],[135.9722,35.7033],[135.9684,35.7007],[135.9626,35.7011],[135.9597,35.703],[135.9625,35.7049],[135.9626,35.7069],[135.9632,35.7159],[135.9593,35.7209],[135.96,35.7249],[135.9654,35.727],[135.975,35.7361],[135.9786,35.7336],[135.9834,35.7342],[135.986,35.7388],[135.9946,35.747],[136.0091,35.7528],[136.0215,35.7641],[136.0249,35.7648],[136.0269,35.7602],[136.0331,35.7563],[136.0358,35.7486],[136.0399,35.7432],[136.0392,35.7398],[136.0356,35.7423],[136.0285,35.7466],[136.0262,35.7472],[136.0266,35.7453],[136.0333,35.7403],[136.0398,35.7304],[136.0409,35.7212],[136.0443,35.7152],[136.043,35.7085],[136.0477,35.705],[136.0462,35.7017],[136.0513,35.6956],[136.0503,35.6929],[136.0465,35.6904],[136.0393,35.6931],[136.03,35.6836],[136.0362,35.6776],[136.0434,35.6743],[136.0472,35.6695],[136.0501,35.6578],[136.0545,35.6562],[136.065,35.6584],[136.0716,35.6613],[136.0751,35.6651],[136.0833,35.667],[136.0791,35.673],[136.0809,35.6804],[136.0849,35.681],[136.0888,35.6844],[136.089,35.6879],[136.0856,35.6896],[136.083,35.6987],[136.0837,35.7038],[136.0926,35.7113],[136.0937,35.7133],[136.1004,35.7251],[136.0985,35.7362],[136.0901,35.7397],[136.099,35.7435],[136.1041,35.7488],[136.1019,35.7625],[136.1033,35.7744],[136.1004,35.7832],[136.0904,35.7954],[136.075,35.8223],[136.0719,35.8268],[136.0652,35.8306],[136.0138,35.8728],[135.9993,35.8911],[135.998,35.8961],[136.0002,35.9059],[135.9988,35.9172],[136.0012,35.9235],[136.0018,35.9251],[136.0001,35.9366],[135.9911,35.9457],[135.9882,35.9528],[135.9716,35.9659],[135.9649,35.9746],[135.9619,35.9854],[135.9688,35.9963],[135.9685,36.0013],[135.9899,36.0081],[136.0043,36.0213],[136.0151,36.0313],[136.0197,36.0405],[136.0186,36.0451],[136.0211,36.0507],[136.0279,36.0698],[136.032,36.0723],[136.0311,36.0762],[136.0359,36.0861],[136.0333,36.0919],[136.0512,36.1075],[136.0547,36.1152],[136.0583,36.1178],[136.0593,36.1186],[136.0587,36.1276],[136.0764,36.132],[136.1073,36.1602],[136.1172,36.173],[136.1301,36.1954],[136.1365,36.2033],[136.1392,36.214],[136.1418,36.2163],[136.1446,36.2186],[136.1373,36.223],[136.1313,36.2334],[136.1321,36.2363],[136.1359,36.2392],[136.1284,36.2459],[136.1346,36.2499],[136.1467,36.2493],[136.1518,36.2518],[136.1572,36.2514],[136.1639,36.2477],[136.1688,36.2471],[136.1871,36.2529],[136.1978,36.2594],[136.2194,36.2687],[136.2371,36.2832],[136.2461,36.2906]]]]}},{"type":"Feature","properties":{"name":"埼玉県"},"geometry":{"type":"MultiPolygon","coordinates":[[[[139.1303,36.2759],[139.1517,36.2754],[139.1656,36.2737],[139.187,36.2644],[139.1967,36.261],[139.215,36.256],[139.2516,36.2384],[139.2819,36.2445],[139.2938,36.2412],[139.3095,36.2345],[139.3313,36.2329],[139.3405,36.2382],[139.3524,36.2414],[139.3639,36.2434],[139.375,36.2414],[139.3916,36.2297],[139.4015,36.2238],[139.42,36.2148],[139.4378,36.2009],[139.4473,36.1936],[139.4569,36.1885],[139.4669,36.1861],[139.4803,36.1867],[139.4941,36.1886],[139.5136,36.1896],[139.5256,36.1889],[139.5373,36.1899],[139.5489,36.1939],[139.5598,36.1978],[139.576,36.2007],[139.5857,36.2061],[139.5958,36.2061],[139.6056,36.2011],[139.613,36.1935],[139.622,36.1864],[139.6354,36.1925],[139.6469,36.1936],[139.6528,36.2028],[139.6625,36.2176],[139.6725,36.2121],[139.7053,36.2007],[139.6974,36.189],[139.6946,36.177],[139.6965,36.1641],[139.7003,36.1518],[139.7062,36.1419],[139.7129,36.1334],[139.7176,36.122],[139.7255,36.1146],[139.7306,36.1009],[139.7404,36.0833],[139.7602,36.0793],[139.78,36.0938],[139.7827,36.0777],[139.7882,36.0645],[139.7937,36.0561],[139.8033,36.0467],[139.8161,36.0359],[139.8199,36.0257],[139.8193,36.0053],[139.8186,35.9931],[139.8254,35.9844],[139.8387,35.9594],[139.8436,35.9466],[139.8494,35.938],[139.8585,35.9319],[139.8782,35.9098],[139.8842,35.9007],[139.8917,35.8917],[139.8968,35.882],[139.9,35.871],[139.9038,35.8602],[139.8981,35.8476],[139.8925,35.8373],[139.8956,35.8157],[139.8924,35.8052],[139.875,35.7943],[139.8628,35.792],[139.8479,35.7952],[139.8378,35.7945],[139.8279,35.7913],[139.8194,35.8085],[139.8037,35.8038],[139.7929,35.8027],[139.7807,35.8074],[139.7703,35.8144],[139.7587,35.809],[139.7591,35.7987],[139.7602,35.7881],[139.7495,35.7836],[139.7374,35.7867],[139.7205,35.7899],[139.7011,35.7958],[139.6911,35.7982],[139.6802,35.796],[139.6698,35.7972],[139.6592,35.7966],[139.6434,35.7917],[139.6352,35.7837],[139.6284,35.7749],[139.625,35.7636],[139.6149,35.7671],[139.5973,35.7755],[139.5871,35.7717],[139.5788,35.765],[139.566,35.7585],[139.5508,35.7601],[139.5392,35.772],[139.5469,35.7787],[139.5368,35.7961],[139.5293,35.7887],[139.5189,35.7855],[139.5097,35.7797],[139.4995,35.7763],[139.4856,35.7778],[139.4769,35.7716],[139.4654,35.7703],[139.4562,35.7653],[139.4421,35.7663],[139.4149,35.7649],[139.4044,35.7653],[139.3925,35.7638],[139.3847,35.771],[139.3723,35.7802],[139.3658,35.7887],[139.3558,35.7903],[139.3438,35.7913],[139.3262,35.7951],[139.3219,35.8057],[139.3183,35.8218],[139.3073,35.8208],[139.3053,35.8309],[139.2952,35.8339],[139.2851,35.8361],[139.2746,35.8364],[139.2642,35.8333],[139.25,35.8337],[139.2396,35.8361],[139.2295,35.8364],[139.2187,35.8419],[139.2079,35.8414],[139.1987,35.8369],[139.1868,35.8403],[139.1774,35.8451],[139.1646,35.8503],[139.156,35.8563],[139.1465,35.8601],[139.1361,35.8613],[139.125,35.8617],[139.1147,35.8616],[139.1026,35.8647],[139.0927,35.8676],[139.0825,35.8722],[139.0723,35.8687],[139.0624,35.8718],[139.0531,35.8756],[139.0452,35.8828],[139.0365,35.888],[139.0266,35.8941],[139.0136,35.8939],[139.0,35.8812],[138.9874,35.8786],[138.9773,35.8795],[138.9679,35.8744],[138.9565,35.8702],[138.9491,35.8621],[138.947,35.8518],[138.9335,35.8466],[138.9231,35.8481],[138.9126,35.848],[138.9022,35.8434],[138.8919,35.84],[138.882,35.8442],[138.8658,35.8556],[138.8568,35.8621],[138.8446,35.8618],[138.8347,35.8598],[138.8237,35.8621],[138.8096,35.8666],[138.798,35.8702],[138.7949,35.8798],[138.7912,35.8907],[138.7831,35.8965],[138.7704,35.8962],[138.7609,35.8994],[138.7423,35.9027],[138.7317,35.9061],[138.7355,35.9167],[138.7419,35.9277],[138.7393,35.9381],[138.7336,35.9465],[138.7273,35.955],[138.7191,35.9613],[138.7153,35.9707],[138.7203,35.99],[138.7309,35.9926],[138.7421,36.0043],[138.75,36.0114],[138.7537,36.0214],[138.7582,36.0313],[138.7686,36.0344],[138.7793,36.034],[138.7887,36.03],[138.7988,36.0278],[138.809,36.0309],[138.821,36.0324],[138.8324,36.0387],[138.8378,36.0471],[138.8462,36.0533],[138.8503,36.064],[138.8602,36.066],[138.8672,36.0738],[138.8805,36.0793],[138.8932,36.0833],[138.9044,36.0876],[138.9144,36.0877],[138.9342,36.0849],[138.9445,36.0906],[138.9535,36.0974],[138.9609,36.1054],[138.9679,36.1226],[139.0,36.1225],[139.014,36.129],[139.0266,36.1307],[139.0349,36.1245],[139.0455,36.1256],[139.0522,36.1496],[139.0668,36.1568],[139.0605,36.1728],[139.0651,36.1821],[139.0679,36.1949],[139.0763,36.2018],[139.0868,36.2163],[139.0923,36.2256],[139.1017,36.2385],[139.1108,36.2581],[139.1211,36.2657],[139.1303,36.2759]]]]}},{"type":"Feature","properties":{"name":"千葉県"},"geometry":{"type":"MultiPolygon","coordinates":[[[[139.7892,36.1002],[139.8012,36.0928],[139.8071,36.0833],[139.811,36.0689],[139.8181,36.0583],[139.8399,36.0385],[139.8501,36.0309],[139.8595,36.0266],[139.8733,36.0129],[139.8827,36.0],[139.892,35.9826],[139.9009,35.9752],[139.9121,35.9706],[139.9268,35.9673],[139.9373,35.9652],[139.9387,35.9541],[139.9389,35.9424],[139.9474,35.9358],[139.9589,35.93],[139.9675,35.9231],[139.9775,35.9186],[140.0004,35.9068],[140.0175,35.9082],[140.0304,35.9016],[140.0403,35.8956],[140.0488,35.8904],[140.0603,35.8877],[140.0704,35.883],[140.0808,35.8818],[140.0938,35.8821],[140.1051,35.8796],[140.1148,35.8742],[140.1251,35.8713],[140.1387,35.8558],[140.1462,35.8487],[140.1548,35.8416],[140.1661,35.842],[140.177,35.8458],[140.1873,35.8484],[140.1967,35.8536],[140.2065,35.8584],[140.2172,35.8594],[140.2283,35.855],[140.238,35.8526],[140.25,35.8541],[140.2687,35.8658],[140.2801,35.8704],[140.2906,35.8691],[140.3021,35.8638],[140.3208,35.8611],[140.3326,35.8658],[140.3416,35.8723],[140.3509,35.8794],[140.356,35.8883],[140.3643,35.895],[140.3822,35.8999],[140.3931,35.904],[140.4047,35.9062],[140.4152,35.9047],[140.4259,35.9034],[140.4381,35.9085],[140.454,35.9144],[140.4662,35.9165],[140.4761,35.9143],[140.4852,35.9078],[140.4992,35.9035],[140.5092,35.8982],[140.5213,35.895],[140.5316,35.8993],[140.5436,35.8998],[140.5576,35.8992],[140.5674,35.8966],[140.5774,35.8916],[140.5885,35.884],[140.5965,35.8767],[140.6049,35.8686],[140.6153,35.8614],[140.625,35.8565],[140.6368,35.853],[140.6497,35.8503],[140.6665,35.8502],[140.6779,35.8482],[140.6876,35.8456],[140.6982,35.8404],[140.7095,35.8333],[140.7197,35.8207],[140.7239,35.8101],[140.728,35.7996],[140.7353,35.7903],[140.744,35.7825],[140.7662,35.7694],[140.7864,35.758],[140.798,35.7507],[140.8773,35.7161],[140.8748,35.7121],[140.8756,35.7064],[140.8729,35.6938],[140.869,35.6933],[140.8607,35.6965],[140.8543,35.6965],[140.8475,35.7078],[140.8411,35.7124],[140.8347,35.713],[140.8107,35.7128],[140.7528,35.6937],[140.7347,35.6934],[140.7276,35.6999],[140.709,35.7014],[140.6852,35.6974],[140.6665,35.6908],[140.6639,35.6899],[140.6163,35.6643],[140.5361,35.6075],[140.4988,35.5749],[140.4785,35.5554],[140.4669,35.5408],[140.4378,35.5022],[140.4156,35.458],[140.4126,35.4489],[140.4011,35.4147],[140.3994,35.3931],[140.3977,35.3924],[140.3958,35.3949],[140.3958,35.4033],[140.3938,35.4044],[140.3941,35.3946],[140.3885,35.379],[140.3932,35.3813],[140.3965,35.3869],[140.3975,35.3858],[140.3959,35.3777],[140.3995,35.3493],[140.4015,35.3339],[140.4134,35.3258],[140.4186,35.3185],[140.4221,35.3051],[140.4205,35.2972],[140.4127,35.2884],[140.4062,35.2629],[140.4074,35.2566],[140.4116,35.2542],[140.4133,35.2512],[140.4137,35.2445],[140.4108,35.2345],[140.4086,35.2269],[140.4051,35.2222],[140.3927,35.1907],[140.3792,35.1775],[140.3589,35.1794],[140.356,35.1772],[140.3395,35.1605],[140.3317,35.1405],[140.3315,35.1399],[140.3283,35.1375],[140.3222,35.1372],[140.316,35.1343],[140.3155,35.1452],[140.3037,35.1488],[140.2987,35.1448],[140.2985,35.1402],[140.2957,35.1355],[140.2838,35.1309],[140.2798,35.1308],[140.2739,35.1362],[140.27,35.1336],[140.2629,35.134],[140.2589,35.131],[140.2543,35.1298],[140.2527,35.1268],[140.2448,35.1207],[140.2439,35.118],[140.246,35.1144],[140.2427,35.1131],[140.2278,35.1147],[140.227,35.1148],[140.2072,35.1093],[140.2026,35.1138],[140.1976,35.1227],[140.1936,35.1241],[140.1893,35.1177],[140.1826,35.1171],[140.1721,35.1201],[140.165,35.1195],[140.1566,35.1137],[140.1518,35.1144],[140.151,35.1188],[140.1388,35.1188],[140.1329,35.1168],[140.125,35.1116],[140.1181,35.1031],[140.1139,35.0938],[140.1114,35.0886],[140.1118,35.0813],[140.1101,35.0774],[140.1013,35.0724],[140.0905,35.0694],[140.0881,35.0669],[140.0901,35.0644],[140.0884,35.0617],[140.0779,35.0585],[140.058,35.0563],[140.0528,35.0543],[140.0031,35.0233],[140,35.0214],[139.9974,35.0197],[139.9885,35.0123],[139.9846,35.0055],[139.9833,35],[139.9801,34.9864],[139.9716,34.9697],[139.9708,34.9637],[139.9735,34.9494],[139.9611,34.9305],[139.9443,34.9147],[139.9427,34.9136],[139.9373,34.9101],[139.899,34.9021],[139.8745,34.9046],[139.8661,34.9044],[139.8541,34.9014],[139.8483,34.9022],[139.8334,34.9111],[139.8319,34.9158],[139.8331,34.9272],[139.8298,34.9348],[139.8259,34.9385],[139.8074,34.9469],[139.7876,34.952],[139.774,34.9536],[139.7648,34.9582],[139.7602,34.9692],[139.7594,34.9711],[139.7616,34.9739],[139.7661,34.9736],[139.7682,34.9754],[139.8123,34.9747],[139.8327,34.9834],[139.8325,34.9859],[139.828,34.9885],[139.833,34.9911],[139.8522,34.991],[139.8556,34.987],[139.8597,34.9875],[139.8655,34.993],[139.867,35],[139.868,35.0042],[139.8669,35.0088],[139.8665,35.0117],[139.86,35.0207],[139.8559,35.0212],[139.8513,35.0247],[139.8426,35.0312],[139.826,35.0345],[139.8201,35.0384],[139.8243,35.044],[139.8305,35.0402],[139.8358,35.0393],[139.8387,35.0478],[139.8306,35.0624],[139.8309,35.0703],[139.8331,35.0736],[139.8442,35.0796],[139.8476,35.0828],[139.8485,35.0861],[139.8448,35.0952],[139.8377,35.1013],[139.8358,35.1067],[139.8328,35.1117],[139.8354,35.1214],[139.8382,35.1232],[139.8411,35.1316],[139.8434,35.1331],[139.838,35.1439],[139.8273,35.1564],[139.8253,35.1659],[139.8227,35.1681],[139.8234,35.1898],[139.8262,35.1935],[139.829,35.1972],[139.8353,35.2024],[139.8583,35.2145],[139.864,35.2144],[139.8671,35.2172],[139.8725,35.2177],[139.873,35.2196],[139.877,35.2261],[139.874,35.2396],[139.8683,35.2526],[139.8572,35.2654],[139.8555,35.2711],[139.8579,35.277],[139.8566,35.2843],[139.8511,35.2897],[139.8383,35.2991],[139.823,35.3013],[139.7843,35.3116],[139.7948,35.3127],[139.8193,35.3152],[139.8255,35.3173],[139.8245,35.3224],[139.8291,35.3232],[139.8329,35.3209],[139.8414,35.3229],[139.8468,35.3263],[139.8541,35.3374],[139.8505,35.3444],[139.8587,35.3505],[139.8458,35.3659],[139.8517,35.3708],[139.8746,35.364],[139.8916,35.3589],[139.8999,35.3553],[139.8945,35.3661],[139.895,35.3702],[139.9023,35.37],[139.9041,35.3766],[139.9134,35.3802],[139.9199,35.3797],[139.9219,35.3828],[139.9205,35.3869],[139.9125,35.3887],[139.9089,35.3941],[139.9066,35.407],[139.9162,35.4172],[139.9073,35.4152],[139.9018,35.4207],[139.9009,35.4216],[139.9261,35.4402],[139.9369,35.4415],[139.9538,35.4405],[139.9569,35.454],[139.9647,35.4576],[139.9687,35.449],[139.9606,35.4498],[139.9608,35.4448],[139.9665,35.4421],[139.9706,35.438],[139.9764,35.4404],[139.9809,35.4478],[139.9769,35.4554],[139.9751,35.4586],[139.9764,35.4611],[139.9733,35.4618],[139.9715,35.4653],[139.9825,35.472],[139.9883,35.4731],[139.9975,35.4606],[140,35.4599],[140,35.4606],[140.0023,35.4671],[140.0097,35.4688],[140.0055,35.4714],[140.0049,35.474],[140.0131,35.4785],[140.0251,35.4704],[140.0266,35.4706],[140.023,35.4776],[140.021,35.4868],[140.0294,35.4957],[140.0397,35.4927],[140.0405,35.4936],[140.0343,35.5028],[140.043,35.5111],[140.0457,35.5098],[140.0467,35.507],[140.0486,35.5075],[140.0508,35.5135],[140.0459,35.5177],[140.0595,35.5315],[140.0679,35.5303],[140.0643,35.537],[140.0703,35.5432],[140.0748,35.5424],[140.0762,35.5373],[140.0816,35.5376],[140.0789,35.5471],[140.08,35.5477],[140.0818,35.5466],[140.0981,35.5372],[140.1018,35.5321],[140.1057,35.5336],[140.1055,35.5402],[140.0991,35.5435],[140.0962,35.5489],[140.0987,35.5535],[140.1018,35.5553],[140.1228,35.5489],[140.124,35.552],[140.1029,35.5625],[140.1053,35.5669],[140.1324,35.5697],[140.1271,35.5714],[140.1202,35.5738],[140.1216,35.5809],[140.1207,35.5885],[140.1228,35.5944],[140.1171,35.5946],[140.1131,35.6016],[140.1099,35.5979],[140.1068,35.5973],[140.1063,35.6058],[140.1021,35.6056],[140.0918,35.6105],[140.0919,35.6024],[140.048,35.6366],[140.0263,35.6541],[140.0199,35.6555],[140.011,35.6573],[140,35.6538],[139.9982,35.6532],[139.9953,35.6577],[140,35.6588],[140.0026,35.6594],[140.0039,35.6631],[140,35.664],[139.9959,35.6649],[139.9925,35.6687],[139.9944,35.6778],[139.9904,35.6854],[139.9842,35.6855],[139.9807,35.6834],[139.9741,35.6829],[139.9748,35.6807],[139.9825,35.6784],[139.9827,35.6727],[139.9788,35.6718],[139.9726,35.6726],[139.967,35.6768],[139.9635,35.6869],[139.96,35.6867],[139.9616,35.6802],[139.9639,35.6763],[139.9595,35.6729],[139.9518,35.6822],[139.9479,35.6777],[139.9395,35.674],[139.9395,35.6724],[139.9522,35.6718],[139.9541,35.6699],[139.9401,35.667],[139.9267,35.6595],[139.9274,35.6569],[139.9297,35.6544],[139.9404,35.6425],[139.9336,35.6348],[139.9203,35.6269],[139.9149,35.6267],[139.9112,35.6303],[139.9084,35.6297],[139.9098,35.624],[139.9023,35.6188],[139.8982,35.623],[139.8914,35.6229],[139.8935,35.6388],[139.903,35.6466],[139.9157,35.651],[139.9245,35.6599],[139.9301,35.672],[139.9317,35.682],[139.9312,35.697],[139.9251,35.7114],[139.9168,35.7247],[139.9041,35.7382],[139.8949,35.7465],[139.8881,35.7701],[139.8924,35.7813],[139.875,35.7943],[139.8924,35.8052],[139.8956,35.8157],[139.8925,35.8373],[139.8981,35.8476],[139.9038,35.8602],[139.9,35.871],[139.8968,35.882],[139.8917,35.8917],[139.8842,35.9007],[139.8782,35.9098],[139.8585,35.9319],[139.8494,35.938],[139.8436,35.9466],[139.8387,35.9594],[139.8254,35.9844],[139.8186,35.9931],[139.8193,36.0053],[139.8199,36.0257],[139.8161,36.0359],[139.8033,36.0467],[139.7937,36.0561],[139.7882,36.0645],[139.7827,36.0777],[139.78,36.0938],[139.7892,36.1002]]]]}},{"type":"Feature","properties":{"name":"山梨県"},"geometry":{"type":"MultiPolygon","coordinates":[[[[138.363,35.9477],[138.3644,35.9581],[138.3764,35.9684],[138.3871,35.966],[138.398,35.9623],[138.4092,35.9597],[138.4186,35.9562],[138.4299,35.9547],[138.4392,35.9508],[138.449,35.9444],[138.4568,35.9367],[138.4515,35.9272],[138.4483,35.9167],[138.4541,35.9049],[138.4632,35.9004],[138.4726,35.8948],[138.4829,35.8949],[138.4973,35.8984],[138.5006,35.9083],[138.5085,35.9154],[138.5197,35.9167],[138.5368,35.9121],[138.5485,35.9116],[138.5594,35.9132],[138.5698,35.9132],[138.5798,35.9084],[138.5875,35.9149],[138.5976,35.9142],[138.6051,35.9072],[138.612,35.8999],[138.6081,35.8904],[138.6096,35.8801],[138.6139,35.8705],[138.625,35.8673],[138.6362,35.8673],[138.6475,35.8712],[138.6586,35.8726],[138.6742,35.8676],[138.683,35.8741],[138.6867,35.8851],[138.6952,35.8928],[138.7034,35.9],[138.7112,35.9066],[138.7216,35.9055],[138.7317,35.9061],[138.7423,35.9027],[138.7609,35.8994],[138.7704,35.8962],[138.7831,35.8965],[138.7912,35.8907],[138.7949,35.8798],[138.798,35.8702],[138.8096,35.8666],[138.8237,35.8621],[138.8347,35.8598],[138.8446,35.8618],[138.8568,35.8621],[138.8658,35.8556],[138.882,35.8442],[138.8919,35.84],[138.9022,35.8434],[138.9126,35.848],[138.9231,35.8481],[138.9335,35.8466],[138.947,35.8518],[138.951,35.8423],[138.9564,35.8333],[138.9645,35.8274],[138.973,35.8214],[138.9748,35.8115],[138.9739,35.8009],[138.9784,35.7916],[138.9859,35.7832],[138.9935,35.7581],[139.0,35.749],[139.0103,35.743],[139.0214,35.727],[139.0269,35.7179],[139.0358,35.7129],[139.045,35.7072],[139.0549,35.7029],[139.0647,35.6981],[139.0746,35.6933],[139.0859,35.6916],[139.0958,35.688],[139.106,35.6883],[139.1151,35.6825],[139.125,35.6757],[139.1335,35.67],[139.125,35.6583],[139.1252,35.6441],[139.1267,35.6298],[139.1294,35.6198],[139.1374,35.6137],[139.1332,35.5931],[139.125,35.5852],[139.1313,35.5726],[139.1324,35.5617],[139.125,35.5533],[139.115,35.5465],[139.1152,35.5328],[139.1083,35.5252],[139.0993,35.5195],[139.0905,35.5112],[139.0808,35.5078],[139.0698,35.5063],[139.0542,35.5072],[139.0475,35.4997],[139.0387,35.4878],[139.0308,35.4802],[139.0217,35.4758],[139.0113,35.4713],[138.9996,35.4709],[138.9893,35.468],[138.9796,35.463],[138.9691,35.4606],[138.9586,35.4571],[138.9501,35.4509],[138.9403,35.4457],[138.9342,35.4371],[138.9297,35.4275],[138.9333,35.4175],[138.9224,35.4087],[138.9196,35.3987],[138.9059,35.393],[138.8959,35.3872],[138.886,35.3825],[138.8737,35.3806],[138.8656,35.3869],[138.8504,35.3857],[138.8404,35.3816],[138.8313,35.3744],[138.8178,35.3731],[138.8061,35.3732],[138.7961,35.3723],[138.7829,35.3704],[138.7724,35.3702],[138.7599,35.3679],[138.7333,35.3614],[138.7198,35.3615],[138.7097,35.3601],[138.6999,35.3563],[138.6892,35.3548],[138.6815,35.3626],[138.675,35.387],[138.6666,35.3951],[138.6546,35.3951],[138.6422,35.3951],[138.625,35.3922],[138.6145,35.3901],[138.6084,35.403],[138.6042,35.4167],[138.6009,35.4284],[138.5912,35.4338],[138.5852,35.4425],[138.5749,35.4365],[138.5662,35.4313],[138.5593,35.424],[138.5513,35.4167],[138.5352,35.4047],[138.5357,35.3943],[138.5381,35.3838],[138.5314,35.3759],[138.5336,35.3649],[138.5333,35.3542],[138.5334,35.3438],[138.5379,35.3334],[138.5308,35.3234],[138.5236,35.3158],[138.5157,35.308],[138.5177,35.298],[138.5211,35.2879],[138.5237,35.2781],[138.5232,35.2673],[138.5183,35.2584],[138.5245,35.25],[138.5297,35.2308],[138.5354,35.2206],[138.5346,35.2072],[138.5361,35.1973],[138.5257,35.1957],[138.5147,35.1853],[138.5069,35.1788],[138.4994,35.1713],[138.4817,35.1723],[138.4712,35.1743],[138.4594,35.175],[138.4486,35.1758],[138.4369,35.1763],[138.4294,35.1835],[138.4236,35.1926],[138.4135,35.199],[138.4017,35.1971],[138.3973,35.2067],[138.3939,35.2175],[138.392,35.2342],[138.3835,35.25],[138.3753,35.2617],[138.3714,35.2717],[138.3708,35.2829],[138.3738,35.3003],[138.3667,35.3088],[138.3574,35.3132],[138.3463,35.315],[138.3387,35.3231],[138.3282,35.3242],[138.3182,35.3198],[138.3079,35.3144],[138.2974,35.3092],[138.2894,35.3023],[138.2794,35.3044],[138.2704,35.3113],[138.2599,35.3149],[138.2551,35.3237],[138.2581,35.3334],[138.2578,35.3446],[138.2543,35.3545],[138.25,35.3639],[138.2391,35.3669],[138.2386,35.3775],[138.2461,35.3861],[138.2496,35.3968],[138.2582,35.4025],[138.2615,35.4164],[138.2622,35.4277],[138.2581,35.4377],[138.2503,35.4462],[138.25,35.4605],[138.2584,35.4672],[138.2613,35.4777],[138.262,35.4901],[138.2633,35.5],[138.2695,35.5094],[138.2662,35.5206],[138.2608,35.5308],[138.2631,35.541],[138.2607,35.5508],[138.2504,35.5571],[138.2479,35.5673],[138.2425,35.5833],[138.2455,35.593],[138.2396,35.6027],[138.238,35.6131],[138.2321,35.6219],[138.2335,35.632],[138.2216,35.6413],[138.2133,35.6496],[138.2087,35.6607],[138.2004,35.6667],[138.1955,35.6755],[138.1967,35.6856],[138.1955,35.6957],[138.1875,35.7039],[138.1847,35.7145],[138.1931,35.7206],[138.2024,35.7272],[138.2107,35.7331],[138.2191,35.7409],[138.2328,35.75],[138.2353,35.7604],[138.2258,35.7649],[138.2167,35.7718],[138.201,35.7785],[138.192,35.7849],[138.1908,35.7959],[138.1989,35.8029],[138.2066,35.8109],[138.207,35.8221],[138.2154,35.8334],[138.2208,35.8427],[138.2263,35.8519],[138.2324,35.8637],[138.2401,35.8771],[138.25,35.8822],[138.2608,35.8765],[138.2698,35.8701],[138.2761,35.8619],[138.2867,35.8564],[138.2945,35.8631],[138.3017,35.8706],[138.3081,35.8789],[138.3143,35.8868],[138.3219,35.8934],[138.33,35.9017],[138.3381,35.9167],[138.3458,35.9237],[138.3487,35.9341],[138.3538,35.9432],[138.363,35.9477]]]]}},{"type":"Feature","properties":{"name":"東京都"},"geometry":{"type":"MultiPolygon","coordinates":[[[[139.0136,35.8939],[139.0266,35.8941],[139.0365,35.888],[139.0452,35.8828],[139.0531,35.8756],[139.0624,35.8718],[139.0723,35.8687],[139.0825,35.8722],[139.0927,35.8676],[139.1026,35.8647],[139.1147,35.8616],[139.125,35.8617],[139.1361,35.8613],[139.1465,35.8601],[139.156,35.8563],[139.1646,35.8503],[139.1774,35.8451],[139.1868,35.8403],[139.1987,35.8369],[139.2079,35.8414],[139.2187,35.8419],[139.2295,35.8364],[139.2396,35.8361],[139.25,35.8337],[139.2642,35.8333],[139.2746,35.8364],[139.2851,35.8361],[139.2952,35.8339],[139.3053,35.8309],[139.3073,35.8208],[139.3183,35.8218],[139.3219,35.8057],[139.3262,35.7951],[139.3438,35.7913],[139.3558,35.7903],[139.3658,35.7887],[139.3723,35.7802],[139.3847,35.771],[139.3925,35.7638],[139.4044,35.7653],[139.4149,35.7649],[139.4421,35.7663],[139.4562,35.7653],[139.4654,35.7703],[139.4769,35.7716],[139.4856,35.7778],[139.4995,35.7763],[139.5097,35.7797],[139.5189,35.7855],[139.5293,35.7887],[139.5368,35.7961],[139.5469,35.7787],[139.5392,35.772],[139.5508,35.7601],[139.566,35.7585],[139.5788,35.765],[139.5871,35.7717],[139.5973,35.7755],[139.6149,35.7671],[139.625,35.7636],[139.6284,35.7749],[139.6352,35.7837],[139.6434,35.7917],[139.6592,35.7966],[139.6698,35.7972],[139.6802,35.796],[139.6911,35.7982],[139.7011,35.7958],[139.7205,35.7899],[139.7374,35.7867],[139.7495,35.7836],[139.7602,35.7881],[139.7591,35.7987],[139.7587,35.809],[139.7703,35.8144],[139.7807,35.8074],[139.7929,35.8027],[139.8037,35.8038],[139.8194,35.8085],[139.8279,35.7913],[139.8378,35.7945],[139.8479,35.7952],[139.8628,35.792],[139.875,35.7943],[139.8924,35.7813],[139.8881,35.7701],[139.8949,35.7465],[139.9041,35.7382],[139.9168,35.7247],[139.9251,35.7114],[139.9312,35.697],[139.9317,35.682],[139.9301,35.672],[139.9245,35.6599],[139.9157,35.651],[139.903,35.6466],[139.8935,35.6388],[139.8914,35.6229],[139.884,35.6227],[139.8809,35.6237],[139.8798,35.6262],[139.8795,35.6291],[139.8844,35.6378],[139.8955,35.6466],[139.897,35.6557],[139.8961,35.6624],[139.8923,35.662],[139.8898,35.6593],[139.8915,35.6543],[139.8891,35.6505],[139.8769,35.6426],[139.8721,35.6364],[139.8567,35.638],[139.858,35.6656],[139.8557,35.6745],[139.848,35.6751],[139.8481,35.6732],[139.8482,35.6715],[139.8515,35.667],[139.8511,35.6532],[139.8495,35.652],[139.8385,35.6582],[139.836,35.6642],[139.8336,35.6624],[139.8341,35.6536],[139.8451,35.6483],[139.8472,35.6401],[139.8452,35.638],[139.8316,35.6335],[139.8293,35.6345],[139.8281,35.6587],[139.8224,35.6617],[139.812,35.657],[139.8072,35.6551],[139.8057,35.6517],[139.8104,35.6482],[139.8096,35.642],[139.8115,35.6375],[139.8058,35.6336],[139.8078,35.6307],[139.8069,35.6251],[139.8,35.6258],[139.8026,35.6184],[139.7991,35.619],[139.7897,35.6294],[139.7875,35.6244],[139.7909,35.6209],[139.7929,35.6164],[139.7967,35.6078],[139.7911,35.6056],[139.7843,35.6103],[139.7757,35.6235],[139.7772,35.6274],[139.7822,35.6318],[139.7809,35.6347],[139.7887,35.6391],[139.7935,35.6373],[139.8034,35.6439],[139.8021,35.6467],[139.7993,35.6473],[139.7931,35.6469],[139.7881,35.6447],[139.7946,35.652],[139.7919,35.6554],[139.7856,35.651],[139.7793,35.6489],[139.778,35.6523],[139.7802,35.6562],[139.7785,35.6618],[139.7726,35.6598],[139.7691,35.6564],[139.7688,35.6485],[139.7658,35.639],[139.7595,35.6368],[139.76,35.6329],[139.7656,35.6327],[139.7652,35.622],[139.7651,35.618],[139.7789,35.5934],[139.7856,35.5865],[139.7938,35.5818],[139.793,35.5773],[139.7653,35.5779],[139.7583,35.6006],[139.7556,35.6001],[139.7555,35.5979],[139.7498,35.5929],[139.7497,35.5912],[139.7538,35.5894],[139.7565,35.5791],[139.7601,35.5655],[139.771,35.5625],[139.7732,35.5653],[139.7795,35.5668],[139.7811,35.5654],[139.7752,35.5613],[139.775,35.5562],[139.7773,35.5518],[139.7824,35.5451],[139.7878,35.5386],[139.7912,35.5336],[139.8011,35.5217],[139.8034,35.515],[139.7991,35.5132],[139.7728,35.5405],[139.7446,35.5419],[139.7295,35.5406],[139.7199,35.537],[139.7076,35.5337],[139.7074,35.5497],[139.6927,35.5547],[139.6831,35.5592],[139.6767,35.5679],[139.6734,35.579],[139.6666,35.5868],[139.6528,35.5907],[139.6368,35.6014],[139.624,35.6092],[139.6045,35.6145],[139.5888,35.6175],[139.5774,35.6196],[139.566,35.6313],[139.5554,35.6334],[139.5415,35.6346],[139.5306,35.6395],[139.5198,35.6235],[139.5092,35.6194],[139.5,35.6149],[139.4921,35.6019],[139.4839,35.608],[139.4773,35.6164],[139.4672,35.6212],[139.4559,35.6115],[139.4728,35.6007],[139.4823,35.5929],[139.4961,35.5858],[139.4894,35.5735],[139.4919,35.5588],[139.4842,35.5428],[139.4877,35.5332],[139.4898,35.5234],[139.4845,35.5128],[139.4866,35.5019],[139.4713,35.5009],[139.4672,35.5107],[139.4575,35.5177],[139.457,35.5283],[139.4493,35.5362],[139.4413,35.5423],[139.431,35.5485],[139.4242,35.5568],[139.416,35.563],[139.4119,35.5724],[139.4027,35.5793],[139.3853,35.5868],[139.3703,35.5937],[139.3598,35.5954],[139.3485,35.5988],[139.3381,35.6007],[139.3268,35.6014],[139.3113,35.6015],[139.3016,35.6043],[139.2924,35.6087],[139.2823,35.6082],[139.2722,35.6064],[139.2601,35.6007],[139.2486,35.602],[139.2392,35.6071],[139.2329,35.6157],[139.2251,35.622],[139.2196,35.6328],[139.2186,35.6429],[139.2085,35.6483],[139.1972,35.6485],[139.1874,35.6419],[139.1751,35.6471],[139.1701,35.6562],[139.1641,35.6646],[139.1446,35.6672],[139.1335,35.67],[139.125,35.6757],[139.1151,35.6825],[139.106,35.6883],[139.0958,35.688],[139.0859,35.6916],[139.0746,35.6933],[139.0647,35.6981],[139.0549,35.7029],[139.045,35.7072],[139.0358,35.7129],[139.0269,35.7179],[139.0214,35.727],[139.0103,35.743],[139.0,35.749],[138.9935,35.7581],[138.9859,35.7832],[138.9784,35.7916],[138.9739,35.8009],[138.9748,35.8115],[138.973,35.8214],[138.9645,35.8274],[138.9564,35.8333],[138.951,35.8423],[138.947,35.8518],[138.9491,35.8621],[138.9565,35.8702],[138.9679,35.8744],[138.9773,35.8795],[138.9874,35.8786],[139.0,35.8812],[139.0136,35.8939]]]]}},{"type":"Feature","properties":{"name":"滋賀県"},"geometry":{"type":"MultiPolygon","coordinates":[[[[136.1534,35.6945],[136.1643,35.6939],[136.175,35.699],[136.1872,35.7],[136.1976,35.6957],[136.2023,35.6866],[136.2121,35.6838],[136.2268,35.6782],[136.2382,35.6782],[136.247,35.6714],[136.2605,35.6679],[136.2789,35.6611],[136.2825,35.646],[136.282,35.6351],[136.2886,35.6268],[136.2924,35.6171],[136.3063,35.6161],[136.3158,35.6198],[136.3257,35.6142],[136.3205,35.6044],[136.3244,35.595],[136.3251,35.5849],[136.3256,35.5736],[136.3208,35.5581],[136.3197,35.5477],[136.333,35.5476],[136.3425,35.5443],[136.345,35.5341],[136.3594,35.5359],[136.3622,35.5457],[136.375,35.5563],[136.3804,35.5464],[136.3841,35.5353],[136.393,35.5288],[136.4032,35.5272],[136.4049,35.516],[136.3999,35.5045],[136.391,35.4903],[136.3962,35.4816],[136.4029,35.4724],[136.4116,35.4654],[136.4229,35.4636],[136.4243,35.4523],[136.4262,35.4416],[136.4209,35.4315],[136.4182,35.4219],[136.423,35.4099],[136.4286,35.3995],[136.438,35.3943],[136.4454,35.3869],[136.4394,35.3758],[136.4276,35.3704],[136.4171,35.3686],[136.4162,35.3575],[136.424,35.3506],[136.4184,35.3333],[136.4154,35.3233],[136.4154,35.3126],[136.4098,35.3023],[136.399,35.2912],[136.3986,35.2732],[136.397,35.2626],[136.3981,35.2524],[136.3818,35.2436],[136.3876,35.2347],[136.3961,35.2271],[136.4075,35.2209],[136.418,35.2147],[136.4189,35.2034],[136.4155,35.1924],[136.422,35.1795],[136.4327,35.178],[136.4399,35.17],[136.4572,35.1598],[136.4577,35.1492],[136.4477,35.1465],[136.446,35.1359],[136.4387,35.128],[136.4481,35.1229],[136.4429,35.1137],[136.4447,35.1021],[136.4422,35.0917],[136.4393,35.0758],[136.4438,35.0667],[136.4373,35.0588],[136.4274,35.0536],[136.4209,35.0448],[136.4194,35.0335],[136.4254,35.0246],[136.421,35.0149],[136.4229,35.0],[136.4189,34.9874],[136.4131,34.9724],[136.4064,34.964],[136.3997,34.9544],[136.3873,34.9478],[136.379,34.9414],[136.3748,34.9312],[136.3743,34.9206],[136.3684,34.9028],[136.3598,34.8974],[136.3437,34.8925],[136.3335,34.889],[136.3236,34.8865],[136.3162,34.8779],[136.3073,34.8718],[136.2969,34.8683],[136.2788,34.8691],[136.2715,34.8619],[136.2614,34.8578],[136.25,34.8556],[136.24,34.8571],[136.2214,34.8625],[136.2095,34.8654],[136.1988,34.8689],[136.1889,34.875],[136.1821,34.8833],[136.172,34.8839],[136.1602,34.8816],[136.1498,34.8797],[136.1406,34.8849],[136.1304,34.8826],[136.1187,34.889],[136.114,34.8986],[136.1007,34.886],[136.0901,34.8823],[136.0937,34.8717],[136.1034,34.8673],[136.1149,34.8666],[136.125,34.8696],[136.1291,34.8591],[136.1135,34.8523],[136.1098,34.842],[136.1016,34.8364],[136.0902,34.8329],[136.0939,34.822],[136.0935,34.8114],[136.0851,34.805],[136.0753,34.8021],[136.066,34.7975],[136.056,34.7968],[136.045,34.7957],[136.0356,34.7904],[136.0253,34.7883],[136.0171,34.7941],[136.018,34.8052],[136.0313,34.8162],[136.0231,34.8227],[136.0127,34.8227],[136.0056,34.8303],[136.0,34.8412],[135.9897,34.8378],[135.9797,34.8352],[135.9733,34.8437],[135.9645,34.8507],[135.9491,34.8486],[135.9454,34.858],[135.9461,34.8749],[135.9425,34.8851],[135.9316,34.8849],[135.9221,34.8813],[135.9128,34.8762],[135.9053,34.8695],[135.895,34.8713],[135.8887,34.8804],[135.8783,34.8835],[135.8695,34.8889],[135.8688,34.9027],[135.8733,34.9124],[135.8757,34.9246],[135.8812,34.9338],[135.875,34.9522],[135.866,34.9573],[135.8591,34.9648],[135.859,34.9755],[135.8519,34.983],[135.8364,34.9968],[135.8341,35.0085],[135.8371,35.019],[135.8305,35.0271],[135.8222,35.0355],[135.8213,35.0458],[135.8305,35.0505],[135.8389,35.0562],[135.8363,35.066],[135.8405,35.0757],[135.8393,35.0894],[135.8452,35.0986],[135.8476,35.1089],[135.8524,35.1181],[135.8547,35.1284],[135.8516,35.1384],[135.8565,35.1483],[135.8524,35.1574],[135.8469,35.1666],[135.8434,35.1771],[135.8447,35.187],[135.8397,35.1964],[135.8352,35.2066],[135.8325,35.2165],[135.8405,35.2236],[135.8404,35.2338],[135.8464,35.2522],[135.8497,35.2624],[135.8519,35.2765],[135.8406,35.2716],[135.8309,35.2759],[135.8248,35.2855],[135.8215,35.2965],[135.8141,35.3048],[135.8078,35.3138],[135.7924,35.3252],[135.7849,35.3333],[135.7769,35.3395],[135.771,35.3526],[135.7774,35.362],[135.7833,35.3709],[135.7936,35.3833],[135.8038,35.3818],[135.8125,35.3875],[135.8128,35.3985],[135.8153,35.4084],[135.8272,35.4114],[135.8384,35.4086],[135.8486,35.4082],[135.8574,35.3972],[135.8663,35.3916],[135.8768,35.394],[135.8863,35.3984],[135.895,35.4032],[135.896,35.4166],[135.904,35.4232],[135.9141,35.4271],[135.9155,35.437],[135.9172,35.4477],[135.919,35.4589],[135.9222,35.4717],[135.925,35.4822],[135.9326,35.489],[135.937,35.5],[135.9409,35.5097],[135.9479,35.518],[135.9543,35.5088],[135.9618,35.5012],[135.9789,35.4918],[135.9872,35.486],[136.0,35.4889],[136.0104,35.4902],[136.0186,35.5075],[136.0261,35.5156],[136.0334,35.5264],[136.0442,35.5286],[136.0544,35.5308],[136.064,35.5279],[136.0739,35.5236],[136.08,35.5319],[136.0897,35.5361],[136.0991,35.5318],[136.1107,35.5486],[136.1136,35.5588],[136.1167,35.576],[136.1317,35.5722],[136.1423,35.572],[136.1524,35.5681],[136.1727,35.5628],[136.1732,35.5731],[136.1734,35.5833],[136.1796,35.5937],[136.1747,35.6039],[136.1702,35.6139],[136.1629,35.6227],[136.1612,35.6337],[136.1557,35.6431],[136.1535,35.6538],[136.1459,35.6607],[136.1375,35.6666],[136.1431,35.6751],[136.1506,35.6839],[136.1534,35.6945]]]]}},{"type":"Feature","properties":{"name":"神奈川県"},"geometry":{"type":"MultiPolygon","coordinates":[[[[139.1335,35.67],[139.1446,35.6672],[139.1641,35.6646],[139.1701,35.6562],[139.1751,35.6471],[139.1874,35.6419],[139.1972,35.6485],[139.2085,35.6483],[139.2186,35.6429],[139.2196,35.6328],[139.2251,35.622],[139.2329,35.6157],[139.2392,35.6071],[139.2486,35.602],[139.2601,35.6007],[139.2722,35.6064],[139.2823,35.6082],[139.2924,35.6087],[139.3016,35.6043],[139.3113,35.6015],[139.3268,35.6014],[139.3381,35.6007],[139.3485,35.5988],[139.3598,35.5954],[139.3703,35.5937],[139.3853,35.5868],[139.4027,35.5793],[139.4119,35.5724],[139.416,35.563],[139.4242,35.5568],[139.431,35.5485],[139.4413,35.5423],[139.4493,35.5362],[139.457,35.5283],[139.4575,35.5177],[139.4672,35.5107],[139.4713,35.5009],[139.4866,35.5019],[139.4845,35.5128],[139.4898,35.5234],[139.4877,35.5332],[139.4842,35.5428],[139.4919,35.5588],[139.4894,35.5735],[139.4961,35.5858],[139.4823,35.5929],[139.4728,35.6007],[139.4559,35.6115],[139.4672,35.6212],[139.4773,35.6164],[139.4839,35.608],[139.4921,35.6019],[139.5,35.6149],[139.5092,35.6194],[139.5198,35.6235],[139.5306,35.6395],[139.5415,35.6346],[139.5554,35.6334],[139.566,35.6313],[139.5774,35.6196],[139.5888,35.6175],[139.6045,35.6145],[139.624,35.6092],[139.6368,35.6014],[139.6528,35.5907],[139.6666,35.5868],[139.6734,35.579],[139.6767,35.5679],[139.6831,35.5592],[139.6927,35.5547],[139.7074,35.5497],[139.7076,35.5337],[139.7199,35.537],[139.7295,35.5406],[139.7446,35.5419],[139.7728,35.5405],[139.7991,35.5132],[139.7965,35.5122],[139.789,35.514],[139.782,35.5139],[139.7766,35.518],[139.7754,35.5235],[139.7722,35.5287],[139.7687,35.5324],[139.7653,35.5314],[139.7643,35.5304],[139.7569,35.5305],[139.7553,35.5243],[139.7278,35.5073],[139.7201,35.5047],[139.718,35.5024],[139.7184,35.494],[139.7008,35.4836],[139.6975,35.4887],[139.6933,35.4871],[139.6939,35.4831],[139.691,35.4804],[139.6836,35.4884],[139.6815,35.4879],[139.6801,35.4862],[139.6846,35.4754],[139.6789,35.4693],[139.6727,35.4705],[139.675,35.4756],[139.6736,35.4784],[139.6507,35.4744],[139.6552,35.463],[139.6511,35.4642],[139.645,35.4694],[139.638,35.4678],[139.6377,35.4542],[139.6494,35.4529],[139.6533,35.446],[139.6568,35.4448],[139.6603,35.4487],[139.6644,35.4469],[139.6637,35.4447],[139.6664,35.4424],[139.6732,35.4485],[139.6755,35.4484],[139.6711,35.4383],[139.6752,35.4371],[139.6802,35.441],[139.6814,35.4353],[139.6828,35.437],[139.6841,35.4352],[139.6903,35.4334],[139.6922,35.4266],[139.6907,35.4227],[139.6858,35.4222],[139.6856,35.416],[139.6777,35.4042],[139.6742,35.4021],[139.6708,35.4049],[139.6673,35.4039],[139.6646,35.4062],[139.6627,35.4113],[139.6551,35.4115],[139.6356,35.4079],[139.6362,35.4045],[139.6403,35.4027],[139.6452,35.4043],[139.6461,35.4035],[139.6486,35.4014],[139.6402,35.3982],[139.632,35.4012],[139.6276,35.3922],[139.6324,35.3932],[139.6365,35.3892],[139.6343,35.3859],[139.637,35.3824],[139.6447,35.3868],[139.653,35.3878],[139.6529,35.3844],[139.6479,35.3794],[139.6539,35.3725],[139.6567,35.3735],[139.658,35.3679],[139.6545,35.3668],[139.6562,35.3566],[139.6596,35.3537],[139.6614,35.3429],[139.6515,35.3374],[139.6502,35.3393],[139.6469,35.3437],[139.6483,35.3465],[139.6463,35.3488],[139.6365,35.3428],[139.6357,35.3377],[139.6376,35.332],[139.6403,35.3297],[139.6458,35.3308],[139.6526,35.3267],[139.6602,35.3271],[139.6608,35.3225],[139.6524,35.3199],[139.6489,35.3166],[139.6479,35.3092],[139.6431,35.3082],[139.643,35.3042],[139.6374,35.3009],[139.6393,35.2958],[139.6468,35.2945],[139.6515,35.2882],[139.6576,35.2841],[139.6604,35.2852],[139.6619,35.2891],[139.6656,35.2906],[139.6661,35.2908],[139.6649,35.297],[139.6663,35.2998],[139.6725,35.2997],[139.6773,35.2968],[139.6826,35.2904],[139.6778,35.2894],[139.6855,35.2728],[139.6998,35.2652],[139.7114,35.261],[139.7259,35.2613],[139.7329,35.264],[139.7364,35.2639],[139.7513,35.2557],[139.7497,35.2478],[139.742,35.2451],[139.7406,35.2438],[139.737,35.2401],[139.7294,35.2392],[139.7325,35.2278],[139.731,35.225],[139.7214,35.2252],[139.7192,35.2218],[139.7212,35.2178],[139.726,35.2183],[139.7287,35.216],[139.7265,35.2126],[139.7188,35.2088],[139.6967,35.2076],[139.687,35.2038],[139.6722,35.1939],[139.6622,35.1811],[139.6613,35.176],[139.6632,35.1734],[139.6666,35.1686],[139.6691,35.1606],[139.6725,35.1588],[139.6822,35.1581],[139.6847,35.1495],[139.683,35.1399],[139.6747,35.1378],[139.6727,35.1413],[139.6685,35.1374],[139.6595,35.137],[139.6541,35.1394],[139.6519,35.1366],[139.6471,35.1361],[139.641,35.1396],[139.6362,35.1403],[139.6303,35.1285],[139.6173,35.1316],[139.6146,35.1339],[139.6225,35.1409],[139.6087,35.143],[139.6152,35.144],[139.6218,35.143],[139.6244,35.1442],[139.624,35.1463],[139.6208,35.1473],[139.6212,35.15],[139.6166,35.1521],[139.6185,35.1552],[139.6238,35.1546],[139.6214,35.1601],[139.6285,35.1591],[139.6369,35.1604],[139.6277,35.1648],[139.6262,35.1669],[139.6279,35.1712],[139.6268,35.1754],[139.6207,35.1816],[139.6235,35.183],[139.6331,35.1822],[139.637,35.185],[139.6356,35.1863],[139.6297,35.1862],[139.6222,35.1899],[139.6181,35.1896],[139.617,35.1919],[139.616,35.1939],[139.6098,35.1921],[139.6071,35.193],[139.6126,35.1977],[139.6167,35.206],[139.6167,35.2131],[139.6297,35.2079],[139.6348,35.208],[139.6347,35.2124],[139.6318,35.2165],[139.623,35.2194],[139.6128,35.2175],[139.6068,35.2344],[139.5947,35.2466],[139.5877,35.249],[139.5843,35.2523],[139.5798,35.2598],[139.5751,35.2677],[139.5728,35.2886],[139.5672,35.2896],[139.5599,35.2973],[139.5459,35.3041],[139.541,35.3044],[139.5323,35.3013],[139.5244,35.3013],[139.493,35.3047],[139.4904,35.3041],[139.4823,35.3068],[139.4751,35.3126],[139.4718,35.3129],[139.4363,35.3168],[139.4197,35.3137],[139.4077,35.3137],[139.398,35.3112],[139.3768,35.3111],[139.3377,35.3061],[139.274,35.2934],[139.255,35.288],[139.197,35.2586],[139.1955,35.2579],[139.1723,35.2456],[139.1538,35.2322],[139.1495,35.2248],[139.1514,35.2101],[139.1512,35.2043],[139.1469,35.1946],[139.1487,35.1864],[139.1477,35.1808],[139.1527,35.1684],[139.1492,35.1613],[139.1527,35.1516],[139.1569,35.1484],[139.173,35.1414],[139.1691,35.1394],[139.1587,35.14],[139.1487,35.145],[139.1409,35.1475],[139.1333,35.1481],[139.1266,35.1463],[139.1239,35.1422],[139.1221,35.1395],[139.1196,35.1357],[139.1153,35.138],[139.0962,35.1374],[139.0859,35.1381],[139.0756,35.1418],[139.065,35.1424],[139.0541,35.1443],[139.0439,35.1473],[139.0329,35.1465],[139.0302,35.1566],[139.0265,35.1748],[139.0128,35.1797],[139.0,35.1911],[138.991,35.1975],[138.9912,35.2084],[138.9863,35.2179],[138.9789,35.2322],[138.978,35.25],[138.9787,35.2605],[138.9853,35.2696],[138.9963,35.2816],[139.0078,35.2866],[139.0104,35.2973],[139.0138,35.3072],[139.017,35.3169],[139.0216,35.3266],[139.0136,35.3391],[139.0131,35.3505],[139.0108,35.361],[139.0089,35.3722],[139.0024,35.3799],[139.0042,35.3901],[138.9966,35.4002],[138.9852,35.4006],[138.975,35.4018],[138.9631,35.3989],[138.9527,35.3981],[138.9414,35.3959],[138.931,35.3975],[138.9196,35.3987],[138.9224,35.4087],[138.9333,35.4175],[138.9297,35.4275],[138.9342,35.4371],[138.9403,35.4457],[138.9501,35.4509],[138.9586,35.4571],[138.9691,35.4606],[138.9796,35.463],[138.9893,35.468],[138.9996,35.4709],[139.0113,35.4713],[139.0217,35.4758],[139.0308,35.4802],[139.0387,35.4878],[139.0475,35.4997],[139.0542,35.5072],[139.0698,35.5063],[139.0808,35.5078],[139.0905,35.5112],[139.0993,35.5195],[139.1083,35.5252],[139.1152,35.5328],[139.115,35.5465],[139.125,35.5533],[139.1324,35.5617],[139.1313,35.5726],[139.125,35.5852],[139.1332,35.5931],[139.1374,35.6137],[139.1294,35.6198],[139.1267,35.6298],[139.1252,35.6441],[139.125,35.6583],[139.1335,35.67]]]]}},{"type":"Feature","properties":{"name":"静岡県"},"geometry":{"type":"MultiPolygon","coordinates":[[[[138.2425,35.5833],[138.2479,35.5673],[138.2504,35.5571],[138.2607,35.5508],[138.2631,35.541],[138.2608,35.5308],[138.2662,35.5206],[138.2695,35.5094],[138.2633,35.5],[138.262,35.4901],[138.2613,35.4777],[138.2584,35.4672],[138.25,35.4605],[138.2503,35.4462],[138.2581,35.4377],[138.2622,35.4277],[138.2615,35.4164],[138.2582,35.4025],[138.2496,35.3968],[138.2461,35.3861],[138.2386,35.3775],[138.2391,35.3669],[138.25,35.3639],[138.2543,35.3545],[138.2578,35.3446],[138.2581,35.3334],[138.2551,35.3237],[138.2599,35.3149],[138.2704,35.3113],[138.2794,35.3044],[138.2894,35.3023],[138.2974,35.3092],[138.3079,35.3144],[138.3182,35.3198],[138.3282,35.3242],[138.3387,35.3231],[138.3463,35.315],[138.3574,35.3132],[138.3667,35.3088],[138.3738,35.3003],[138.3708,35.2829],[138.3714,35.2717],[138.3753,35.2617],[138.3835,35.25],[138.392,35.2342],[138.3939,35.2175],[138.3973,35.2067],[138.4017,35.1971],[138.4135,35.199],[138.4236,35.1926],[138.4294,35.1835],[138.4369,35.1763],[138.4486,35.1758],[138.4594,35.175],[138.4712,35.1743],[138.4817,35.1723],[138.4994,35.1713],[138.5069,35.1788],[138.5147,35.1853],[138.5257,35.1957],[138.5361,35.1973],[138.5346,35.2072],[138.5354,35.2206],[138.5297,35.2308],[138.5245,35.25],[138.5183,35.2584],[138.5232,35.2673],[138.5237,35.2781],[138.5211,35.2879],[138.5177,35.298],[138.5157,35.308],[138.5236,35.3158],[138.5308,35.3234],[138.5379,35.3334],[138.5334,35.3438],[138.5333,35.3542],[138.5336,35.3649],[138.5314,35.3759],[138.5381,35.3838],[138.5357,35.3943],[138.5352,35.4047],[138.5513,35.4167],[138.5593,35.424],[138.5662,35.4313],[138.5749,35.4365],[138.5852,35.4425],[138.5912,35.4338],[138.6009,35.4284],[138.6042,35.4167],[138.6084,35.403],[138.6145,35.3901],[138.625,35.3922],[138.6422,35.3951],[138.6546,35.3951],[138.6666,35.3951],[138.675,35.387],[138.6815,35.3626],[138.6892,35.3548],[138.6999,35.3563],[138.7097,35.3601],[138.7198,35.3615],[138.7333,35.3614],[138.7599,35.3679],[138.7724,35.3702],[138.7829,35.3704],[138.7961,35.3723],[138.8061,35.3732],[138.8178,35.3731],[138.8313,35.3744],[138.8404,35.3816],[138.8504,35.3857],[138.8656,35.3869],[138.8737,35.3806],[138.886,35.3825],[138.8959,35.3872],[138.9059,35.393],[138.9196,35.3987],[138.931,35.3975],[138.9414,35.3959],[138.9527,35.3981],[138.9631,35.3989],[138.975,35.4018],[138.9852,35.4006],[138.9966,35.4002],[139.0042,35.3901],[139.0024,35.3799],[139.0089,35.3722],[139.0108,35.361],[139.0131,35.3505],[139.0136,35.3391],[139.0216,35.3266],[139.017,35.3169],[139.0138,35.3072],[139.0104,35.2973],[139.0078,35.2866],[138.9963,35.2816],[138.9853,35.2696],[138.9787,35.2605],[138.978,35.25],[138.9789,35.2322],[138.9863,35.2179],[138.9912,35.2084],[138.991,35.1975],[139.0,35.1911],[139.0128,35.1797],[139.0265,35.1748],[139.0302,35.1566],[139.0329,35.1465],[139.0439,35.1473],[139.0541,35.1443],[139.065,35.1424],[139.0756,35.1418],[139.0859,35.1381],[139.0962,35.1374],[139.1153,35.138],[139.1196,35.1357],[139.1059,35.1156],[139.0971,35.11],[139.0946,35.1023],[139.0865,35.0935],[139.0906,35.0873],[139.0908,35.0844],[139.0864,35.0809],[139.0853,35.0766],[139.0898,35.0685],[139.0888,35.0667],[139.0839,35.0647],[139.0815,35.0604],[139.0819,35.0564],[139.0858,35.0498],[139.0898,35.0483],[139.0942,35.0534],[139.1015,35.0522],[139.1045,35.0496],[139.1097,35.045],[139.1076,35.0168],[139.1089,35.008],[139.1073,35.0054],[139.0954,35.006],[139.0938,35.0025],[139.0958,35],[139.0996,34.9953],[139.1072,34.9768],[139.1124,34.9737],[139.1274,34.9751],[139.1334,34.9721],[139.1406,34.9671],[139.1436,34.9547],[139.1458,34.953],[139.153,34.9573],[139.1583,34.9294],[139.1536,34.9243],[139.1528,34.9184],[139.1519,34.9113],[139.1452,34.8983],[139.147,34.8912],[139.1422,34.8827],[139.1323,34.8735],[139.1165,34.8701],[139.1123,34.8662],[139.1081,34.8577],[139.0961,34.8559],[139.0919,34.8509],[139.0873,34.8385],[139.0884,34.8243],[139.0868,34.8197],[139.0864,34.8185],[139.0751,34.8028],[139.0731,34.7937],[139.0621,34.7797],[139.0598,34.7704],[139.0569,34.7669],[139.0525,34.7651],[139.0404,34.7651],[139.0287,34.7536],[139.0241,34.7531],[139.0157,34.7484],[139.0112,34.7343],[139.0096,34.7302],[139.0032,34.7257],[138.9992,34.7202],[138.998,34.7135],[138.9881,34.7014],[138.9858,34.6924],[138.9859,34.6864],[138.9883,34.6807],[138.9826,34.6743],[138.9855,34.672],[138.9908,34.6715],[138.9935,34.6689],[138.9945,34.6603],[138.9927,34.6572],[138.986,34.6521],[138.9733,34.6513],[138.9646,34.6532],[138.9631,34.6549],[138.9653,34.6617],[138.9683,34.6711],[138.9646,34.6747],[138.9598,34.6739],[138.9585,34.6719],[138.9563,34.6669],[138.953,34.6644],[138.9477,34.6645],[138.9456,34.661],[138.9327,34.6592],[138.9272,34.6524],[138.9189,34.6346],[138.9115,34.6305],[138.8974,34.6321],[138.8985,34.6274],[138.8913,34.6228],[138.8812,34.6207],[138.8727,34.6166],[138.8654,34.6063],[138.8574,34.6102],[138.854,34.604],[138.8479,34.6012],[138.8334,34.6065],[138.8302,34.6122],[138.8237,34.6135],[138.8197,34.6165],[138.8154,34.6231],[138.8114,34.6242],[138.8042,34.6214],[138.8002,34.6221],[138.7997,34.6319],[138.7948,34.6345],[138.7853,34.6397],[138.7811,34.6466],[138.7807,34.65],[138.7831,34.6554],[138.7931,34.6612],[138.7955,34.6643],[138.7935,34.6675],[138.7836,34.6658],[138.7793,34.675],[138.7683,34.6876],[138.7625,34.6904],[138.7478,34.6883],[138.7469,34.7011],[138.7445,34.7059],[138.7487,34.7131],[138.7483,34.7181],[138.7477,34.7257],[138.755,34.7345],[138.7611,34.7353],[138.7643,34.7421],[138.7627,34.7496],[138.7681,34.7502],[138.7818,34.766],[138.77,34.7694],[138.7686,34.7736],[138.7706,34.7812],[138.7664,34.7861],[138.7659,34.7875],[138.7593,34.8038],[138.7677,34.8063],[138.7693,34.8097],[138.7615,34.8138],[138.7607,34.8186],[138.7618,34.8242],[138.7686,34.8335],[138.7665,34.8412],[138.7679,34.8454],[138.7755,34.8478],[138.7797,34.8508],[138.78,34.8529],[138.7765,34.8559],[138.767,34.86],[138.7631,34.8653],[138.7599,34.8814],[138.7631,34.8881],[138.7637,34.8886],[138.7745,34.8979],[138.7834,34.9011],[138.7866,34.9062],[138.7915,34.9095],[138.7926,34.9145],[138.7895,34.9204],[138.7826,34.9266],[138.7806,34.9389],[138.7757,34.9444],[138.7694,34.9579],[138.7678,34.9648],[138.77,34.9731],[138.7724,34.9768],[138.783,34.9737],[138.7818,34.9771],[138.776,34.9834],[138.7836,34.9986],[138.7838,35],[138.7869,35.0181],[138.7906,35.0256],[138.7966,35.0299],[138.798,35.0255],[138.8061,35.0245],[138.8106,35.0217],[138.8167,35.0218],[138.8231,35.025],[138.8496,35.02],[138.8548,35.017],[138.8709,35.0231],[138.8755,35.0222],[138.878,35.0229],[138.8824,35.0242],[138.8861,35.0214],[138.892,35.0234],[138.8959,35.0194],[138.8998,35.0191],[138.9026,35.0209],[138.9052,35.0242],[138.9,35.0303],[138.9078,35.044],[138.9142,35.046],[138.9102,35.0496],[138.9036,35.0499],[138.8949,35.0467],[138.8785,35.0687],[138.874,35.0709],[138.8676,35.0714],[138.865,35.0757],[138.8699,35.0806],[138.8685,35.0854],[138.8645,35.0794],[138.8618,35.0801],[138.8582,35.0887],[138.851,35.0943],[138.8182,35.1134],[138.7566,35.1278],[138.7399,35.1306],[138.7205,35.1339],[138.7012,35.1338],[138.6928,35.1324],[138.6647,35.1174],[138.6617,35.1171],[138.6572,35.1209],[138.6497,35.1162],[138.6431,35.1167],[138.6423,35.1151],[138.6228,35.1162],[138.6179,35.114],[138.6096,35.1143],[138.5815,35.1056],[138.575,35.1011],[138.5673,35.0983],[138.5637,35.0937],[138.5526,35.0641],[138.5482,35.0587],[138.5329,35.05],[138.5302,35.0485],[138.5149,35.0437],[138.5094,35.0351],[138.5039,35.0305],[138.502,35.0245],[138.5045,35.0124],[138.502,35],[138.5014,34.997],[138.5051,34.9898],[138.5113,34.9849],[138.5146,34.9855],[138.5173,34.9913],[138.5131,35],[138.5122,35.0018],[138.5121,35.011],[138.5137,35.0152],[138.521,35.0109],[138.5253,35.0104],[138.5248,35.0198],[138.5263,35.0229],[138.5299,35.0243],[138.5367,35.0205],[138.541,35.01],[138.5421,35.0018],[138.5415,35],[138.5397,34.9947],[138.5262,34.9828],[138.5136,34.9747],[138.5065,34.9718],[138.4849,34.9569],[138.4648,34.9511],[138.4576,34.949],[138.4291,34.9429],[138.4186,34.9382],[138.4057,34.9282],[138.4004,34.9249],[138.3922,34.9248],[138.3764,34.9194],[138.3677,34.9133],[138.3585,34.895],[138.3373,34.8744],[138.3331,34.8517],[138.3418,34.8426],[138.3444,34.8345],[138.3443,34.8288],[138.3349,34.8137],[138.3243,34.8049],[138.316,34.7935],[138.3022,34.7701],[138.2996,34.7657],[138.3046,34.7613],[138.2891,34.7604],[138.283,34.7584],[138.2636,34.7493],[138.2381,34.7325],[138.2285,34.719],[138.2224,34.7026],[138.222,34.6978],[138.2181,34.6927],[138.2165,34.6837],[138.2141,34.6805],[138.2095,34.6744],[138.2048,34.6642],[138.2035,34.6496],[138.2045,34.6371],[138.2198,34.6142],[138.233,34.6058],[138.2435,34.6036],[138.2435,34.6003],[138.2363,34.5947],[138.2258,34.5963],[138.2165,34.6002],[138.2128,34.6004],[138.1958,34.6015],[138.1836,34.6085],[138.1542,34.6156],[138.1405,34.6237],[138.1183,34.6285],[138.0721,34.6448],[138.0694,34.6458],[138.0529,34.6512],[137.9882,34.6654],[137.97,34.6654],[137.9521,34.6672],[137.9204,34.6664],[137.9112,34.6662],[137.9017,34.6711],[137.8977,34.6726],[137.8832,34.6725],[137.8756,34.6742],[137.8682,34.6743],[137.8641,34.671],[137.8645,34.6688],[137.8696,34.6705],[137.8731,34.6709],[137.8807,34.6698],[137.8855,34.6694],[137.8943,34.6701],[137.8974,34.6688],[137.9006,34.6667],[137.8897,34.6628],[137.85,34.6569],[137.8216,34.6468],[137.8186,34.6497],[137.8146,34.6493],[137.8083,34.6521],[137.811,34.6469],[137.8017,34.6471],[137.7956,34.6457],[137.7949,34.6489],[137.7993,34.658],[137.7994,34.6682],[137.7919,34.6689],[137.7925,34.6612],[137.7899,34.6552],[137.7822,34.6461],[137.7727,34.6489],[137.7599,34.6554],[137.7603,34.6632],[137.754,34.6688],[137.7532,34.6655],[137.7569,34.6615],[137.7521,34.658],[137.7315,34.6617],[137.7164,34.6662],[137.708,34.6672],[137.612,34.6779],[137.6092,34.6796],[137.6133,34.6837],[137.6118,34.6856],[137.598,34.6909],[137.5919,34.691],[137.5901,34.6885],[137.6007,34.6811],[137.6016,34.6788],[137.6002,34.6784],[137.5958,34.6772],[137.5789,34.6791],[137.5236,34.6749],[137.4928,34.6749],[137.4883,34.6743],[137.4891,34.682],[137.4936,34.6915],[137.493,34.702],[137.4912,34.712],[137.4851,34.7209],[137.4818,34.7311],[137.4781,34.75],[137.4802,34.7617],[137.4801,34.7719],[137.4962,34.7832],[137.4956,34.7934],[137.4925,34.8037],[137.4969,34.8138],[137.5019,34.8236],[137.5097,34.8313],[137.5221,34.8333],[137.5314,34.8385],[137.5434,34.8389],[137.5521,34.8452],[137.5683,34.8488],[137.5899,34.8466],[137.5967,34.8541],[137.5995,34.8654],[137.6087,34.8711],[137.6245,34.8764],[137.6336,34.8813],[137.6416,34.8876],[137.6434,34.898],[137.6519,34.9167],[137.6557,34.9269],[137.6596,34.9369],[137.6676,34.9437],[137.6785,34.9421],[137.6851,34.95],[137.6933,34.9567],[137.7066,34.9682],[137.7083,34.9882],[137.704,35.0],[137.708,35.0125],[137.7146,35.0206],[137.726,35.0355],[137.7347,35.0422],[137.7411,35.0508],[137.75,35.0571],[137.7594,35.0622],[137.7684,35.0694],[137.7768,35.0833],[137.7822,35.0958],[137.7979,35.0995],[137.8059,35.1057],[137.8018,35.1255],[137.8188,35.1358],[137.8171,35.1463],[137.831,35.1493],[137.8276,35.1592],[137.8171,35.162],[137.8049,35.1703],[137.8058,35.1811],[137.8228,35.1933],[137.8208,35.2113],[137.8401,35.2127],[137.8511,35.2182],[137.8632,35.2196],[137.875,35.2155],[137.8833,35.223],[137.8879,35.2329],[137.8859,35.2435],[137.8983,35.2546],[137.9141,35.2505],[137.9243,35.2547],[137.9292,35.2641],[137.9347,35.2727],[137.9451,35.2727],[137.9535,35.2786],[137.9654,35.2807],[137.9743,35.2861],[137.9847,35.2892],[138.0,35.2993],[138.0118,35.3006],[138.0218,35.2979],[138.0295,35.3064],[138.0289,35.3167],[138.039,35.3221],[138.045,35.3316],[138.0552,35.3334],[138.0613,35.3416],[138.0714,35.3437],[138.0818,35.3405],[138.0905,35.3347],[138.099,35.34],[138.0997,35.3508],[138.109,35.3549],[138.125,35.3641],[138.1356,35.3629],[138.145,35.3677],[138.1483,35.3783],[138.154,35.3867],[138.152,35.3977],[138.1415,35.4031],[138.1418,35.4167],[138.125,35.4253],[138.125,35.4393],[138.125,35.4531],[138.1352,35.4505],[138.1449,35.456],[138.156,35.4558],[138.1628,35.464],[138.1595,35.4738],[138.1632,35.4852],[138.1567,35.4929],[138.1429,35.4996],[138.1492,35.51],[138.1414,35.5182],[138.1483,35.5255],[138.1552,35.5338],[138.1623,35.5416],[138.1566,35.5503],[138.1454,35.5523],[138.1548,35.5676],[138.1636,35.5744],[138.174,35.5792],[138.1812,35.5719],[138.192,35.5734],[138.196,35.5831],[138.2003,35.5934],[138.2067,35.6024],[138.2071,35.6125],[138.2059,35.6228],[138.2127,35.6309],[138.2216,35.6413],[138.2335,35.632],[138.2321,35.6219],[138.238,35.6131],[138.2396,35.6027],[138.2455,35.593],[138.2425,35.5833]]]]}},{"type":"Feature","properties":{"name":"愛知県"},"geometry":{"type":"MultiPolygon","coordinates":[[[[136.9784,35.419],[136.9919,35.4218],[136.9851,35.4065],[136.991,35.3981],[136.9977,35.39],[137.0117,35.3782],[137.0213,35.3733],[137.032,35.3693],[137.0408,35.3646],[137.0509,35.3622],[137.0487,35.3456],[137.0494,35.3353],[137.0663,35.3333],[137.0745,35.3266],[137.0683,35.3181],[137.0698,35.3066],[137.0795,35.3032],[137.0833,35.2934],[137.0996,35.2871],[137.1034,35.2965],[137.115,35.2956],[137.125,35.2928],[137.1422,35.2831],[137.1511,35.2778],[137.1628,35.2794],[137.1725,35.2748],[137.1793,35.2671],[137.1809,35.2558],[137.1892,35.25],[137.2004,35.25],[137.2144,35.2565],[137.2324,35.257],[137.2414,35.2617],[137.2543,35.2667],[137.2636,35.274],[137.2684,35.2829],[137.279,35.2875],[137.2901,35.2857],[137.3003,35.2862],[137.3109,35.288],[137.3195,35.2828],[137.329,35.2768],[137.3389,35.2713],[137.349,35.2683],[137.3452,35.2584],[137.3639,35.2574],[137.375,35.2599],[137.3878,35.2564],[137.3869,35.2433],[137.3983,35.2378],[137.4082,35.2351],[137.4243,35.2314],[137.4369,35.2226],[137.4464,35.2317],[137.466,35.238],[137.4758,35.2446],[137.489,35.2542],[137.5,35.2608],[137.5112,35.2631],[137.5194,35.271],[137.5243,35.281],[137.5357,35.2789],[137.5463,35.2777],[137.5651,35.2844],[137.5604,35.2676],[137.5564,35.258],[137.5491,35.25],[137.5549,35.2383],[137.5649,35.2325],[137.5715,35.2248],[137.5814,35.2163],[137.5808,35.2058],[137.5811,35.1948],[137.5932,35.196],[137.6027,35.1999],[137.6203,35.2062],[137.632,35.2082],[137.6448,35.2058],[137.656,35.2141],[137.6667,35.2245],[137.6778,35.2275],[137.6881,35.2289],[137.7006,35.2291],[137.7106,35.229],[137.7248,35.2275],[137.7298,35.2182],[137.7413,35.2188],[137.7528,35.2166],[137.767,35.2165],[137.7696,35.206],[137.7781,35.2002],[137.7889,35.2023],[137.8011,35.2019],[137.8102,35.2067],[137.8208,35.2113],[137.8228,35.1933],[137.8058,35.1811],[137.8049,35.1703],[137.8171,35.162],[137.8276,35.1592],[137.831,35.1493],[137.8171,35.1463],[137.8188,35.1358],[137.8018,35.1255],[137.8059,35.1057],[137.7979,35.0995],[137.7822,35.0958],[137.7768,35.0833],[137.7684,35.0694],[137.7594,35.0622],[137.75,35.0571],[137.7411,35.0508],[137.7347,35.0422],[137.726,35.0355],[137.7146,35.0206],[137.708,35.0125],[137.704,35.0],[137.7083,34.9882],[137.7066,34.9682],[137.6933,34.9567],[137.6851,34.95],[137.6785,34.9421],[137.6676,34.9437],[137.6596,34.9369],[137.6557,34.9269],[137.6519,34.9167],[137.6434,34.898],[137.6416,34.8876],[137.6336,34.8813],[137.6245,34.8764],[137.6087,34.8711],[137.5995,34.8654],[137.5967,34.8541],[137.5899,34.8466],[137.5683,34.8488],[137.5521,34.8452],[137.5434,34.8389],[137.5314,34.8385],[137.5221,34.8333],[137.5097,34.8313],[137.5019,34.8236],[137.4969,34.8138],[137.4925,34.8037],[137.4956,34.7934],[137.4962,34.7832],[137.4801,34.7719],[137.4802,34.7617],[137.4781,34.75],[137.4818,34.7311],[137.4851,34.7209],[137.4912,34.712],[137.493,34.702],[137.4936,34.6915],[137.4891,34.682],[137.4883,34.6743],[137.4637,34.6709],[137.4492,34.667],[137.4453,34.666],[137.3517,34.6471],[137.3184,34.6376],[137.3019,34.6343],[137.2782,34.6295],[137.2456,34.6175],[137.2059,34.6081],[137.1941,34.6027],[137.1706,34.5959],[137.159,34.5914],[137.1498,34.5878],[137.1279,34.5854],[137.0939,34.589],[137.0464,34.5776],[137.0351,34.5798],[137.0278,34.5777],[137.0192,34.5783],[137.0207,34.5815],[137.024,34.584],[137.0291,34.5879],[137.0641,34.65],[137.0727,34.6581],[137.0783,34.6621],[137.082,34.6629],[137.0954,34.657],[137.1181,34.6524],[137.1103,34.6507],[137.0911,34.6518],[137.0898,34.6487],[137.0926,34.6468],[137.1118,34.6455],[137.113,34.6434],[137.1069,34.6338],[137.1082,34.632],[137.1173,34.6367],[137.1254,34.6365],[137.1317,34.6382],[137.139,34.6423],[137.1408,34.6444],[137.14,34.6469],[137.135,34.6509],[137.1353,34.6544],[137.1274,34.6538],[137.1325,34.658],[137.159,34.6573],[137.1678,34.6593],[137.1797,34.663],[137.1931,34.6705],[137.206,34.6723],[137.2151,34.6794],[137.2308,34.6804],[137.2321,34.6829],[137.2394,34.6845],[137.2419,34.687],[137.248,34.6931],[137.2574,34.693],[137.2746,34.704],[137.2769,34.7071],[137.2752,34.719],[137.2768,34.7224],[137.2892,34.729],[137.2995,34.7298],[137.3026,34.7275],[137.3056,34.6955],[137.3028,34.6912],[137.2945,34.6893],[137.2901,34.6859],[137.2869,34.6835],[137.2884,34.6812],[137.298,34.6832],[137.3033,34.6818],[137.3094,34.6899],[137.3159,34.6857],[137.319,34.6886],[137.3192,34.6921],[137.3135,34.6965],[137.3125,34.7024],[137.3139,34.7274],[137.3162,34.7291],[137.3288,34.7284],[137.3329,34.7305],[137.346,34.7323],[137.3595,34.7268],[137.3604,34.7282],[137.3583,34.7318],[137.3526,34.7354],[137.337,34.7423],[137.3305,34.7478],[137.3288,34.7572],[137.3307,34.772],[137.3334,34.7751],[137.3383,34.7757],[137.3489,34.774],[137.3512,34.7778],[137.3527,34.7802],[137.3504,34.7832],[137.3363,34.7822],[137.3348,34.7841],[137.3325,34.787],[137.3246,34.7806],[137.3211,34.7798],[137.3186,34.7812],[137.3156,34.7852],[137.3156,34.7892],[137.3205,34.7965],[137.32,34.7988],[137.3096,34.8059],[137.293,34.8112],[137.2852,34.8112],[137.2763,34.8098],[137.2667,34.8044],[137.2634,34.804],[137.2573,34.8064],[137.2589,34.8107],[137.2579,34.8132],[137.247,34.8185],[137.2412,34.8137],[137.2379,34.8142],[137.2374,34.8181],[137.2372,34.8202],[137.2354,34.8219],[137.2248,34.8238],[137.2233,34.8219],[137.2268,34.8182],[137.2265,34.8152],[137.223,34.8128],[137.2169,34.8138],[137.2149,34.8126],[137.2161,34.8086],[137.2123,34.8038],[137.1979,34.806],[137.1965,34.784],[137.1848,34.7697],[137.1777,34.7655],[137.1706,34.7645],[137.1664,34.767],[137.1681,34.7712],[137.1761,34.7771],[137.1765,34.7774],[137.1775,34.7799],[137.1738,34.7873],[137.1685,34.7871],[137.1599,34.7825],[137.1545,34.7827],[137.1493,34.7869],[137.1389,34.7876],[137.1333,34.7834],[137.1293,34.7836],[137.1217,34.7889],[137.1156,34.7897],[137.1106,34.7856],[137.0916,34.7767],[137.0865,34.7777],[137.0747,34.7859],[137.0701,34.7855],[137.0615,34.7807],[137.0529,34.7797],[137.0305,34.7862],[137.0284,34.7891],[137.0315,34.7937],[137.03,34.7968],[137.0234,34.8],[137.0219,34.804],[137.0161,34.8038],[137.0085,34.8115],[137.0055,34.818],[137.0096,34.8328],[137.0083,34.8361],[137.0048,34.8366],[136.9977,34.8324],[136.9924,34.8316],[136.9886,34.8374],[136.9826,34.8397],[136.9778,34.8393],[136.9765,34.8435],[136.9791,34.8525],[136.9745,34.8688],[136.9748,34.8783],[136.9761,34.8823],[136.9845,34.8846],[136.986,34.8865],[136.9819,34.8911],[136.9898,34.9071],[136.9891,34.9126],[136.9795,34.913],[136.9695,34.8944],[136.9718,34.8886],[136.9688,34.8852],[136.9639,34.885],[136.9521,34.8886],[136.947,34.8884],[136.9442,34.8857],[136.9533,34.879],[136.9556,34.8744],[136.9518,34.8696],[136.948,34.8686],[136.9381,34.8692],[136.9353,34.8669],[136.9343,34.8586],[136.9393,34.8348],[136.9296,34.8054],[136.9253,34.7966],[136.9195,34.7845],[136.9185,34.7774],[136.9205,34.7722],[136.9338,34.758],[136.9697,34.7283],[136.9724,34.7153],[136.9688,34.7066],[136.9643,34.7039],[136.9499,34.7056],[136.9491,34.707],[136.9477,34.7041],[136.9526,34.7014],[136.9678,34.6994],[136.9719,34.6939],[136.9701,34.6913],[136.9686,34.6945],[136.963,34.6943],[136.9615,34.6968],[136.9466,34.6937],[136.9438,34.6987],[136.9319,34.7],[136.9307,34.7031],[136.9209,34.7031],[136.9193,34.7042],[136.9214,34.7087],[136.9196,34.7121],[136.912,34.7152],[136.9037,34.7213],[136.8853,34.7276],[136.8833,34.7315],[136.8593,34.7447],[136.8556,34.7486],[136.8492,34.7554],[136.8439,34.7706],[136.8462,34.775],[136.8553,34.781],[136.857,34.7858],[136.856,34.7948],[136.867,34.8338],[136.8667,34.8395],[136.8637,34.8486],[136.8526,34.8642],[136.8521,34.8649],[136.8513,34.8768],[136.8298,34.9081],[136.8316,34.9374],[136.8347,34.9655],[136.8441,34.9808],[136.8625,35],[136.8661,35.0037],[136.8609,35.0059],[136.8572,35.008],[136.8559,35.0105],[136.8641,35.016],[136.8687,35.0277],[136.8759,35.0386],[136.8935,35.0425],[136.8998,35.0433],[136.9034,35.0439],[136.9037,35.0466],[136.8921,35.0501],[136.8911,35.0542],[136.8927,35.0578],[136.904,35.0652],[136.9036,35.0728],[136.8996,35.0733],[136.891,35.0678],[136.8887,35.0643],[136.8858,35.0534],[136.8811,35.0517],[136.8785,35.052],[136.8771,35.0642],[136.8758,35.0653],[136.8751,35.0661],[136.883,35.0757],[136.8926,35.0777],[136.9038,35.0886],[136.9011,35.0989],[136.8995,35.1014],[136.8896,35.0899],[136.8786,35.0923],[136.8757,35.0855],[136.878,35.0822],[136.8734,35.0746],[136.8675,35.0667],[136.8569,35.0663],[136.8515,35.0808],[136.8484,35.0916],[136.8456,35.1025],[136.8421,35.1046],[136.8404,35.0983],[136.8431,35.0845],[136.8401,35.082],[136.8426,35.0799],[136.8419,35.0724],[136.8426,35.0679],[136.839,35.0619],[136.8357,35.0603],[136.8261,35.0613],[136.8155,35.0588],[136.8072,35.0571],[136.8062,35.0492],[136.8016,35.0454],[136.796,35.044],[136.7834,35.0418],[136.7838,35.0377],[136.8017,35.0369],[136.8081,35.0374],[136.8061,35.033],[136.7997,35.0278],[136.7954,35.0271],[136.7883,35.0288],[136.7827,35.0319],[136.7696,35.052],[136.7655,35.0526],[136.7691,35.0436],[136.7665,35.0424],[136.7619,35.0472],[136.7587,35.0422],[136.7551,35.0449],[136.7465,35.0589],[136.7368,35.0703],[136.7318,35.0672],[136.7404,35.0549],[136.747,35.0392],[136.7442,35.0315],[136.7391,35.0307],[136.7325,35.0336],[136.7275,35.0403],[136.7229,35.0534],[136.7201,35.0572],[136.7166,35.063],[136.7127,35.0606],[136.7051,35.0712],[136.6962,35.0836],[136.6874,35.0948],[136.6774,35.1149],[136.6743,35.1273],[136.6709,35.1455],[136.6763,35.1701],[136.6792,35.1807],[136.6821,35.2126],[136.6821,35.2368],[136.6942,35.2506],[136.7026,35.2621],[136.7079,35.2729],[136.7155,35.2821],[136.7285,35.2922],[136.7339,35.3015],[136.7385,35.3112],[136.7494,35.3334],[136.7585,35.3455],[136.7677,35.3605],[136.7775,35.3664],[136.7952,35.3651],[136.8107,35.3571],[136.8212,35.3559],[136.8323,35.3541],[136.8471,35.3577],[136.8589,35.3626],[136.875,35.3699],[136.8957,35.3748],[136.9167,35.3749],[136.9284,35.3786],[136.9382,35.3872],[136.9485,35.3907],[136.9582,35.3934],[136.9641,35.4121],[136.9784,35.419]]]]}},{"type":"Feature","properties":{"name":"三重県"},"geometry":{"type":"MultiPolygon","coordinates":[[[[136.5182,35.25],[136.5303,35.2543],[136.5396,35.2465],[136.5441,35.2352],[136.552,35.2277],[136.5507,35.217],[136.5606,35.2146],[136.563,35.2035],[136.5734,35.1995],[136.5826,35.1934],[136.5886,35.1853],[136.5971,35.1778],[136.6084,35.1662],[136.6163,35.1506],[136.625,35.1446],[136.6382,35.1447],[136.6486,35.1486],[136.6492,35.1626],[136.6594,35.1558],[136.6709,35.1455],[136.6743,35.1273],[136.6774,35.1149],[136.6874,35.0948],[136.6962,35.0836],[136.7051,35.0712],[136.7127,35.0606],[136.7097,35.0586],[136.7133,35.0528],[136.7125,35.0472],[136.7117,35.044],[136.7143,35.0388],[136.7133,35.0374],[136.7166,35.0338],[136.7204,35.0213],[136.7196,35.0196],[136.7156,35.0202],[136.7064,35.0286],[136.7031,35.0255],[136.7011,35.0188],[136.689,35.0106],[136.6831,35.0083],[136.6801,35.0087],[136.6763,35.005],[136.6744,35],[136.6743,34.9918],[136.67,34.9885],[136.6581,34.9878],[136.6548,34.9858],[136.6611,34.9803],[136.6607,34.9765],[136.652,34.9822],[136.6358,34.983],[136.6325,34.982],[136.6312,34.9828],[136.6278,34.978],[136.6276,34.9665],[136.6336,34.9625],[136.633,34.9568],[136.6344,34.9527],[136.6396,34.9505],[136.6429,34.949],[136.6472,34.943],[136.6543,34.9486],[136.6584,34.9469],[136.6634,34.9545],[136.6682,34.9561],[136.6693,34.954],[136.6632,34.9442],[136.6587,34.9309],[136.6604,34.9198],[136.6589,34.9148],[136.6511,34.9071],[136.6428,34.8987],[136.641,34.8868],[136.6284,34.8634],[136.6236,34.8601],[136.619,34.8515],[136.5966,34.8279],[136.5825,34.8103],[136.5777,34.8068],[136.5701,34.7986],[136.565,34.7978],[136.5658,34.7942],[136.5479,34.7721],[136.5371,34.752],[136.5344,34.7426],[136.5362,34.7332],[136.5307,34.7176],[136.5281,34.7097],[136.5249,34.7002],[136.529,34.6865],[136.5328,34.6827],[136.5411,34.6796],[136.5472,34.68],[136.5565,34.6842],[136.5626,34.6817],[136.5681,34.6838],[136.5699,34.6813],[136.5694,34.6771],[136.5664,34.6742],[136.5598,34.6738],[136.5558,34.6711],[136.553,34.6661],[136.5566,34.6356],[136.5526,34.6385],[136.5478,34.6387],[136.5536,34.631],[136.5489,34.6241],[136.5456,34.6251],[136.5438,34.6189],[136.5315,34.612],[136.5368,34.6095],[136.5494,34.6097],[136.5557,34.6085],[136.5592,34.6116],[136.5645,34.6095],[136.5636,34.5955],[136.5658,34.5951],[136.5699,34.5985],[136.5726,34.6074],[136.5782,34.6118],[136.583,34.606],[136.5973,34.6018],[136.6253,34.5985],[136.6334,34.5946],[136.642,34.5942],[136.6508,34.5906],[136.6564,34.5838],[136.6675,34.5633],[136.6758,34.5562],[136.6935,34.5506],[136.7086,34.5483],[136.7139,34.5454],[136.7086,34.541],[136.7066,34.5362],[136.7084,34.5327],[136.7129,34.5306],[136.7174,34.532],[136.726,34.5432],[136.7293,34.5433],[136.73,34.5412],[136.728,34.5366],[136.7247,34.5318],[136.7149,34.5254],[136.7139,34.5199],[136.7159,34.5193],[136.73,34.5258],[136.7401,34.5331],[136.7439,34.5323],[136.7547,34.5243],[136.7423,34.5143],[136.7408,34.5143],[136.7369,34.5165],[136.7304,34.5183],[136.7259,34.517],[136.7247,34.5161],[136.7354,34.5146],[136.7408,34.5127],[136.74,34.5105],[136.7412,34.5099],[136.7431,34.5102],[136.7456,34.5125],[136.7469,34.5133],[136.751,34.5112],[136.753,34.5118],[136.756,34.5081],[136.7585,34.5078],[136.7605,34.5095],[136.7598,34.5118],[136.7547,34.5179],[136.7585,34.5229],[136.762,34.5216],[136.7711,34.5141],[136.7772,34.5126],[136.787,34.5118],[136.7988,34.5087],[136.8129,34.5101],[136.8187,34.5026],[136.8227,34.4911],[136.8253,34.4882],[136.8278,34.488],[136.8333,34.4911],[136.8291,34.5024],[136.8296,34.506],[136.8326,34.5072],[136.8358,34.507],[136.8396,34.5043],[136.84,34.5026],[136.8424,34.492],[136.8477,34.4932],[136.8532,34.4888],[136.8578,34.4886],[136.8666,34.4915],[136.8708,34.4901],[136.8698,34.4873],[136.8666,34.4853],[136.855,34.4847],[136.854,34.4836],[136.8512,34.4761],[136.8517,34.4694],[136.8545,34.468],[136.8565,34.47],[136.856,34.4744],[136.8605,34.4794],[136.8696,34.4798],[136.8799,34.4752],[136.8811,34.4734],[136.8774,34.464],[136.8718,34.4617],[136.8758,34.4581],[136.874,34.457],[136.8733,34.4567],[136.8753,34.4548],[136.8806,34.4567],[136.8834,34.4516],[136.8864,34.4514],[136.8907,34.4477],[136.8839,34.4393],[136.8849,34.4347],[136.8804,34.4259],[136.8934,34.4354],[136.8877,34.4387],[136.8952,34.4441],[136.9015,34.4529],[136.9166,34.4545],[136.9216,34.4483],[136.9272,34.4462],[136.9279,34.4432],[136.9249,34.4405],[136.9272,34.4343],[136.9272,34.4306],[136.9271,34.4205],[136.9337,34.4138],[136.9243,34.4107],[136.9228,34.404],[136.9135,34.3953],[136.9165,34.3882],[136.9137,34.3842],[136.9173,34.3809],[136.9155,34.3752],[136.9104,34.3752],[136.9079,34.38],[136.9039,34.3794],[136.9019,34.3863],[136.8999,34.3878],[136.8923,34.384],[136.8903,34.3851],[136.8921,34.3907],[136.8858,34.3892],[136.8856,34.3828],[136.8788,34.3863],[136.8793,34.3839],[136.8813,34.3753],[136.8795,34.3723],[136.871,34.3678],[136.8622,34.3657],[136.8544,34.3722],[136.8496,34.3715],[136.8395,34.3628],[136.832,34.3651],[136.8302,34.3638],[136.8264,34.3586],[136.8302,34.3555],[136.8376,34.3567],[136.8456,34.358],[136.8486,34.3655],[136.8511,34.3678],[136.8551,34.3674],[136.8581,34.3642],[136.8594,34.3569],[136.8684,34.363],[136.8742,34.3559],[136.8735,34.3538],[136.8687,34.3525],[136.8742,34.3436],[136.877,34.3456],[136.8812,34.354],[136.8875,34.3588],[136.8918,34.3575],[136.8946,34.3598],[136.8941,34.3629],[136.8958,34.3646],[136.9031,34.3621],[136.9114,34.3656],[136.9129,34.3648],[136.9119,34.3617],[136.9044,34.3562],[136.8853,34.3423],[136.8837,34.335],[136.8842,34.3283],[136.8865,34.3235],[136.8953,34.316],[136.897,34.3122],[136.8932,34.3041],[136.8955,34.3016],[136.8897,34.2985],[136.8915,34.2957],[136.9003,34.2911],[136.9008,34.2857],[136.907,34.2769],[136.9048,34.2747],[136.8992,34.2755],[136.8945,34.2736],[136.8801,34.273],[136.8776,34.2715],[136.8809,34.2651],[136.8776,34.2615],[136.8706,34.2599],[136.8585,34.2605],[136.8555,34.2586],[136.8542,34.249],[136.8515,34.2446],[136.8419,34.2509],[136.8281,34.2493],[136.8198,34.2499],[136.807,34.2524],[136.7872,34.2593],[136.7744,34.2582],[136.7681,34.2603],[136.7643,34.2665],[136.7571,34.2695],[136.7561,34.2718],[136.7646,34.2726],[136.7709,34.2774],[136.7932,34.2766],[136.8005,34.2706],[136.8015,34.2758],[136.8166,34.271],[136.8199,34.2645],[136.8239,34.2662],[136.8256,34.2712],[136.8332,34.2697],[136.8334,34.2607],[136.8359,34.2614],[136.8364,34.2639],[136.8392,34.2634],[136.8412,34.2609],[136.8465,34.2655],[136.8562,34.2699],[136.8605,34.2718],[136.8631,34.2743],[136.8618,34.2784],[136.8518,34.2751],[136.849,34.2791],[136.8477,34.2749],[136.8397,34.2707],[136.8357,34.2783],[136.8297,34.2841],[136.8397,34.2864],[136.8374,34.2887],[136.8241,34.2897],[136.8171,34.287],[136.8128,34.2885],[136.8181,34.2935],[136.8219,34.2939],[136.848,34.2899],[136.8568,34.2866],[136.8671,34.2847],[136.8694,34.2869],[136.8702,34.2899],[136.8655,34.2886],[136.8605,34.2875],[136.8586,34.2901],[136.8548,34.2901],[136.8525,34.2945],[136.8473,34.2977],[136.841,34.2962],[136.8374,34.2975],[136.8339,34.3014],[136.8367,34.3037],[136.8402,34.3037],[136.844,34.3014],[136.846,34.3054],[136.8523,34.3041],[136.8558,34.3054],[136.8553,34.3075],[136.8483,34.3081],[136.8495,34.3127],[136.8435,34.3114],[136.8387,34.3081],[136.8324,34.3096],[136.8254,34.3054],[136.8201,34.3058],[136.8179,34.3075],[136.8252,34.3114],[136.8229,34.3129],[136.8126,34.3098],[136.8064,34.3183],[136.8061,34.3188],[136.799,34.3089],[136.7998,34.3077],[136.8053,34.3071],[136.8106,34.3025],[136.8244,34.2998],[136.8143,34.2987],[136.8058,34.2948],[136.8018,34.29],[136.7937,34.2895],[136.7824,34.2916],[136.7834,34.2964],[136.7777,34.2952],[136.7764,34.2994],[136.7772,34.3021],[136.7822,34.3044],[136.7746,34.3079],[136.7671,34.3144],[136.7646,34.3135],[136.7676,34.3069],[136.7664,34.3029],[136.7633,34.3004],[136.7591,34.3014],[136.7578,34.2994],[136.7593,34.2975],[136.7681,34.2954],[136.7669,34.2935],[136.7498,34.295],[136.7397,34.3004],[136.7294,34.3029],[136.7191,34.3018],[136.7194,34.2958],[136.7176,34.2931],[136.7116,34.2937],[136.7086,34.2899],[136.7058,34.2918],[136.7005,34.2879],[136.6963,34.2878],[136.6922,34.2824],[136.6902,34.2837],[136.6892,34.2874],[136.6932,34.296],[136.6925,34.3014],[136.694,34.3058],[136.6987,34.3096],[136.6972,34.3144],[136.6987,34.3175],[136.707,34.3217],[136.7151,34.3194],[136.7116,34.3256],[136.7131,34.3277],[136.7322,34.3363],[136.7339,34.3394],[136.7324,34.3419],[136.7234,34.3392],[136.7183,34.345],[136.7178,34.3388],[136.7156,34.3365],[136.7052,34.3507],[136.7,34.3361],[136.6953,34.3295],[136.6907,34.3231],[136.6882,34.3256],[136.6874,34.3296],[136.6889,34.3327],[136.6857,34.3358],[136.6914,34.3411],[136.6924,34.3432],[136.6909,34.3442],[136.6831,34.3388],[136.6789,34.3394],[136.6711,34.3442],[136.6615,34.3406],[136.6635,34.3383],[136.6706,34.34],[136.6746,34.339],[136.6771,34.3354],[136.6728,34.331],[136.6759,34.3279],[136.6759,34.3252],[136.6731,34.3233],[136.6656,34.3262],[136.6658,34.3237],[136.6611,34.3162],[136.656,34.3237],[136.6543,34.322],[136.6543,34.3183],[136.6543,34.3172],[136.6442,34.3124],[136.6415,34.3093],[136.6432,34.3074],[136.6588,34.3137],[136.6646,34.3104],[136.6686,34.3102],[136.6714,34.3158],[136.6832,34.3135],[136.6714,34.3068],[136.6696,34.301],[136.6591,34.2924],[136.6649,34.2895],[136.6656,34.2868],[136.6598,34.2864],[136.6576,34.2834],[136.6418,34.2836],[136.6405,34.2815],[136.6418,34.2765],[136.6404,34.2749],[136.6385,34.2728],[136.6259,34.2717],[136.6041,34.2554],[136.5976,34.2546],[136.5916,34.2569],[136.5827,34.2756],[136.5775,34.275],[136.5767,34.2764],[136.5782,34.2804],[136.5772,34.2856],[136.5692,34.2837],[136.5634,34.2806],[136.5669,34.2745],[136.5659,34.2727],[136.5639,34.2727],[136.5551,34.2816],[136.5536,34.2793],[136.5561,34.2751],[136.5619,34.2654],[136.5612,34.2574],[136.5592,34.256],[136.5554,34.2572],[136.5557,34.2466],[136.5539,34.2449],[136.5491,34.2522],[136.5434,34.2561],[136.5478,34.2697],[136.5463,34.2751],[136.5446,34.2762],[136.5416,34.2747],[136.5406,34.2693],[136.5383,34.2672],[136.5368,34.2697],[136.5295,34.2724],[136.5285,34.2653],[136.5184,34.2707],[136.5207,34.2745],[136.5159,34.2759],[136.5079,34.2751],[136.5124,34.2713],[136.514,34.2588],[136.5175,34.2482],[136.5263,34.2411],[136.5233,34.2371],[136.5052,34.2537],[136.5108,34.2425],[136.5045,34.2404],[136.4962,34.2427],[136.4939,34.2398],[136.497,34.2335],[136.508,34.2362],[136.5133,34.2331],[136.5166,34.2283],[136.5093,34.2291],[136.4978,34.221],[136.4905,34.218],[136.4865,34.2189],[136.487,34.2231],[136.4872,34.2247],[136.4777,34.2264],[136.4673,34.2345],[136.4661,34.2384],[136.4678,34.2447],[136.466,34.2457],[136.4585,34.2428],[136.4626,34.2372],[136.4593,34.228],[136.4654,34.2217],[136.4616,34.2186],[136.4373,34.2171],[136.4355,34.2158],[136.4361,34.2127],[136.4228,34.2101],[136.4168,34.2055],[136.41,34.2034],[136.405,34.2032],[136.4029,34.2058],[136.4004,34.2088],[136.4057,34.2145],[136.4044,34.2155],[136.3951,34.2155],[136.3947,34.2078],[136.3749,34.1879],[136.3704,34.1856],[136.3672,34.1864],[136.3654,34.1893],[136.3666,34.1922],[136.3649,34.1949],[136.3601,34.1918],[136.3571,34.1916],[136.3551,34.1936],[136.3563,34.1991],[136.3646,34.2031],[136.3573,34.206],[136.3585,34.2089],[136.357,34.2099],[136.351,34.2087],[136.354,34.2043],[136.3445,34.2007],[136.344,34.1988],[136.3441,34.1901],[136.3401,34.1832],[136.3414,34.1786],[136.3374,34.1765],[136.3318,34.1804],[136.3281,34.1802],[136.3218,34.1764],[136.3093,34.1726],[136.3053,34.1699],[136.3023,34.1598],[136.2988,34.1582],[136.2949,34.1527],[136.2901,34.1535],[136.2878,34.151],[136.2936,34.146],[136.2862,34.1347],[136.29,34.1274],[136.2973,34.1289],[136.298,34.1264],[136.2913,34.1172],[136.2923,34.1156],[136.2967,34.1141],[136.2981,34.1137],[136.3064,34.1171],[136.3109,34.1142],[136.3184,34.1153],[136.3209,34.1125],[136.3194,34.1098],[136.3164,34.1096],[136.3075,34.0902],[136.302,34.0841],[136.2993,34.0862],[136.2977,34.0928],[136.2875,34.0909],[136.2845,34.083],[136.2777,34.0825],[136.2727,34.0936],[136.2809,34.1005],[136.2794,34.1028],[136.2676,34.0957],[136.2656,34.0946],[136.2682,34.0892],[136.2669,34.0856],[136.2624,34.0862],[136.2543,34.0962],[136.276,34.1136],[136.279,34.118],[136.277,34.122],[136.273,34.1215],[136.2685,34.1182],[136.2595,34.1083],[136.245,34.1022],[136.242,34.1026],[136.2413,34.1043],[136.2485,34.111],[136.2487,34.1131],[136.2402,34.1107],[136.2377,34.1039],[136.2373,34.0932],[136.2441,34.0861],[136.2334,34.0825],[136.2239,34.0773],[136.2104,34.0745],[136.2091,34.0728],[136.2132,34.0651],[136.2177,34.0624],[136.2395,34.0627],[136.2536,34.0611],[136.2578,34.0584],[136.2508,34.0553],[136.2501,34.0524],[136.2535,34.0376],[136.255,34.0366],[136.2663,34.0297],[136.2751,34.0283],[136.2881,34.0187],[136.2702,34.0105],[136.2624,34.0096],[136.2607,34.008],[136.2627,34.0055],[136.276,34.0055],[136.2792,34.0018],[136.2782,33.9997],[136.273,33.9986],[136.271,33.9919],[136.2668,33.9884],[136.2773,33.9834],[136.2757,33.9707],[136.2691,33.9672],[136.2649,33.965],[136.2579,33.9654],[136.2544,33.9677],[136.2439,33.9693],[136.2411,33.9722],[136.2426,33.977],[136.2553,33.9793],[136.2543,33.9816],[136.2363,33.9864],[136.2214,33.9988],[136.2192,33.9992],[136.2172,33.9975],[136.2225,33.9884],[136.2215,33.9838],[136.2063,33.971],[136.2026,33.9706],[136.1941,33.9741],[136.1923,33.9749],[136.1703,33.9746],[136.163,33.9779],[136.1618,33.9703],[136.1588,33.9687],[136.1558,33.9695],[136.1497,33.9754],[136.1479,33.9757],[136.1465,33.9745],[136.1476,33.9721],[136.1526,33.9684],[136.1571,33.9647],[136.1621,33.9641],[136.1776,33.9717],[136.1828,33.9725],[136.1946,33.9699],[136.2041,33.9647],[136.2104,33.9643],[136.2201,33.9721],[136.2256,33.973],[136.2276,33.9719],[136.2244,33.9652],[136.2292,33.9657],[136.235,33.9505],[136.2335,33.9461],[136.227,33.9465],[136.2221,33.9354],[136.2176,33.9312],[136.2139,33.9326],[136.2148,33.9391],[136.2123,33.9416],[136.2083,33.9422],[136.1968,33.9401],[136.1903,33.9342],[136.1926,33.9329],[136.2011,33.9334],[136.2011,33.9291],[136.2012,33.9259],[136.2045,33.9201],[136.2025,33.9169],[136.1925,33.9165],[136.1865,33.9133],[136.1755,33.9114],[136.1744,33.9237],[136.1596,33.9292],[136.1529,33.9296],[136.1499,33.9273],[136.1519,33.9256],[136.1584,33.9244],[136.1592,33.9207],[136.1542,33.9138],[136.1458,33.9066],[136.1561,33.8987],[136.1529,33.8962],[136.1418,33.8964],[136.1409,33.8964],[136.1422,33.8914],[136.1384,33.8868],[136.1355,33.8857],[136.1248,33.8992],[136.1194,33.8894],[136.1139,33.8887],[136.097,33.8744],[136.0864,33.8618],[136.063,33.8214],[136.0534,33.8045],[136.036,33.767],[136.0293,33.7448],[136.0286,33.7369],[136.0199,33.7333],[136.0104,33.7324],[136.0057,33.7305],[136.0127,33.726],[136.0206,33.7306],[136.0232,33.7287],[136.0146,33.7197],[135.9912,33.7318],[135.9897,33.7323],[135.9789,33.734],[135.9587,33.7252],[135.9451,33.7335],[135.9346,33.751],[135.9209,33.762],[135.9098,33.7636],[135.8994,33.7856],[135.8876,33.7981],[135.8659,33.8079],[135.859,33.8158],[135.8613,33.8276],[135.863,33.8422],[135.8568,33.8595],[135.856,33.8741],[135.8624,33.8969],[135.8675,33.906],[135.8722,33.9168],[135.8875,33.92],[135.9024,33.9221],[135.8996,33.932],[135.8957,33.9422],[135.9027,33.9503],[135.9101,33.9577],[135.9185,33.9695],[135.9274,33.9759],[135.9378,33.9768],[135.9484,33.9765],[135.9595,33.9776],[135.9698,33.9823],[135.9797,33.9858],[135.9934,34.0],[136.0061,34.0065],[136.0104,34.016],[136.0183,34.0234],[136.0217,34.0331],[136.032,34.0294],[136.0404,34.0379],[136.0497,34.0313],[136.0691,34.0303],[136.08,34.0273],[136.0902,34.0242],[136.1038,34.0224],[136.1039,34.0337],[136.0981,34.0434],[136.0966,34.0536],[136.0979,34.067],[136.0967,34.0786],[136.1089,34.0899],[136.1105,34.1],[136.1075,34.1109],[136.1103,34.1223],[136.1074,34.1325],[136.1096,34.1431],[136.1141,34.1527],[136.1151,34.1639],[136.1085,34.172],[136.1113,34.1817],[136.1013,34.1834],[136.0963,34.1925],[136.1035,34.2],[136.1107,34.2071],[136.1211,34.211],[136.116,34.2209],[136.125,34.2355],[136.1331,34.2499],[136.125,34.256],[136.1237,34.2663],[136.1167,34.2741],[136.1078,34.2803],[136.1002,34.2885],[136.098,34.2985],[136.1086,34.3019],[136.1242,34.3071],[136.1318,34.3137],[136.1218,34.3229],[136.1117,34.3265],[136.1045,34.3393],[136.1003,34.3504],[136.0946,34.3656],[136.089,34.3762],[136.08,34.3831],[136.0732,34.3916],[136.0793,34.4018],[136.0881,34.4074],[136.093,34.4167],[136.0987,34.4317],[136.1089,34.4322],[136.125,34.4399],[136.1354,34.4409],[136.1453,34.4385],[136.1559,34.4414],[136.1662,34.4452],[136.1787,34.4422],[136.1902,34.446],[136.2092,34.4453],[136.2105,34.4567],[136.2144,34.4668],[136.2188,34.478],[136.229,34.4848],[136.2222,34.4935],[136.2212,34.506],[136.2214,34.5165],[136.2143,34.5251],[136.2011,34.5218],[136.1908,34.5197],[136.1811,34.5141],[136.1733,34.5259],[136.1716,34.5361],[136.1635,34.5461],[136.1577,34.5564],[136.1481,34.5533],[136.1365,34.5518],[136.116,34.5448],[136.1025,34.553],[136.0928,34.5555],[136.0836,34.5599],[136.0741,34.5644],[136.0633,34.5662],[136.0569,34.5748],[136.0502,34.5833],[136.0506,34.5941],[136.0551,34.6045],[136.0655,34.6168],[136.0723,34.6255],[136.074,34.6356],[136.0697,34.6505],[136.0793,34.6559],[136.0889,34.6722],[136.0825,34.681],[136.0784,34.6925],[136.0671,34.7051],[136.0717,34.7142],[136.0661,34.7232],[136.0482,34.7379],[136.0343,34.7527],[136.0328,34.7632],[136.0364,34.7725],[136.0277,34.7783],[136.0253,34.7883],[136.0356,34.7904],[136.045,34.7957],[136.056,34.7968],[136.066,34.7975],[136.0753,34.8021],[136.0851,34.805],[136.0935,34.8114],[136.0939,34.822],[136.0902,34.8329],[136.1016,34.8364],[136.1098,34.842],[136.1135,34.8523],[136.1291,34.8591],[136.125,34.8696],[136.1149,34.8666],[136.1034,34.8673],[136.0937,34.8717],[136.0901,34.8823],[136.1007,34.886],[136.114,34.8986],[136.1187,34.889],[136.1304,34.8826],[136.1406,34.8849],[136.1498,34.8797],[136.1602,34.8816],[136.172,34.8839],[136.1821,34.8833],[136.1889,34.875],[136.1988,34.8689],[136.2095,34.8654],[136.2214,34.8625],[136.24,34.8571],[136.25,34.8556],[136.2614,34.8578],[136.2715,34.8619],[136.2788,34.8691],[136.2969,34.8683],[136.3073,34.8718],[136.3162,34.8779],[136.3236,34.8865],[136.3335,34.889],[136.3437,34.8925],[136.3598,34.8974],[136.3684,34.9028],[136.3743,34.9206],[136.3748,34.9312],[136.379,34.9414],[136.3873,34.9478],[136.3997,34.9544],[136.4064,34.964],[136.4131,34.9724],[136.4189,34.9874],[136.4229,35.0],[136.421,35.0149],[136.4254,35.0246],[136.4194,35.0335],[136.4209,35.0448],[136.4274,35.0536],[136.4373,35.0588],[136.4438,35.0667],[136.4393,35.0758],[136.4422,35.0917],[136.4447,35.1021],[136.4429,35.1137],[136.4481,35.1229],[136.4387,35.128],[136.446,35.1359],[136.4477,35.1465],[136.4577,35.1492],[136.4572,35.1598],[136.4399,35.17],[136.4327,35.178],[136.422,35.1795],[136.4155,35.1924],[136.4189,35.2034],[136.418,35.2147],[136.427,35.2209],[136.437,35.2188],[136.4465,35.2157],[136.4543,35.223],[136.4624,35.2299],[136.4732,35.2306],[136.4832,35.2316],[136.5,35.2348],[136.5135,35.2364],[136.5182,35.25]]]]}},{"type":"Feature","properties":{"name":"大阪府"},"geometry":{"type":"MultiPolygon","coordinates":[[[[135.7142,34.778],[135.7118,34.7607],[135.7127,34.75],[135.7023,34.7468],[135.7027,34.7313],[135.7066,34.7212],[135.698,34.7146],[135.6896,34.7083],[135.6806,34.7027],[135.6758,34.6877],[135.6808,34.6773],[135.6769,34.6679],[135.6691,34.6498],[135.667,34.64],[135.6634,34.6214],[135.6617,34.6115],[135.6545,34.6036],[135.6638,34.5986],[135.6737,34.6004],[135.6799,34.5918],[135.6846,34.5816],[135.6759,34.5675],[135.6651,34.5627],[135.66,34.5532],[135.6558,34.544],[135.6649,34.5277],[135.6797,34.5223],[135.6797,34.5107],[135.6762,34.5],[135.6826,34.4911],[135.684,34.4769],[135.686,34.467],[135.6854,34.4525],[135.6867,34.4422],[135.683,34.4326],[135.6765,34.4245],[135.6694,34.4166],[135.6773,34.4099],[135.6769,34.3958],[135.666,34.3932],[135.6458,34.3804],[135.6352,34.3793],[135.6247,34.3809],[135.6113,34.3742],[135.6013,34.3769],[135.5915,34.3722],[135.5801,34.3727],[135.571,34.3682],[135.5621,34.3614],[135.5535,34.355],[135.5409,34.353],[135.5319,34.3481],[135.5193,34.3388],[135.5061,34.34],[135.4953,34.3514],[135.4881,34.3594],[135.4756,34.3498],[135.466,34.345],[135.4561,34.3468],[135.4371,34.3449],[135.4293,34.3375],[135.4118,34.3389],[135.3962,34.3283],[135.3862,34.326],[135.3724,34.3271],[135.3616,34.3294],[135.3516,34.3279],[135.3414,34.332],[135.3325,34.3138],[135.3199,34.3122],[135.3093,34.3111],[135.3041,34.3008],[135.2951,34.2957],[135.2893,34.3041],[135.2853,34.3145],[135.2729,34.3092],[135.2599,34.3124],[135.25,34.31],[135.2418,34.304],[135.232,34.2987],[135.2214,34.3018],[135.2108,34.305],[135.2074,34.2955],[135.2067,34.2848],[135.1953,34.2835],[135.1876,34.2768],[135.177,34.2767],[135.1664,34.2754],[135.1515,34.2798],[135.1418,34.2772],[135.1349,34.2691],[135.125,34.2715],[135.113,34.2705],[135.1106,34.281],[135.1017,34.287],[135.1046,34.2977],[135.1063,34.3078],[135.0963,34.3103],[135.1086,34.3195],[135.1306,34.3215],[135.1383,34.3162],[135.1433,34.3169],[135.1507,34.3218],[135.1561,34.3291],[135.1763,34.3361],[135.1837,34.3358],[135.1898,34.3337],[135.2106,34.3428],[135.2251,34.3464],[135.2512,34.369],[135.2552,34.3718],[135.2681,34.376],[135.2736,34.3794],[135.276,34.3809],[135.2815,34.387],[135.2935,34.3939],[135.3109,34.4117],[135.323,34.4152],[135.3261,34.4186],[135.3244,34.4226],[135.3308,34.4241],[135.3315,34.4281],[135.329,34.4334],[135.3298,34.4348],[135.3379,34.4343],[135.341,34.4377],[135.3425,34.4424],[135.3547,34.444],[135.3546,34.4466],[135.3521,34.4486],[135.3593,34.4548],[135.3618,34.4521],[135.3636,34.4523],[135.3657,34.4582],[135.3647,34.4636],[135.3728,34.4664],[135.3775,34.4698],[135.3767,34.4718],[135.3686,34.4717],[135.3749,34.4772],[135.3839,34.474],[135.3863,34.476],[135.3838,34.4787],[135.3844,34.4861],[135.3779,34.4893],[135.3778,34.492],[135.3834,34.4961],[135.3851,34.4921],[135.3916,34.4936],[135.3921,34.4977],[135.3922,34.5016],[135.3962,34.5044],[135.3968,34.5111],[135.4065,34.5133],[135.4147,34.51],[135.4119,34.5168],[135.4127,34.5191],[135.4169,34.5201],[135.421,34.5199],[135.4238,34.52],[135.4279,34.5205],[135.4309,34.5237],[135.4347,34.5275],[135.4404,34.5331],[135.4428,34.5377],[135.4461,34.5423],[135.452,34.5493],[135.4533,34.5536],[135.4502,34.5554],[135.4438,34.5567],[135.4372,34.5571],[135.4319,34.5579],[135.4255,34.5597],[135.4174,34.5614],[135.4114,34.5643],[135.4106,34.5735],[135.4128,34.5763],[135.4137,34.5761],[135.4161,34.5763],[135.418,34.5745],[135.4249,34.5789],[135.4281,34.5761],[135.4286,34.5733],[135.4335,34.5714],[135.4367,34.5741],[135.4331,34.5888],[135.4398,34.5852],[135.4429,34.5816],[135.4481,34.5809],[135.4504,34.5797],[135.4539,34.567],[135.458,34.5664],[135.4591,34.5685],[135.4634,34.5766],[135.4565,34.5821],[135.4571,34.5844],[135.4567,34.5849],[135.4583,34.5866],[135.4672,34.5881],[135.4687,34.5928],[135.4534,34.5898],[135.4434,34.5897],[135.4391,34.5904],[135.432,34.6009],[135.4328,34.6043],[135.4369,34.6017],[135.4483,34.5985],[135.4507,34.6012],[135.4465,34.6078],[135.4767,34.6041],[135.4643,34.6081],[135.4421,34.6117],[135.4359,34.6111],[135.4301,34.6132],[135.4298,34.6173],[135.4339,34.6198],[135.4376,34.6181],[135.442,34.6188],[135.4417,34.6225],[135.4455,34.6239],[135.4489,34.6212],[135.4515,34.6171],[135.4559,34.6176],[135.4559,34.6199],[135.4591,34.6232],[135.4622,34.623],[135.466,34.6235],[135.4705,34.6231],[135.4746,34.6248],[135.4807,34.6276],[135.485,34.6313],[135.4852,34.6361],[135.481,34.6365],[135.4772,34.634],[135.4756,34.6321],[135.472,34.6295],[135.4673,34.6279],[135.4621,34.6264],[135.4565,34.6275],[135.4581,34.6307],[135.4614,34.6315],[135.4664,34.6331],[135.4683,34.6357],[135.4646,34.6377],[135.4593,34.6406],[135.4604,34.6429],[135.4648,34.6439],[135.4665,34.6432],[135.469,34.641],[135.4732,34.6415],[135.4731,34.644],[135.4733,34.649],[135.4697,34.6506],[135.4647,34.6501],[135.4592,34.6477],[135.4562,34.6454],[135.4542,34.6463],[135.4509,34.6469],[135.4445,34.6482],[135.4402,34.6511],[135.4341,34.6526],[135.4349,34.655],[135.4372,34.6567],[135.4516,34.6656],[135.4539,34.6703],[135.4611,34.6759],[135.4569,34.6769],[135.4627,34.6829],[135.466,34.6973],[135.4627,34.7306],[135.4585,34.7572],[135.4474,34.7669],[135.4478,34.777],[135.4451,34.7867],[135.4357,34.7948],[135.4211,34.809],[135.4229,34.8194],[135.4252,34.8387],[135.4249,34.8487],[135.4338,34.8534],[135.4356,34.8638],[135.4427,34.8834],[135.445,34.8944],[135.4328,34.8964],[135.4233,34.9047],[135.4317,34.9123],[135.4411,34.9166],[135.4534,34.9167],[135.4638,34.915],[135.4696,34.9259],[135.4519,34.9309],[135.4419,34.934],[135.4316,34.9333],[135.4206,34.9316],[135.4128,34.9415],[135.3999,34.9407],[135.3898,34.9433],[135.3854,34.9526],[135.3746,34.9507],[135.3639,34.9513],[135.3572,34.9592],[135.3494,34.9656],[135.3523,34.9754],[135.3615,34.9807],[135.3559,34.9898],[135.3553,35.0],[135.3566,35.0104],[135.3572,35.0212],[135.3427,35.0228],[135.337,35.0311],[135.3418,35.0405],[135.352,35.0441],[135.3621,35.0469],[135.3738,35.0422],[135.3849,35.0278],[135.3834,35.0115],[135.393,35.0071],[135.4029,35.0048],[135.4128,35.0081],[135.4208,35.0],[135.4325,35.0028],[135.4433,35.0044],[135.4531,35.0],[135.4642,34.9973],[135.4728,34.9921],[135.484,34.9917],[135.4929,34.9863],[135.4862,34.9785],[135.4899,34.9687],[135.4887,34.9529],[135.4963,34.9379],[135.509,34.9424],[135.5175,34.9371],[135.5246,34.9287],[135.5385,34.9227],[135.544,34.912],[135.5547,34.9137],[135.565,34.9146],[135.5759,34.9135],[135.5842,34.9229],[135.5823,34.934],[135.565,34.9403],[135.5695,34.9497],[135.5753,34.9588],[135.578,34.9689],[135.5879,34.9713],[135.5964,34.9653],[135.6061,34.9679],[135.6161,34.9679],[135.6197,34.9523],[135.6159,34.9423],[135.6258,34.9308],[135.6358,34.9313],[135.6459,34.9265],[135.6539,34.9162],[135.6569,34.906],[135.6671,34.9005],[135.679,34.8942],[135.6841,34.8854],[135.6876,34.8678],[135.694,34.8601],[135.6944,34.8499],[135.7044,34.8478],[135.7129,34.842],[135.7186,34.8333],[135.726,34.8231],[135.7397,34.8103],[135.7467,34.8015],[135.7463,34.791],[135.7396,34.7827],[135.732,34.7755],[135.7142,34.778]]]]}},{"type":"Feature","properties":{"name":"奈良県"},"geometry":{"type":"MultiPolygon","coordinates":[[[[135.7142,34.778],[135.732,34.7755],[135.7346,34.7596],[135.7394,34.75],[135.7489,34.7436],[135.7562,34.7351],[135.7585,34.7243],[135.7701,34.7223],[135.7808,34.7204],[135.7962,34.7207],[135.8067,34.718],[135.8149,34.7122],[135.8355,34.7098],[135.8461,34.7057],[135.8559,34.7026],[135.875,34.7081],[135.893,34.7061],[135.8998,34.7265],[135.9079,34.7335],[135.9146,34.741],[135.9193,34.7505],[135.9305,34.7536],[135.9265,34.7383],[135.9358,34.7346],[135.9461,34.7351],[135.9538,34.7428],[135.9624,34.737],[135.9768,34.7378],[135.9853,34.7313],[135.9884,34.7218],[135.9897,34.7119],[136.0017,34.71],[136.0115,34.7133],[136.031,34.7064],[136.0373,34.7151],[136.0438,34.7226],[136.0482,34.7379],[136.0661,34.7232],[136.0717,34.7142],[136.0671,34.7051],[136.0784,34.6925],[136.0825,34.681],[136.0889,34.6722],[136.0793,34.6559],[136.0697,34.6505],[136.074,34.6356],[136.0723,34.6255],[136.0655,34.6168],[136.0551,34.6045],[136.0506,34.5941],[136.0502,34.5833],[136.0569,34.5748],[136.0633,34.5662],[136.0741,34.5644],[136.0836,34.5599],[136.0928,34.5555],[136.1025,34.553],[136.116,34.5448],[136.1365,34.5518],[136.1481,34.5533],[136.1577,34.5564],[136.1635,34.5461],[136.1716,34.5361],[136.1733,34.5259],[136.1811,34.5141],[136.1908,34.5197],[136.2011,34.5218],[136.2143,34.5251],[136.2214,34.5165],[136.2212,34.506],[136.2222,34.4935],[136.229,34.4848],[136.2188,34.478],[136.2144,34.4668],[136.2105,34.4567],[136.2092,34.4453],[136.1902,34.446],[136.1787,34.4422],[136.1662,34.4452],[136.1559,34.4414],[136.1453,34.4385],[136.1354,34.4409],[136.125,34.4399],[136.1089,34.4322],[136.0987,34.4317],[136.093,34.4167],[136.0881,34.4074],[136.0793,34.4018],[136.0732,34.3916],[136.08,34.3831],[136.089,34.3762],[136.0946,34.3656],[136.1003,34.3504],[136.1045,34.3393],[136.1117,34.3265],[136.1218,34.3229],[136.1318,34.3137],[136.1242,34.3071],[136.1086,34.3019],[136.098,34.2985],[136.1002,34.2885],[136.1078,34.2803],[136.1167,34.2741],[136.1237,34.2663],[136.125,34.256],[136.1331,34.2499],[136.125,34.2355],[136.116,34.2209],[136.1211,34.211],[136.1107,34.2071],[136.1035,34.2],[136.0963,34.1925],[136.1013,34.1834],[136.1113,34.1817],[136.1085,34.172],[136.1151,34.1639],[136.1141,34.1527],[136.1096,34.1431],[136.1074,34.1325],[136.1103,34.1223],[136.1075,34.1109],[136.1105,34.1],[136.1089,34.0899],[136.0967,34.0786],[136.0979,34.067],[136.0966,34.0536],[136.0981,34.0434],[136.1039,34.0337],[136.1038,34.0224],[136.0902,34.0242],[136.08,34.0273],[136.0691,34.0303],[136.0497,34.0313],[136.0404,34.0379],[136.032,34.0294],[136.0217,34.0331],[136.0183,34.0234],[136.0104,34.016],[136.0061,34.0065],[135.9934,34.0],[135.9797,33.9858],[135.9698,33.9823],[135.9595,33.9776],[135.9484,33.9765],[135.9378,33.9768],[135.9274,33.9759],[135.9185,33.9695],[135.9101,33.9577],[135.9027,33.9503],[135.8957,33.9422],[135.8996,33.932],[135.9024,33.9221],[135.8875,33.92],[135.8722,33.9168],[135.8675,33.906],[135.8624,33.8969],[135.8492,33.8934],[135.8387,33.8923],[135.8284,33.8971],[135.8191,33.9021],[135.8091,33.9013],[135.8049,33.8921],[135.792,33.8894],[135.7808,33.8848],[135.7698,33.8874],[135.7605,33.8824],[135.745,33.8871],[135.7358,33.8929],[135.7273,33.8997],[135.7164,33.8993],[135.7055,33.9003],[135.6935,33.9],[135.6842,33.8959],[135.6739,33.897],[135.6655,33.8894],[135.6595,33.881],[135.6468,33.8738],[135.6351,33.8712],[135.625,33.8748],[135.6285,33.8846],[135.6243,33.8955],[135.6052,33.9012],[135.6145,33.9166],[135.6158,33.9265],[135.6197,33.9359],[135.624,33.9498],[135.6344,33.9462],[135.6394,33.9568],[135.6425,33.9672],[135.6414,33.9786],[135.6379,33.988],[135.6272,34.0],[135.6181,34.006],[135.6081,34.0092],[135.5975,34.0087],[135.5979,34.02],[135.6008,34.0309],[135.597,34.0413],[135.5879,34.0465],[135.5824,34.055],[135.5721,34.0547],[135.5634,34.0603],[135.5538,34.065],[135.5428,34.0715],[135.5525,34.0837],[135.5492,34.0944],[135.5584,34.0992],[135.5655,34.1068],[135.575,34.1109],[135.5833,34.1193],[135.5877,34.1292],[135.5903,34.1398],[135.6074,34.1504],[135.625,34.1555],[135.6261,34.1666],[135.6353,34.1743],[135.6442,34.1796],[135.6417,34.1907],[135.6372,34.201],[135.6437,34.2098],[135.6521,34.2154],[135.6624,34.2149],[135.6714,34.2212],[135.6817,34.2194],[135.6912,34.2141],[135.7004,34.2089],[135.7125,34.2055],[135.7209,34.2126],[135.7301,34.2183],[135.7322,34.2307],[135.7263,34.2401],[135.7216,34.2583],[135.7126,34.265],[135.7039,34.2721],[135.6937,34.2731],[135.6819,34.2709],[135.6762,34.2793],[135.6767,34.2898],[135.6713,34.2984],[135.6713,34.3134],[135.6635,34.3239],[135.664,34.341],[135.6664,34.3516],[135.6605,34.3603],[135.6568,34.3704],[135.6458,34.3804],[135.666,34.3932],[135.6769,34.3958],[135.6773,34.4099],[135.6694,34.4166],[135.6765,34.4245],[135.683,34.4326],[135.6867,34.4422],[135.6854,34.4525],[135.686,34.467],[135.684,34.4769],[135.6826,34.4911],[135.6762,34.5],[135.6797,34.5107],[135.6797,34.5223],[135.6649,34.5277],[135.6558,34.544],[135.66,34.5532],[135.6651,34.5627],[135.6759,34.5675],[135.6846,34.5816],[135.6799,34.5918],[135.6737,34.6004],[135.6638,34.5986],[135.6545,34.6036],[135.6617,34.6115],[135.6634,34.6214],[135.667,34.64],[135.6691,34.6498],[135.6769,34.6679],[135.6808,34.6773],[135.6758,34.6877],[135.6806,34.7027],[135.6896,34.7083],[135.698,34.7146],[135.7066,34.7212],[135.7027,34.7313],[135.7023,34.7468],[135.7127,34.75],[135.7118,34.7607],[135.7142,34.778]]]]}},{"type":"Feature","properties":{"name":"和歌山県"},"geometry":{"type":"MultiPolygon","coordinates":[[[[135.6247,34.3809],[135.6352,34.3793],[135.6458,34.3804],[135.6568,34.3704],[135.6605,34.3603],[135.6664,34.3516],[135.664,34.341],[135.6635,34.3239],[135.6713,34.3134],[135.6713,34.2984],[135.6767,34.2898],[135.6762,34.2793],[135.6819,34.2709],[135.6937,34.2731],[135.7039,34.2721],[135.7126,34.265],[135.7216,34.2583],[135.7263,34.2401],[135.7322,34.2307],[135.7301,34.2183],[135.7209,34.2126],[135.7125,34.2055],[135.7004,34.2089],[135.6912,34.2141],[135.6817,34.2194],[135.6714,34.2212],[135.6624,34.2149],[135.6521,34.2154],[135.6437,34.2098],[135.6372,34.201],[135.6417,34.1907],[135.6442,34.1796],[135.6353,34.1743],[135.6261,34.1666],[135.625,34.1555],[135.6074,34.1504],[135.5903,34.1398],[135.5877,34.1292],[135.5833,34.1193],[135.575,34.1109],[135.5655,34.1068],[135.5584,34.0992],[135.5492,34.0944],[135.5525,34.0837],[135.5428,34.0715],[135.5538,34.065],[135.5634,34.0603],[135.5721,34.0547],[135.5824,34.055],[135.5879,34.0465],[135.597,34.0413],[135.6008,34.0309],[135.5979,34.02],[135.5975,34.0087],[135.6081,34.0092],[135.6181,34.006],[135.6272,34.0],[135.6379,33.988],[135.6414,33.9786],[135.6425,33.9672],[135.6394,33.9568],[135.6344,33.9462],[135.624,33.9498],[135.6197,33.9359],[135.6158,33.9265],[135.6145,33.9166],[135.6052,33.9012],[135.6243,33.8955],[135.6285,33.8846],[135.625,33.8748],[135.6351,33.8712],[135.6468,33.8738],[135.6595,33.881],[135.6655,33.8894],[135.6739,33.897],[135.6842,33.8959],[135.6935,33.9],[135.7055,33.9003],[135.7164,33.8993],[135.7273,33.8997],[135.7358,33.8929],[135.745,33.8871],[135.7605,33.8824],[135.7698,33.8874],[135.7808,33.8848],[135.792,33.8894],[135.8049,33.8921],[135.8091,33.9013],[135.8191,33.9021],[135.8284,33.8971],[135.8387,33.8923],[135.8492,33.8934],[135.8624,33.8969],[135.856,33.8741],[135.8568,33.8595],[135.863,33.8422],[135.8613,33.8276],[135.859,33.8158],[135.8659,33.8079],[135.8876,33.7981],[135.8994,33.7856],[135.9098,33.7636],[135.9209,33.762],[135.9346,33.751],[135.9451,33.7335],[135.9587,33.7252],[135.9789,33.734],[135.9897,33.7323],[135.9912,33.7318],[136.0146,33.7197],[136.0012,33.7054],[135.9993,33.695],[135.9929,33.6856],[135.9802,33.6778],[135.9785,33.6734],[135.9799,33.6602],[135.9817,33.6575],[135.9904,33.6603],[135.9919,33.6568],[135.989,33.6517],[135.9851,33.6473],[135.9833,33.6451],[135.9807,33.6529],[135.9782,33.6529],[135.9768,33.6498],[135.9658,33.6501],[135.9604,33.6447],[135.9487,33.6433],[135.9427,33.6379],[135.944,33.6349],[135.9513,33.634],[135.9585,33.6307],[135.9601,33.6269],[135.9586,33.6173],[135.9477,33.612],[135.9437,33.6132],[135.9341,33.6017],[135.9397,33.5928],[135.9453,33.5997],[135.9459,33.6003],[135.9488,33.6022],[135.9513,33.6014],[135.9531,33.5977],[135.9509,33.5937],[135.944,33.5897],[135.9418,33.5863],[135.9473,33.5807],[135.9533,33.581],[135.9572,33.5877],[135.9661,33.594],[135.9684,33.5911],[135.9638,33.5767],[135.9603,33.5746],[135.9466,33.5747],[135.9392,33.5715],[135.9357,33.5723],[135.9264,33.5795],[135.9242,33.5785],[135.928,33.5672],[135.9201,33.5663],[135.9025,33.5562],[135.9038,33.5545],[135.908,33.555],[135.9179,33.5601],[135.9254,33.5614],[135.9294,33.5589],[135.9232,33.5557],[135.9113,33.5452],[135.9012,33.5416],[135.896,33.5361],[135.89,33.5344],[135.8854,33.5281],[135.8771,33.5303],[135.8752,33.5297],[135.8709,33.5255],[135.8695,33.524],[135.8598,33.5187],[135.8581,33.516],[135.8507,33.5153],[135.8473,33.5095],[135.8303,33.5104],[135.8227,33.5032],[135.8089,33.4962],[135.8079,33.4931],[135.8015,33.4859],[135.8015,33.4823],[135.8016,33.4792],[135.794,33.4715],[135.7913,33.4629],[135.7921,33.4583],[135.8043,33.4419],[135.7978,33.441],[135.7936,33.4364],[135.7819,33.4407],[135.7767,33.4409],[135.7715,33.4366],[135.7681,33.4308],[135.7632,33.4295],[135.7601,33.4326],[135.7611,33.4376],[135.7572,33.444],[135.7577,33.4457],[135.7612,33.4493],[135.7758,33.4538],[135.7768,33.4546],[135.7819,33.4588],[135.7819,33.4639],[135.7748,33.474],[135.7645,33.4783],[135.7509,33.478],[135.7467,33.4754],[135.7384,33.4775],[135.7337,33.4743],[135.7283,33.4734],[135.7178,33.4791],[135.7151,33.4766],[135.7095,33.4843],[135.7038,33.4844],[135.6891,33.4795],[135.6836,33.4838],[135.6769,33.485],[135.6691,33.4895],[135.6601,33.4947],[135.6476,33.4985],[135.6366,33.5047],[135.6322,33.4971],[135.6179,33.5028],[135.6003,33.5014],[135.5991,33.4989],[135.6011,33.4981],[135.6011,33.4956],[135.5969,33.4951],[135.5933,33.5028],[135.5871,33.5044],[135.579,33.5129],[135.5715,33.5147],[135.5536,33.5134],[135.5523,33.5143],[135.5483,33.5171],[135.5343,33.5176],[135.5161,33.5237],[135.5148,33.5251],[135.516,33.5287],[135.514,33.5314],[135.506,33.534],[135.5029,33.5371],[135.4964,33.5387],[135.4921,33.5464],[135.4846,33.5436],[135.4781,33.5487],[135.4719,33.5449],[135.4655,33.544],[135.4599,33.5481],[135.4553,33.5445],[135.4523,33.5455],[135.4494,33.5501],[135.4488,33.5578],[135.4438,33.5623],[135.4247,33.5681],[135.422,33.5708],[135.4211,33.5771],[135.4152,33.5739],[135.4119,33.5747],[135.4056,33.5792],[135.4068,33.5817],[135.4058,33.5834],[135.4001,33.5829],[135.3916,33.5988],[135.3938,33.6032],[135.3937,33.6078],[135.3976,33.6135],[135.3945,33.6185],[135.3984,33.6244],[135.3965,33.6306],[135.3975,33.636],[135.3871,33.6468],[135.3808,33.6502],[135.356,33.6547],[135.3336,33.668],[135.3424,33.6761],[135.3508,33.6801],[135.3442,33.6899],[135.3536,33.6948],[135.3628,33.6938],[135.3657,33.6864],[135.3674,33.6858],[135.3678,33.6807],[135.3703,33.6789],[135.3733,33.6808],[135.3722,33.6841],[135.3742,33.6854],[135.3837,33.6843],[135.3811,33.6882],[135.3828,33.6895],[135.3891,33.6891],[135.3883,33.6914],[135.3848,33.6935],[135.3864,33.7004],[135.3886,33.7017],[135.3926,33.6928],[135.3961,33.702],[135.4013,33.7052],[135.402,33.7079],[135.399,33.7148],[135.3933,33.7182],[135.3886,33.719],[135.3784,33.7287],[135.3744,33.7311],[135.3615,33.7268],[135.3592,33.7272],[135.3633,33.737],[135.362,33.741],[135.3539,33.7444],[135.3394,33.7453],[135.3325,33.7425],[135.3273,33.7537],[135.3295,33.7573],[135.3259,33.7652],[135.3216,33.7668],[135.3188,33.7678],[135.3034,33.7651],[135.3003,33.7696],[135.2794,33.7794],[135.2619,33.7815],[135.2482,33.7796],[135.2432,33.7802],[135.2407,33.7822],[135.2395,33.7889],[135.2407,33.7945],[135.2394,33.7977],[135.2301,33.8021],[135.2216,33.8104],[135.2144,33.8088],[135.1923,33.8194],[135.1909,33.8244],[135.1851,33.8284],[135.1789,33.8398],[135.1718,33.8445],[135.1724,33.8485],[135.1655,33.8605],[135.1625,33.8715],[135.1482,33.8847],[135.1254,33.8915],[135.1139,33.8903],[135.096,33.8858],[135.0952,33.886],[135.0859,33.888],[135.0758,33.8816],[135.0671,33.88],[135.0653,33.8816],[135.065,33.8858],[135.0695,33.8936],[135.0656,33.9015],[135.0678,33.9053],[135.0838,33.9047],[135.0879,33.9112],[135.0871,33.916],[135.0835,33.9176],[135.0857,33.9214],[135.0844,33.9253],[135.0764,33.9229],[135.0719,33.9245],[135.0738,33.9279],[135.0793,33.9294],[135.0837,33.9339],[135.0887,33.9327],[135.0942,33.9359],[135.0903,33.9398],[135.0953,33.942],[135.0987,33.9479],[135.1039,33.9488],[135.1103,33.9543],[135.1141,33.9539],[135.117,33.9575],[135.1154,33.9608],[135.1087,33.9599],[135.1013,33.9552],[135.0858,33.9544],[135.0832,33.9575],[135.0892,33.9586],[135.091,33.968],[135.0867,33.9692],[135.0829,33.9739],[135.0786,33.9751],[135.0775,33.9772],[135.0808,33.9789],[135.0891,33.9769],[135.0938,33.9785],[135.0967,33.9825],[135.0934,33.986],[135.0907,33.9864],[135.0899,33.9866],[135.0908,33.9884],[135.0956,33.9902],[135.0991,33.9877],[135.101,33.9917],[135.1078,33.992],[135.1161,33.9878],[135.1227,33.9964],[135.1307,33.9963],[135.1359,33.9989],[135.1417,33.9988],[135.1461,34.0011],[135.1488,34.0062],[135.1528,34.0066],[135.1562,34.0096],[135.1479,34.0126],[135.1456,34.0155],[135.1573,34.019],[135.1587,34.024],[135.1645,34.0231],[135.1685,34.0254],[135.1759,34.0266],[135.1803,34.0339],[135.1794,34.0366],[135.1715,34.0353],[135.1655,34.0365],[135.1682,34.0407],[135.1674,34.0429],[135.1648,34.045],[135.1588,34.0435],[135.1548,34.0444],[135.1534,34.0511],[135.1448,34.0566],[135.1407,34.0622],[135.1314,34.0614],[135.1241,34.0653],[135.1105,34.0678],[135.1013,34.0654],[135.094,34.0655],[135.0874,34.07],[135.0873,34.0733],[135.0949,34.0703],[135.1048,34.0773],[135.1075,34.0809],[135.1063,34.0895],[135.111,34.0904],[135.1184,34.0951],[135.121,34.1053],[135.1206,34.1126],[135.1228,34.116],[135.1243,34.1173],[135.128,34.1161],[135.1334,34.1124],[135.136,34.117],[135.1304,34.1259],[135.1302,34.1309],[135.1312,34.1334],[135.1384,34.1348],[135.1577,34.1382],[135.1677,34.1377],[135.1728,34.1359],[135.1908,34.1425],[135.1997,34.142],[135.2029,34.1447],[135.202,34.1481],[135.1931,34.1479],[135.1898,34.1519],[135.1928,34.16],[135.1913,34.1639],[135.1862,34.1666],[135.1836,34.1725],[135.1834,34.1772],[135.1866,34.182],[135.1864,34.1869],[135.1863,34.1921],[135.1799,34.1899],[135.1776,34.1865],[135.1646,34.1863],[135.1542,34.1841],[135.1468,34.1873],[135.1451,34.1926],[135.1514,34.1961],[135.1503,34.2102],[135.1461,34.2128],[135.1469,34.2216],[135.1458,34.2269],[135.1337,34.226],[135.1288,34.2279],[135.1303,34.2293],[135.1376,34.2294],[135.126,34.2399],[135.1138,34.2417],[135.0999,34.2481],[135.0893,34.2506],[135.0716,34.2503],[135.0696,34.2566],[135.0689,34.259],[135.069,34.2626],[135.0738,34.2717],[135.0811,34.2772],[135.0804,34.278],[135.0767,34.2827],[135.0764,34.2944],[135.0823,34.3018],[135.0885,34.3044],[135.0963,34.3103],[135.1063,34.3078],[135.1046,34.2977],[135.1017,34.287],[135.1106,34.281],[135.113,34.2705],[135.125,34.2715],[135.1349,34.2691],[135.1418,34.2772],[135.1515,34.2798],[135.1664,34.2754],[135.177,34.2767],[135.1876,34.2768],[135.1953,34.2835],[135.2067,34.2848],[135.2074,34.2955],[135.2108,34.305],[135.2214,34.3018],[135.232,34.2987],[135.2418,34.304],[135.25,34.31],[135.2599,34.3124],[135.2729,34.3092],[135.2853,34.3145],[135.2893,34.3041],[135.2951,34.2957],[135.3041,34.3008],[135.3093,34.3111],[135.3199,34.3122],[135.3325,34.3138],[135.3414,34.332],[135.3516,34.3279],[135.3616,34.3294],[135.3724,34.3271],[135.3862,34.326],[135.3962,34.3283],[135.4118,34.3389],[135.4293,34.3375],[135.4371,34.3449],[135.4561,34.3468],[135.466,34.345],[135.4756,34.3498],[135.4881,34.3594],[135.4953,34.3514],[135.5061,34.34],[135.5193,34.3388],[135.5319,34.3481],[135.5409,34.353],[135.5535,34.355],[135.5621,34.3614],[135.571,34.3682],[135.5801,34.3727],[135.5915,34.3722],[135.6013,34.3769],[135.6113,34.3742],[135.6247,34.3809]]]]}},{"type":"Feature","properties":{"name":"京都府"},"geometry":{"type":"MultiPolygon","coordinates":[[[[134.8705,35.659],[134.8711,35.6593],[134.8819,35.6601],[134.8889,35.6531],[134.886,35.6464],[134.8876,35.6456],[134.8939,35.6473],[134.8991,35.6458],[134.9057,35.6484],[134.916,35.6448],[134.9254,35.6443],[134.9351,35.6463],[134.9544,35.6547],[134.9589,35.6567],[134.9677,35.6625],[134.9692,35.6654],[134.968,35.6704],[134.9773,35.6762],[134.9788,35.6816],[134.9841,35.6832],[134.989,35.6914],[134.9965,35.6903],[135,35.6907],[135.0026,35.691],[135.0084,35.694],[135.0218,35.6887],[135.0277,35.689],[135.0335,35.6912],[135.039,35.7001],[135.0466,35.6991],[135.0512,35.7023],[135.0616,35.7056],[135.0662,35.7107],[135.0716,35.7166],[135.0815,35.7201],[135.0895,35.7269],[135.0892,35.7317],[135.0863,35.7364],[135.088,35.7388],[135.0959,35.7399],[135.0981,35.7433],[135.103,35.7415],[135.1079,35.743],[135.1106,35.7466],[135.1199,35.7442],[135.1252,35.7451],[135.1331,35.7492],[135.1383,35.7553],[135.1429,35.7568],[135.1497,35.7507],[135.153,35.7505],[135.1578,35.7537],[135.166,35.753],[135.169,35.7578],[135.1772,35.7563],[135.1812,35.7607],[135.1833,35.7611],[135.1932,35.7627],[135.2005,35.7681],[135.2095,35.7634],[135.2131,35.7636],[135.2248,35.7698],[135.2267,35.7772],[135.2295,35.7789],[135.235,35.7721],[135.2435,35.7686],[135.2514,35.7587],[135.2603,35.7594],[135.2611,35.7574],[135.2581,35.7517],[135.259,35.7479],[135.2814,35.7403],[135.2808,35.7307],[135.2905,35.7318],[135.2941,35.7177],[135.293,35.7058],[135.2992,35.705],[135.3123,35.6985],[135.3155,35.6941],[135.3132,35.6927],[135.3091,35.6849],[135.3065,35.6803],[135.3052,35.6704],[135.3071,35.6644],[135.3049,35.6604],[135.2995,35.6608],[135.2946,35.6649],[135.2985,35.6712],[135.2924,35.6717],[135.2866,35.6677],[135.2746,35.6669],[135.2705,35.6642],[135.2524,35.6351],[135.2514,35.6247],[135.2398,35.6133],[135.2386,35.6099],[135.222,35.5982],[135.2136,35.5847],[135.1988,35.5678],[135.1952,35.5582],[135.1966,35.5519],[135.1946,35.5477],[135.1993,35.5432],[135.1979,35.5398],[135.2015,35.537],[135.2048,35.536],[135.2119,35.5415],[135.2133,35.5444],[135.2095,35.5584],[135.2155,35.5622],[135.2244,35.565],[135.2297,35.5693],[135.2325,35.5727],[135.2335,35.5831],[135.235,35.5846],[135.2409,35.5824],[135.2468,35.5852],[135.2572,35.5978],[135.2595,35.5987],[135.262,35.5889],[135.2572,35.5861],[135.2562,35.5834],[135.2584,35.5776],[135.2557,35.5727],[135.2591,35.5686],[135.2732,35.5661],[135.2812,35.5599],[135.2724,35.5546],[135.2627,35.5543],[135.2564,35.5483],[135.2518,35.551],[135.2528,35.5516],[135.2565,35.5538],[135.2578,35.5563],[135.2567,35.5594],[135.2473,35.5576],[135.2441,35.5507],[135.2453,35.5421],[135.2492,35.5365],[135.2764,35.5308],[135.2796,35.5225],[135.293,35.5173],[135.2908,35.5114],[135.2916,35.4968],[135.2863,35.4792],[135.2901,35.4778],[135.2952,35.4927],[135.2968,35.5025],[135.2952,35.5098],[135.2968,35.515],[135.3196,35.5111],[135.323,35.5185],[135.3222,35.5214],[135.327,35.5246],[135.3364,35.5134],[135.3407,35.5039],[135.3405,35.4999],[135.3358,35.4911],[135.33,35.4856],[135.3301,35.4791],[135.3259,35.4749],[135.3243,35.4638],[135.3198,35.4591],[135.318,35.4548],[135.3156,35.4489],[135.3205,35.4502],[135.326,35.455],[135.3318,35.4574],[135.3345,35.4641],[135.3441,35.4711],[135.3504,35.4735],[135.3505,35.4802],[135.3466,35.4807],[135.354,35.4863],[135.3556,35.4932],[135.3654,35.4883],[135.3838,35.4895],[135.3864,35.4835],[135.3799,35.477],[135.3875,35.4771],[135.3939,35.479],[135.3978,35.4761],[135.4013,35.4781],[135.4019,35.4833],[135.4026,35.4898],[135.4074,35.4955],[135.404,35.4988],[135.3999,35.4985],[135.3972,35.5072],[135.3997,35.5117],[135.3981,35.5154],[135.3935,35.5147],[135.391,35.5122],[135.3856,35.5017],[135.354,35.5009],[135.3488,35.5067],[135.3528,35.5103],[135.3494,35.5146],[135.3568,35.5172],[135.3554,35.5193],[135.3452,35.5217],[135.3423,35.5295],[135.3412,35.5325],[135.3455,35.5471],[135.3478,35.5472],[135.3517,35.543],[135.356,35.5425],[135.3674,35.5499],[135.3743,35.5516],[135.3828,35.5593],[135.3869,35.5601],[135.3974,35.5565],[135.4032,35.5605],[135.4098,35.5617],[135.4178,35.5699],[135.4284,35.5656],[135.4322,35.5657],[135.4305,35.5742],[135.4328,35.5767],[135.4304,35.5809],[135.4322,35.582],[135.4361,35.5816],[135.4386,35.5814],[135.4375,35.5854],[135.44,35.5893],[135.4487,35.5901],[135.4577,35.6],[135.4615,35.5996],[135.4661,35.603],[135.4673,35.5913],[135.4622,35.5917],[135.4612,35.5906],[135.4618,35.5846],[135.456,35.5795],[135.4551,35.5728],[135.4582,35.5695],[135.4697,35.5678],[135.4731,35.5628],[135.4761,35.5627],[135.4689,35.5484],[135.4622,35.5397],[135.4574,35.5309],[135.4524,35.5199],[135.4604,35.513],[135.4691,35.5073],[135.4789,35.5023],[135.4777,35.4898],[135.4701,35.4807],[135.4622,35.4706],[135.4641,35.4607],[135.4725,35.4538],[135.4822,35.4463],[135.4918,35.4356],[135.5,35.4284],[135.51,35.4193],[135.5202,35.4192],[135.5306,35.4104],[135.528,35.4001],[135.5337,35.3919],[135.5298,35.3817],[135.5372,35.3742],[135.5508,35.3735],[135.5617,35.3732],[135.5722,35.372],[135.5824,35.3716],[135.5926,35.3651],[135.6032,35.3679],[135.6141,35.3644],[135.625,35.3664],[135.6397,35.3605],[135.6511,35.3592],[135.6609,35.3559],[135.6714,35.3535],[135.68,35.3465],[135.6914,35.3448],[135.7015,35.3418],[135.7123,35.3442],[135.7203,35.3515],[135.731,35.3492],[135.7411,35.349],[135.75,35.3547],[135.771,35.3526],[135.7769,35.3395],[135.7849,35.3333],[135.7924,35.3252],[135.8078,35.3138],[135.8141,35.3048],[135.8215,35.2965],[135.8248,35.2855],[135.8309,35.2759],[135.8406,35.2716],[135.8519,35.2765],[135.8497,35.2624],[135.8464,35.2522],[135.8404,35.2338],[135.8405,35.2236],[135.8325,35.2165],[135.8352,35.2066],[135.8397,35.1964],[135.8447,35.187],[135.8434,35.1771],[135.8469,35.1666],[135.8524,35.1574],[135.8565,35.1483],[135.8516,35.1384],[135.8547,35.1284],[135.8524,35.1181],[135.8476,35.1089],[135.8452,35.0986],[135.8393,35.0894],[135.8405,35.0757],[135.8363,35.066],[135.8389,35.0562],[135.8305,35.0505],[135.8213,35.0458],[135.8222,35.0355],[135.8305,35.0271],[135.8371,35.019],[135.8341,35.0085],[135.8364,34.9968],[135.8519,34.983],[135.859,34.9755],[135.8591,34.9648],[135.866,34.9573],[135.875,34.9522],[135.8812,34.9338],[135.8757,34.9246],[135.8733,34.9124],[135.8688,34.9027],[135.8695,34.8889],[135.8783,34.8835],[135.8887,34.8804],[135.895,34.8713],[135.9053,34.8695],[135.9128,34.8762],[135.9221,34.8813],[135.9316,34.8849],[135.9425,34.8851],[135.9461,34.8749],[135.9454,34.858],[135.9491,34.8486],[135.9645,34.8507],[135.9733,34.8437],[135.9797,34.8352],[135.9897,34.8378],[136.0,34.8412],[136.0056,34.8303],[136.0127,34.8227],[136.0231,34.8227],[136.0313,34.8162],[136.018,34.8052],[136.0171,34.7941],[136.0253,34.7883],[136.0277,34.7783],[136.0364,34.7725],[136.0328,34.7632],[136.0343,34.7527],[136.0482,34.7379],[136.0438,34.7226],[136.0373,34.7151],[136.031,34.7064],[136.0115,34.7133],[136.0017,34.71],[135.9897,34.7119],[135.9884,34.7218],[135.9853,34.7313],[135.9768,34.7378],[135.9624,34.737],[135.9538,34.7428],[135.9461,34.7351],[135.9358,34.7346],[135.9265,34.7383],[135.9305,34.7536],[135.9193,34.7505],[135.9146,34.741],[135.9079,34.7335],[135.8998,34.7265],[135.893,34.7061],[135.875,34.7081],[135.8559,34.7026],[135.8461,34.7057],[135.8355,34.7098],[135.8149,34.7122],[135.8067,34.718],[135.7962,34.7207],[135.7808,34.7204],[135.7701,34.7223],[135.7585,34.7243],[135.7562,34.7351],[135.7489,34.7436],[135.7394,34.75],[135.7346,34.7596],[135.732,34.7755],[135.7396,34.7827],[135.7463,34.791],[135.7467,34.8015],[135.7397,34.8103],[135.726,34.8231],[135.7186,34.8333],[135.7129,34.842],[135.7044,34.8478],[135.6944,34.8499],[135.694,34.8601],[135.6876,34.8678],[135.6841,34.8854],[135.679,34.8942],[135.6671,34.9005],[135.6569,34.906],[135.6539,34.9162],[135.6459,34.9265],[135.6358,34.9313],[135.6258,34.9308],[135.6159,34.9423],[135.6197,34.9523],[135.6161,34.9679],[135.6061,34.9679],[135.5964,34.9653],[135.5879,34.9713],[135.578,34.9689],[135.5753,34.9588],[135.5695,34.9497],[135.565,34.9403],[135.5823,34.934],[135.5842,34.9229],[135.5759,34.9135],[135.565,34.9146],[135.5547,34.9137],[135.544,34.912],[135.5385,34.9227],[135.5246,34.9287],[135.5175,34.9371],[135.509,34.9424],[135.4963,34.9379],[135.4887,34.9529],[135.4899,34.9687],[135.4862,34.9785],[135.4929,34.9863],[135.484,34.9917],[135.4728,34.9921],[135.4642,34.9973],[135.4531,35.0],[135.4433,35.0044],[135.4325,35.0028],[135.4208,35.0],[135.4128,35.0081],[135.4029,35.0048],[135.393,35.0071],[135.3834,35.0115],[135.3849,35.0278],[135.3738,35.0422],[135.375,35.056],[135.3824,35.0645],[135.3922,35.0689],[135.4016,35.0731],[135.403,35.0909],[135.3912,35.0984],[135.3961,35.1073],[135.3894,35.1148],[135.3867,35.1258],[135.373,35.1288],[135.3623,35.1291],[135.3522,35.1327],[135.3422,35.1367],[135.3373,35.1464],[135.3262,35.1434],[135.3132,35.1415],[135.294,35.1388],[135.2864,35.1479],[135.2935,35.156],[135.2919,35.1693],[135.2808,35.1718],[135.2706,35.1728],[135.2588,35.1739],[135.2398,35.1736],[135.2286,35.1608],[135.2181,35.1588],[135.2078,35.1586],[135.2006,35.1659],[135.1899,35.1687],[135.192,35.1789],[135.1921,35.1891],[135.2025,35.1916],[135.1983,35.2009],[135.1847,35.2127],[135.1747,35.214],[135.165,35.2173],[135.1588,35.2259],[135.1667,35.2322],[135.1646,35.2499],[135.1576,35.2583],[135.1466,35.2592],[135.1363,35.2602],[135.1169,35.2606],[135.106,35.2593],[135.0962,35.2566],[135.0884,35.25],[135.0805,35.2415],[135.0673,35.2401],[135.0607,35.2532],[135.0519,35.2589],[135.0415,35.2576],[135.0314,35.2618],[135.0218,35.2652],[135.0134,35.2708],[135.0112,35.2812],[135,35.2873],[134.99,35.2889],[134.9713,35.2928],[134.9603,35.2956],[134.9503,35.3008],[134.9345,35.3057],[134.9242,35.3126],[134.9277,35.3228],[134.9285,35.3333],[134.9216,35.3438],[134.9249,35.3544],[134.9234,35.3652],[134.9297,35.3746],[134.9276,35.3847],[134.9302,35.3953],[134.9419,35.4068],[134.953,35.4074],[134.9635,35.4052],[134.9724,35.3967],[134.9837,35.395],[134.9898,35.3863],[135,35.3838],[135.0091,35.388],[135.0226,35.3914],[135.0289,35.3992],[135.0358,35.4068],[135.0464,35.4055],[135.0526,35.4166],[135.0499,35.4266],[135.0524,35.4374],[135.0521,35.4481],[135.0469,35.4574],[135.0436,35.4683],[135.0433,35.4799],[135.0433,35.4942],[135.0465,35.5146],[135.0423,35.5243],[135.04,35.5346],[135.03,35.5368],[135.0193,35.5343],[135.0073,35.5325],[134.9912,35.5265],[134.9793,35.5213],[134.9697,35.517],[134.9625,35.5096],[134.9518,35.5108],[134.9406,35.5095],[134.9259,35.5169],[134.9209,35.5333],[134.9155,35.5422],[134.9055,35.5474],[134.8987,35.5548],[134.8887,35.5579],[134.8827,35.566],[134.8718,35.5754],[134.8673,35.595],[134.87,35.6048],[134.8747,35.6231],[134.8699,35.633],[134.8705,35.659]]]]}},{"type":"Feature","properties":{"name":"兵庫県"},"geometry":{"type":"MultiPolygon","coordinates":[[[[134.8705,35.659],[134.8699,35.633],[134.8747,35.6231],[134.87,35.6048],[134.8673,35.595],[134.8718,35.5754],[134.8827,35.566],[134.8887,35.5579],[134.8987,35.5548],[134.9055,35.5474],[134.9155,35.5422],[134.9209,35.5333],[134.9259,35.5169],[134.9406,35.5095],[134.9518,35.5108],[134.9625,35.5096],[134.9697,35.517],[134.9793,35.5213],[134.9912,35.5265],[135.0073,35.5325],[135.0193,35.5343],[135.03,35.5368],[135.04,35.5346],[135.0423,35.5243],[135.0465,35.5146],[135.0433,35.4942],[135.0433,35.4799],[135.0436,35.4683],[135.0469,35.4574],[135.0521,35.4481],[135.0524,35.4374],[135.0499,35.4266],[135.0526,35.4166],[135.0464,35.4055],[135.0358,35.4068],[135.0289,35.3992],[135.0226,35.3914],[135.0091,35.388],[135,35.3838],[134.9898,35.3863],[134.9837,35.395],[134.9724,35.3967],[134.9635,35.4052],[134.953,35.4074],[134.9419,35.4068],[134.9302,35.3953],[134.9276,35.3847],[134.9297,35.3746],[134.9234,35.3652],[134.9249,35.3544],[134.9216,35.3438],[134.9285,35.3333],[134.9277,35.3228],[134.9242,35.3126],[134.9345,35.3057],[134.9503,35.3008],[134.9603,35.2956],[134.9713,35.2928],[134.99,35.2889],[135,35.2873],[135.0112,35.2812],[135.0134,35.2708],[135.0218,35.2652],[135.0314,35.2618],[135.0415,35.2576],[135.0519,35.2589],[135.0607,35.2532],[135.0673,35.2401],[135.0805,35.2415],[135.0884,35.25],[135.0962,35.2566],[135.106,35.2593],[135.1169,35.2606],[135.1363,35.2602],[135.1466,35.2592],[135.1576,35.2583],[135.1646,35.2499],[135.1667,35.2322],[135.1588,35.2259],[135.165,35.2173],[135.1747,35.214],[135.1847,35.2127],[135.1983,35.2009],[135.2025,35.1916],[135.1921,35.1891],[135.192,35.1789],[135.1899,35.1687],[135.2006,35.1659],[135.2078,35.1586],[135.2181,35.1588],[135.2286,35.1608],[135.2398,35.1736],[135.2588,35.1739],[135.2706,35.1728],[135.2808,35.1718],[135.2919,35.1693],[135.2935,35.156],[135.2864,35.1479],[135.294,35.1388],[135.3132,35.1415],[135.3262,35.1434],[135.3373,35.1464],[135.3422,35.1367],[135.3522,35.1327],[135.3623,35.1291],[135.373,35.1288],[135.3867,35.1258],[135.3894,35.1148],[135.3961,35.1073],[135.3912,35.0984],[135.403,35.0909],[135.4016,35.0731],[135.3922,35.0689],[135.3824,35.0645],[135.375,35.056],[135.3738,35.0422],[135.3621,35.0469],[135.352,35.0441],[135.3418,35.0405],[135.337,35.0311],[135.3427,35.0228],[135.3572,35.0212],[135.3566,35.0104],[135.3553,35.0],[135.3559,34.9898],[135.3615,34.9807],[135.3523,34.9754],[135.3494,34.9656],[135.3572,34.9592],[135.3639,34.9513],[135.3746,34.9507],[135.3854,34.9526],[135.3898,34.9433],[135.3999,34.9407],[135.4128,34.9415],[135.4206,34.9316],[135.4316,34.9333],[135.4419,34.934],[135.4519,34.9309],[135.4696,34.9259],[135.4638,34.915],[135.4534,34.9167],[135.4411,34.9166],[135.4317,34.9123],[135.4233,34.9047],[135.4328,34.8964],[135.445,34.8944],[135.4427,34.8834],[135.4356,34.8638],[135.4338,34.8534],[135.4249,34.8487],[135.4252,34.8387],[135.4229,34.8194],[135.4211,34.809],[135.4357,34.7948],[135.4451,34.7867],[135.4478,34.777],[135.4474,34.7669],[135.4585,34.7572],[135.4627,34.7306],[135.466,34.6973],[135.4627,34.6829],[135.4569,34.6769],[135.4562,34.6771],[135.4482,34.6743],[135.4435,34.6655],[135.4258,34.6572],[135.4224,34.6632],[135.4264,34.6652],[135.428,34.6706],[135.43,34.6717],[135.4323,34.6726],[135.4363,34.6741],[135.4415,34.6757],[135.4425,34.6791],[135.437,34.6786],[135.4325,34.6769],[135.4316,34.6766],[135.4292,34.6751],[135.4243,34.6765],[135.4196,34.6779],[135.4212,34.6806],[135.4438,34.6856],[135.4629,34.6945],[135.4614,34.6993],[135.4581,34.7013],[135.442,34.693],[135.4332,34.6908],[135.4274,34.6934],[135.4218,34.6913],[135.4176,34.6939],[135.4191,34.6993],[135.432,34.7049],[135.4316,34.7075],[135.4206,34.7061],[135.4086,34.6971],[135.4039,34.6917],[135.4014,34.6923],[135.4069,34.7011],[135.4004,34.701],[135.3948,34.6989],[135.3884,34.6941],[135.3811,34.694],[135.381,34.7018],[135.3753,34.6966],[135.3688,34.6978],[135.3671,34.7012],[135.3694,34.7045],[135.3677,34.7079],[135.3644,34.7085],[135.3595,34.7131],[135.3594,34.7171],[135.3544,34.7191],[135.3544,34.7224],[135.3568,34.7238],[135.3488,34.7245],[135.3436,34.7276],[135.3363,34.7275],[135.3339,34.7268],[135.3308,34.72],[135.3203,34.7185],[135.3146,34.7197],[135.3096,34.723],[135.3047,34.7229],[135.2943,34.7174],[135.2902,34.7173],[135.2895,34.7132],[135.2928,34.7113],[135.2929,34.7079],[135.2791,34.7064],[135.2766,34.709],[135.2723,34.707],[135.2735,34.7049],[135.2662,34.7028],[135.254,34.7019],[135.2426,34.7037],[135.2362,34.7016],[135.2288,34.7021],[135.2151,34.6992],[135.2136,34.6951],[135.216,34.6938],[135.2224,34.698],[135.2297,34.6994],[135.2258,34.692],[135.2186,34.6885],[135.212,34.6874],[135.2098,34.6852],[135.2066,34.6822],[135.1992,34.6835],[135.1959,34.6861],[135.1927,34.684],[135.1912,34.6786],[135.193,34.6753],[135.1865,34.6738],[135.189,34.6732],[135.1932,34.6672],[135.1867,34.6644],[135.1919,34.6545],[135.1846,34.6523],[135.1773,34.6522],[135.174,34.6555],[135.1635,34.6539],[135.1579,34.6498],[135.1546,34.6511],[135.1507,34.647],[135.1426,34.6435],[135.1369,34.6454],[135.118,34.6438],[135.1125,34.6419],[135.1082,34.6383],[135.1031,34.6342],[135.0973,34.6343],[135.0638,34.628],[135.0479,34.6272],[135.0426,34.6283],[135.0336,34.6351],[135.0237,34.6406],[135.0173,34.6424],[135.0085,34.6433],[135,34.6417],[134.9884,34.6396],[134.9675,34.6474],[134.9669,34.6478],[134.9291,34.6717],[134.9188,34.6709],[134.9134,34.6727],[134.8994,34.6906],[134.8828,34.6977],[134.8697,34.7073],[134.8474,34.7197],[134.8428,34.7092],[134.8369,34.7096],[134.8335,34.7046],[134.8143,34.71],[134.8157,34.7401],[134.7934,34.7336],[134.7902,34.7404],[134.7938,34.7436],[134.7757,34.7494],[134.7726,34.752],[134.7747,34.7594],[134.7717,34.7589],[134.763,34.7523],[134.7578,34.7553],[134.764,34.7615],[134.7642,34.7655],[134.759,34.7689],[134.7498,34.7715],[134.7329,34.7716],[134.7263,34.7744],[134.7183,34.7803],[134.705,34.7847],[134.7008,34.7836],[134.6923,34.7721],[134.6888,34.7701],[134.6854,34.7741],[134.6809,34.7738],[134.6796,34.7772],[134.6837,34.7812],[134.6823,34.7846],[134.6771,34.7811],[134.6727,34.7716],[134.6656,34.7705],[134.6623,34.7783],[134.6665,34.7794],[134.6676,34.7818],[134.6657,34.7838],[134.658,34.7831],[134.6613,34.791],[134.6539,34.7882],[134.6508,34.7864],[134.6499,34.778],[134.647,34.777],[134.6452,34.7764],[134.6398,34.7758],[134.6379,34.7787],[134.6443,34.7833],[134.6407,34.7847],[134.633,34.7845],[134.6289,34.7824],[134.6303,34.7771],[134.6185,34.7719],[134.6156,34.7723],[134.6166,34.7758],[134.607,34.7785],[134.6066,34.7731],[134.599,34.7709],[134.5948,34.7713],[134.5893,34.7746],[134.5864,34.7731],[134.5887,34.7589],[134.5739,34.7571],[134.5783,34.7665],[134.5737,34.7689],[134.5705,34.766],[134.5622,34.7729],[134.5579,34.7745],[134.5504,34.7725],[134.5453,34.773],[134.5381,34.7785],[134.5335,34.778],[134.5287,34.7733],[134.5217,34.7665],[134.516,34.7633],[134.5122,34.7638],[134.5093,34.7686],[134.5094,34.773],[134.5049,34.7724],[134.4995,34.7659],[134.4946,34.7683],[134.4868,34.7589],[134.4833,34.7583],[134.476,34.774],[134.4776,34.7801],[134.4813,34.7845],[134.4717,34.7906],[134.4635,34.7856],[134.4628,34.7746],[134.4687,34.7658],[134.4695,34.7647],[134.4693,34.7611],[134.4668,34.7588],[134.4584,34.7536],[134.4553,34.756],[134.4599,34.7632],[134.4585,34.7657],[134.4535,34.7669],[134.4484,34.7663],[134.4448,34.7598],[134.4407,34.7633],[134.4384,34.762],[134.4401,34.7582],[134.4351,34.7548],[134.4357,34.7509],[134.4389,34.7469],[134.4339,34.7435],[134.4315,34.7387],[134.427,34.7367],[134.4192,34.7278],[134.4132,34.7251],[134.4104,34.7272],[134.4121,34.7299],[134.4109,34.7368],[134.3992,34.7382],[134.3978,34.7349],[134.3878,34.7388],[134.3731,34.7582],[134.3695,34.7581],[134.3673,34.7564],[134.368,34.753],[134.3729,34.7489],[134.3729,34.7463],[134.366,34.7511],[134.3633,34.7461],[134.3678,34.742],[134.3673,34.7401],[134.3495,34.7325],[134.3315,34.7613],[134.3351,34.7629],[134.3293,34.7717],[134.3216,34.7829],[134.3201,34.793],[134.3129,34.8009],[134.307,34.8098],[134.2928,34.8169],[134.2882,34.826],[134.2771,34.8245],[134.2654,34.8333],[134.2634,34.8437],[134.2564,34.8531],[134.2617,34.8616],[134.2681,34.8697],[134.265,34.8793],[134.2727,34.8865],[134.2822,34.8923],[134.2916,34.8957],[134.2921,34.9077],[134.2856,34.9181],[134.2786,34.9253],[134.2697,34.932],[134.2592,34.9331],[134.2577,34.9433],[134.2666,34.9495],[134.2756,34.9567],[134.2774,34.9673],[134.2729,34.9772],[134.2808,34.9841],[134.2832,34.9948],[134.2743,35.0],[134.2687,35.0102],[134.2732,35.0195],[134.2815,35.0267],[134.29,35.0333],[134.2991,35.0382],[134.3097,35.0381],[134.3198,35.0419],[134.3177,35.0519],[134.3236,35.0704],[134.3229,35.0807],[134.3429,35.0856],[134.3527,35.091],[134.3563,35.1004],[134.356,35.1108],[134.3623,35.1202],[134.365,35.1367],[134.3773,35.1475],[134.3881,35.1489],[134.4001,35.1489],[134.4115,35.1445],[134.4155,35.1556],[134.411,35.1681],[134.4154,35.1771],[134.4074,35.1842],[134.397,35.1884],[134.3859,35.1944],[134.3835,35.2045],[134.384,35.2153],[134.3927,35.2212],[134.4011,35.2281],[134.4057,35.2377],[134.4262,35.2322],[134.4351,35.2268],[134.4451,35.2308],[134.4548,35.2344],[134.4653,35.2408],[134.4742,35.246],[134.4838,35.2503],[134.4899,35.2594],[134.5,35.2642],[134.5097,35.2693],[134.5183,35.2747],[134.5145,35.2849],[134.5135,35.2953],[134.5157,35.306],[134.5078,35.3132],[134.5049,35.3232],[134.5126,35.3408],[134.5109,35.3534],[134.5,35.3641],[134.4889,35.3663],[134.4796,35.3715],[134.4756,35.3807],[134.4792,35.391],[134.4832,35.4007],[134.4793,35.411],[134.4801,35.4257],[134.4706,35.4299],[134.4597,35.4333],[134.4428,35.4397],[134.4411,35.451],[134.4371,35.4678],[134.4371,35.4788],[134.433,35.4888],[134.4313,35.5022],[134.4233,35.5088],[134.4178,35.5175],[134.4229,35.527],[134.4281,35.5384],[134.4278,35.5487],[134.4239,35.5598],[134.4105,35.562],[134.4098,35.5733],[134.4045,35.5915],[134.3957,35.5982],[134.3759,35.6085],[134.3772,35.6105],[134.3877,35.6112],[134.3891,35.6166],[134.3911,35.6181],[134.3979,35.6181],[134.4057,35.6151],[134.4105,35.6177],[134.4189,35.6183],[134.4218,35.6221],[134.4346,35.6227],[134.435,35.6273],[134.4389,35.632],[134.442,35.6329],[134.4456,35.6298],[134.4551,35.6305],[134.4671,35.638],[134.4791,35.6397],[134.4835,35.6452],[134.4973,35.6538],[134.506,35.6548],[134.5102,35.6603],[134.5161,35.6609],[134.5199,35.659],[134.5225,35.6595],[134.5295,35.6642],[134.5445,35.6689],[134.551,35.6644],[134.5566,35.6566],[134.562,35.6546],[134.5644,35.6505],[134.5667,35.6503],[134.5704,35.655],[134.5742,35.6559],[134.5791,35.653],[134.5833,35.6588],[134.5902,35.6591],[134.5973,35.6538],[134.6011,35.6555],[134.6077,35.655],[134.6179,35.6477],[134.6216,35.6417],[134.6263,35.6408],[134.6298,35.6419],[134.6296,35.6483],[134.637,35.6497],[134.6407,35.6462],[134.6438,35.6457],[134.6481,35.6476],[134.6474,35.6526],[134.6635,35.6633],[134.6678,35.6634],[134.6694,35.6605],[134.6645,35.6535],[134.6667,35.6496],[134.6698,35.6484],[134.6709,35.6493],[134.6725,35.6506],[134.6776,35.6627],[134.6801,35.6617],[134.6836,35.6553],[134.6902,35.6565],[134.6918,35.6636],[134.699,35.6629],[134.7006,35.6609],[134.6984,35.6564],[134.699,35.6531],[134.7064,35.6543],[134.7139,35.6521],[134.7138,35.6642],[134.7263,35.6653],[134.7323,35.6633],[134.737,35.6594],[134.7469,35.6604],[134.7468,35.6656],[134.7524,35.6645],[134.7574,35.661],[134.7614,35.6627],[134.762,35.6682],[134.7652,35.6726],[134.7681,35.6724],[134.7691,35.6618],[134.7712,35.66],[134.7875,35.6613],[134.7851,35.665],[134.7899,35.6672],[134.7951,35.6656],[134.8001,35.6694],[134.8031,35.6697],[134.8043,35.6655],[134.8156,35.6636],[134.8301,35.6551],[134.8416,35.6565],[134.8429,35.6534],[134.841,35.649],[134.8345,35.6439],[134.8368,35.6425],[134.842,35.6394],[134.8481,35.6414],[134.8499,35.6489],[134.8561,35.6568],[134.8602,35.6585],[134.8681,35.6576],[134.8705,35.659]]]]}},{"type":"Feature","properties":{"name":"鳥取県"},"geometry":{"type":"MultiPolygon","coordinates":[[[[134.3759,35.6085],[134.3957,35.5982],[134.4045,35.5915],[134.4098,35.5733],[134.4105,35.562],[134.4239,35.5598],[134.4278,35.5487],[134.4281,35.5384],[134.4229,35.527],[134.4178,35.5175],[134.4233,35.5088],[134.4313,35.5022],[134.433,35.4888],[134.4371,35.4788],[134.4371,35.4678],[134.4411,35.451],[134.4428,35.4397],[134.4597,35.4333],[134.4706,35.4299],[134.4801,35.4257],[134.4793,35.411],[134.4832,35.4007],[134.4792,35.391],[134.4756,35.3807],[134.4796,35.3715],[134.4889,35.3663],[134.5,35.3641],[134.5109,35.3534],[134.5126,35.3408],[134.5049,35.3232],[134.5078,35.3132],[134.5157,35.306],[134.5135,35.2953],[134.5145,35.2849],[134.5183,35.2747],[134.5097,35.2693],[134.5,35.2642],[134.4899,35.2594],[134.4838,35.2503],[134.4742,35.246],[134.4653,35.2408],[134.4548,35.2344],[134.4451,35.2308],[134.4351,35.2268],[134.4262,35.2322],[134.4057,35.2377],[134.4004,35.247],[134.3902,35.2473],[134.3754,35.2415],[134.3653,35.2262],[134.3556,35.2213],[134.3452,35.2173],[134.3378,35.2101],[134.3296,35.2035],[134.3195,35.1991],[134.3087,35.1984],[134.2982,35.1973],[134.2843,35.1937],[134.2742,35.1976],[134.2676,35.2052],[134.257,35.205],[134.25,35.1968],[134.2386,35.196],[134.2291,35.1925],[134.2155,35.1876],[134.2053,35.1856],[134.1964,35.1811],[134.1909,35.1715],[134.1818,35.1666],[134.1714,35.1772],[134.165,35.1867],[134.1557,35.1926],[134.1575,35.2034],[134.1638,35.2117],[134.1651,35.2221],[134.1603,35.2313],[134.1481,35.2283],[134.1402,35.2351],[134.1473,35.25],[134.1465,35.2605],[134.1406,35.2687],[134.1351,35.2778],[134.1209,35.2798],[134.114,35.2872],[134.1055,35.2933],[134.1003,35.3024],[134.0895,35.304],[134.0795,35.2995],[134.0627,35.2988],[134.0528,35.2954],[134.0437,35.3006],[134.0328,35.302],[134.0227,35.3028],[134.0126,35.3042],[134.0029,35.3111],[134.0074,35.321],[134.0137,35.3373],[134.0107,35.3481],[134,35.3498],[133.9901,35.3444],[133.9806,35.3409],[133.9691,35.3432],[133.9591,35.339],[133.9447,35.3307],[133.9346,35.3303],[133.9306,35.3209],[133.9331,35.3104],[133.9144,35.3038],[133.9049,35.3006],[133.8952,35.2967],[133.8861,35.2914],[133.8743,35.2899],[133.8689,35.2815],[133.8642,35.2673],[133.8544,35.2583],[133.8465,35.2498],[133.8307,35.2464],[133.821,35.2553],[133.8142,35.2641],[133.8105,35.2751],[133.8044,35.2842],[133.7945,35.2899],[133.7833,35.2953],[133.7742,35.3005],[133.7576,35.307],[133.75,35.315],[133.7388,35.3154],[133.7281,35.316],[133.7178,35.3189],[133.7058,35.3214],[133.6942,35.3208],[133.6854,35.3156],[133.6756,35.3202],[133.6652,35.3232],[133.6548,35.3315],[133.6412,35.336],[133.62,35.3365],[133.6095,35.3383],[133.5992,35.3417],[133.5914,35.3333],[133.5906,35.3216],[133.5833,35.3134],[133.5787,35.3029],[133.5791,35.2925],[133.5736,35.2824],[133.5739,35.2715],[133.5695,35.2618],[133.565,35.25],[133.5597,35.2407],[133.5484,35.2402],[133.5395,35.2343],[133.5294,35.2352],[133.5195,35.2373],[133.5111,35.2302],[133.5144,35.2179],[133.5218,35.2103],[133.524,35.2004],[133.5246,35.182],[133.511,35.1893],[133.5016,35.1857],[133.4893,35.1833],[133.4788,35.1785],[133.4705,35.1723],[133.4597,35.1707],[133.4498,35.1689],[133.4399,35.1706],[133.4302,35.1739],[133.4209,35.1788],[133.4105,35.1826],[133.4015,35.1774],[133.3966,35.1666],[133.4022,35.1575],[133.4055,35.1478],[133.4109,35.1383],[133.4144,35.128],[133.4134,35.1172],[133.3975,35.1104],[133.3859,35.1115],[133.375,35.1093],[133.3601,35.0987],[133.3503,35.102],[133.3396,35.102],[133.3315,35.0938],[133.3218,35.0908],[133.3114,35.0947],[133.3023,35.1001],[133.2931,35.0941],[133.2926,35.0833],[133.2903,35.0652],[133.2795,35.0626],[133.2721,35.0546],[133.2636,35.0606],[133.251,35.0754],[133.2348,35.074],[133.2312,35.0647],[133.2156,35.0705],[133.2039,35.0691],[133.1929,35.0667],[133.1825,35.0651],[133.1716,35.0646],[133.1632,35.0707],[133.1442,35.0623],[133.144,35.0732],[133.1397,35.0868],[133.1425,35.0966],[133.1469,35.1064],[133.1453,35.1174],[133.1478,35.1274],[133.1524,35.1375],[133.1613,35.1458],[133.1712,35.1492],[133.1828,35.1526],[133.1912,35.1582],[133.1975,35.1666],[133.1934,35.1769],[133.1845,35.185],[133.186,35.1954],[133.177,35.202],[133.1653,35.2033],[133.1553,35.2008],[133.1543,35.2127],[133.1639,35.2197],[133.1735,35.2239],[133.1828,35.2304],[133.1933,35.2335],[133.2085,35.2389],[133.219,35.2416],[133.2286,35.2458],[133.2396,35.2459],[133.2531,35.2536],[133.2621,35.2579],[133.2722,35.2557],[133.283,35.2582],[133.2937,35.2579],[133.3044,35.2601],[133.3116,35.2701],[133.3075,35.281],[133.3034,35.2914],[133.3068,35.3017],[133.3008,35.31],[133.3004,35.3232],[133.2977,35.3378],[133.3009,35.3487],[133.3076,35.3578],[133.3191,35.3637],[133.322,35.3784],[133.3178,35.3888],[133.3241,35.3991],[133.3218,35.4092],[133.3212,35.432],[133.3229,35.4425],[133.3247,35.4532],[133.3273,35.4656],[133.3357,35.4635],[133.369,35.4613],[133.3742,35.4596],[133.3796,35.4577],[133.3987,35.452],[133.4112,35.4521],[133.4183,35.4542],[133.4302,35.462],[133.4333,35.4734],[133.437,35.4756],[133.4393,35.4821],[133.4453,35.4836],[133.4495,35.4929],[133.4652,35.4971],[133.4758,35.4988],[133.5013,35.5129],[133.5106,35.515],[133.5161,35.5185],[133.5474,35.5214],[133.5663,35.5274],[133.5782,35.5283],[133.5871,35.5305],[133.5943,35.5302],[133.6003,35.5254],[133.6125,35.5221],[133.6213,35.518],[133.6343,35.5183],[133.6536,35.5143],[133.6599,35.5104],[133.6764,35.5052],[133.6934,35.5076],[133.7193,35.5038],[133.7552,35.5006],[133.8016,35.5019],[133.8128,35.5008],[133.8628,35.5028],[133.8703,35.5055],[133.881,35.5062],[133.9268,35.5094],[133.9337,35.511],[133.9454,35.5196],[133.9579,35.5191],[133.9641,35.5247],[133.9723,35.522],[133.9863,35.5235],[133.9899,35.5222],[133.9934,35.5241],[133.9978,35.524],[134.0046,35.5267],[134.0063,35.5365],[134.0105,35.5398],[134.0195,35.5308],[134.0218,35.5242],[134.0337,35.5177],[134.0412,35.5173],[134.078,35.5223],[134.0866,35.525],[134.0938,35.5229],[134.1367,35.5295],[134.1624,35.5313],[134.1972,35.5377],[134.2179,35.5438],[134.2358,35.5446],[134.2451,35.547],[134.2754,35.5588],[134.2784,35.5615],[134.2762,35.5652],[134.2799,35.5701],[134.293,35.5742],[134.2974,35.5809],[134.2932,35.584],[134.2967,35.5872],[134.3134,35.5911],[134.3265,35.5897],[134.3402,35.5918],[134.3434,35.5965],[134.3415,35.5996],[134.3442,35.6059],[134.3503,35.6056],[134.3514,35.6021],[134.3543,35.6005],[134.3709,35.6008],[134.3759,35.6085]]]]}},{"type":"Feature","properties":{"name":"島根県"},"geometry":{"type":"MultiPolygon","coordinates":[[[[133.3247,35.4532],[133.3229,35.4425],[133.3212,35.432],[133.3218,35.4092],[133.3241,35.3991],[133.3178,35.3888],[133.322,35.3784],[133.3191,35.3637],[133.3076,35.3578],[133.3009,35.3487],[133.2977,35.3378],[133.3004,35.3232],[133.3008,35.31],[133.3068,35.3017],[133.3034,35.2914],[133.3075,35.281],[133.3116,35.2701],[133.3044,35.2601],[133.2937,35.2579],[133.283,35.2582],[133.2722,35.2557],[133.2621,35.2579],[133.2531,35.2536],[133.2396,35.2459],[133.2286,35.2458],[133.219,35.2416],[133.2085,35.2389],[133.1933,35.2335],[133.1828,35.2304],[133.1735,35.2239],[133.1639,35.2197],[133.1543,35.2127],[133.1553,35.2008],[133.1653,35.2033],[133.177,35.202],[133.186,35.1954],[133.1845,35.185],[133.1934,35.1769],[133.1975,35.1666],[133.1912,35.1582],[133.1828,35.1526],[133.1712,35.1492],[133.1613,35.1458],[133.1524,35.1375],[133.1478,35.1274],[133.1453,35.1174],[133.1469,35.1064],[133.1425,35.0966],[133.1397,35.0868],[133.144,35.0732],[133.125,35.0802],[133.1147,35.0825],[133.1039,35.0793],[133.0931,35.0788],[133.0828,35.0776],[133.0722,35.078],[133.0616,35.0761],[133.0549,35.0673],[133.0426,35.0649],[133.0334,35.07],[133.0181,35.0833],[133.0082,35.0873],[132.993,35.098],[132.9806,35.0833],[132.9645,35.0759],[132.953,35.0723],[132.9437,35.0768],[132.9333,35.0793],[132.9231,35.0808],[132.9092,35.0873],[132.9032,35.0959],[132.8947,35.1016],[132.8746,35.0985],[132.8623,35.0894],[132.8541,35.0816],[132.8471,35.0738],[132.8377,35.0662],[132.8302,35.0578],[132.8318,35.0439],[132.8219,35.0401],[132.8149,35.0322],[132.8083,35.0233],[132.7992,35.0176],[132.7896,35.0102],[132.7839,35.0],[132.7744,34.9942],[132.766,34.9779],[132.7538,34.9751],[132.7528,34.9595],[132.7403,34.9571],[132.7304,34.9533],[132.723,34.9449],[132.7136,34.9508],[132.7033,34.9497],[132.6922,34.9489],[132.6826,34.9384],[132.6781,34.9293],[132.6682,34.9244],[132.6589,34.92],[132.6491,34.907],[132.6506,34.8969],[132.6685,34.8874],[132.678,34.8915],[132.6926,34.881],[132.7032,34.8787],[132.7074,34.8655],[132.7116,34.8564],[132.7039,34.8422],[132.6939,34.844],[132.6839,34.8473],[132.675,34.8416],[132.6624,34.8289],[132.6511,34.8367],[132.6355,34.8368],[132.6246,34.839],[132.6144,34.8363],[132.6013,34.8281],[132.5947,34.8203],[132.5852,34.8149],[132.5761,34.8099],[132.569,34.8028],[132.5583,34.8045],[132.5495,34.7995],[132.5397,34.792],[132.5294,34.7958],[132.5187,34.7993],[132.5096,34.7928],[132.5,34.7961],[132.4892,34.7948],[132.4778,34.796],[132.4672,34.7993],[132.4569,34.7975],[132.4523,34.808],[132.4445,34.8145],[132.434,34.8123],[132.4237,34.8087],[132.4274,34.7983],[132.4176,34.7945],[132.4093,34.7882],[132.4015,34.7802],[132.3899,34.7795],[132.3856,34.7916],[132.375,34.7978],[132.3643,34.797],[132.3525,34.7934],[132.3438,34.7884],[132.331,34.7883],[132.3221,34.7941],[132.312,34.7923],[132.306,34.7838],[132.3012,34.7737],[132.2911,34.7763],[132.282,34.7818],[132.2807,34.7936],[132.2708,34.7975],[132.2538,34.8039],[132.2407,34.7983],[132.2449,34.7878],[132.2428,34.7767],[132.2351,34.7699],[132.2283,34.7607],[132.2248,34.7505],[132.2155,34.7417],[132.205,34.7455],[132.199,34.7361],[132.1895,34.7309],[132.1795,34.7319],[132.1708,34.726],[132.1601,34.72],[132.1513,34.7147],[132.1431,34.7065],[132.1363,34.6943],[132.1447,34.6885],[132.157,34.6898],[132.1642,34.6801],[132.157,34.6722],[132.15,34.6595],[132.1429,34.6516],[132.1289,34.6371],[132.1328,34.6266],[132.1249,34.6192],[132.1195,34.6054],[132.1253,34.5968],[132.1271,34.5833],[132.1208,34.5739],[132.1181,34.5625],[132.1101,34.556],[132.1013,34.5496],[132.093,34.5423],[132.0863,34.5342],[132.0765,34.5318],[132.0659,34.5303],[132.0561,34.5268],[132.0503,34.5182],[132.0484,34.5079],[132.0409,34.5],[132.0566,34.4926],[132.0598,34.4824],[132.0655,34.4735],[132.0577,34.4646],[132.0434,34.4649],[132.0338,34.4595],[132.0245,34.4547],[132.0187,34.4455],[132.0185,34.4343],[132.0102,34.4284],[132,34.4248],[131.9925,34.4115],[132.0,34.4038],[132.004,34.3922],[132.0095,34.3828],[132.0144,34.3739],[132.0137,34.3634],[132.0026,34.3625],[131.9921,34.3497],[131.9836,34.3414],[131.9773,34.3333],[131.9742,34.3233],[131.9643,34.3152],[131.9576,34.3072],[131.9491,34.3169],[131.9414,34.3238],[131.9328,34.3297],[131.9224,34.3336],[131.9132,34.3237],[131.9026,34.3159],[131.8933,34.3208],[131.8881,34.3118],[131.875,34.3044],[131.8575,34.303],[131.8475,34.3076],[131.8364,34.308],[131.8215,34.3002],[131.8143,34.3092],[131.8015,34.314],[131.7976,34.3239],[131.7871,34.3283],[131.7775,34.3364],[131.7808,34.3463],[131.7717,34.3573],[131.7687,34.3685],[131.7692,34.3817],[131.777,34.3912],[131.7869,34.3965],[131.7893,34.4069],[131.7967,34.4232],[131.7964,34.4333],[131.7825,34.4325],[131.7717,34.4326],[131.7616,34.4306],[131.7519,34.4333],[131.744,34.4259],[131.7341,34.4281],[131.7237,34.4254],[131.7113,34.4287],[131.7015,34.4316],[131.6965,34.4408],[131.6984,34.4511],[131.6964,34.4629],[131.7023,34.4717],[131.6922,34.4768],[131.683,34.4823],[131.6806,34.4927],[131.6708,34.5008],[131.6766,34.5092],[131.6847,34.5156],[131.6957,34.5197],[131.7041,34.5275],[131.7071,34.5384],[131.7035,34.548],[131.7052,34.5622],[131.7172,34.5631],[131.7269,34.5689],[131.7225,34.5833],[131.7216,34.5934],[131.7196,34.6032],[131.713,34.6113],[131.7021,34.6135],[131.6971,34.6233],[131.6999,34.6357],[131.6977,34.6454],[131.6915,34.6544],[131.6851,34.675],[131.6869,34.6752],[131.6924,34.679],[131.6959,34.6758],[131.705,34.6727],[131.7094,34.6741],[131.7181,34.6728],[131.7236,34.6747],[131.7295,34.6729],[131.7388,34.6735],[131.7523,34.6764],[131.7686,34.6777],[131.7754,34.6824],[131.7959,34.6868],[131.8104,34.688],[131.8244,34.6953],[131.8389,34.7022],[131.854,34.711],[131.8572,34.7165],[131.8574,34.7216],[131.8673,34.7259],[131.8715,34.7317],[131.8697,34.7356],[131.8743,34.7402],[131.8691,34.7457],[131.8682,34.7519],[131.8725,34.756],[131.8843,34.7578],[131.89,34.7551],[131.8929,34.7623],[131.8958,34.7639],[131.897,34.7742],[131.9002,34.7758],[131.9142,34.7734],[131.918,34.7758],[131.9264,34.781],[131.9314,34.7817],[131.9331,34.7838],[131.9324,34.7873],[131.9362,34.7904],[131.9399,34.7883],[131.9486,34.7918],[131.9553,34.8065],[131.9559,34.8128],[131.973,34.8229],[131.9771,34.822],[131.9837,34.8262],[131.9887,34.8273],[131.9935,34.8323],[131.9987,34.8429],[132.0066,34.8453],[132.0163,34.8578],[132.0156,34.8611],[132.0115,34.8614],[132.0077,34.8652],[132.0119,34.8683],[132.0167,34.8677],[132.0216,34.8708],[132.0263,34.8718],[132.034,34.8792],[132.0366,34.8779],[132.0405,34.8812],[132.0436,34.8792],[132.0468,34.8726],[132.0585,34.8727],[132.0629,34.8839],[132.0721,34.8908],[132.0727,34.8935],[132.0658,34.8989],[132.063,34.8982],[132.0616,34.9006],[132.0643,34.9034],[132.075,34.9068],[132.0761,34.9093],[132.0771,34.914],[132.084,34.9203],[132.0874,34.9286],[132.0988,34.9324],[132.1095,34.9313],[132.1115,34.9362],[132.1092,34.9418],[132.1099,34.9458],[132.1111,34.9471],[132.1159,34.9527],[132.1179,34.9534],[132.1214,34.9485],[132.1506,34.9624],[132.155,34.9653],[132.1567,34.9708],[132.1593,34.9734],[132.17,34.9766],[132.187,34.9862],[132.2024,35],[132.215,35.0113],[132.2245,35.0175],[132.2445,35.0325],[132.2511,35.0334],[132.2564,35.0378],[132.2604,35.0381],[132.2692,35.0351],[132.2733,35.0359],[132.2897,35.0451],[132.2948,35.0461],[132.2982,35.0487],[132.3068,35.0495],[132.3119,35.0532],[132.318,35.0658],[132.3214,35.0691],[132.3303,35.0732],[132.3269,35.0799],[132.3282,35.0846],[132.3299,35.0862],[132.3369,35.0926],[132.3428,35.0916],[132.344,35.0927],[132.3425,35.0966],[132.348,35.0987],[132.356,35.1055],[132.3613,35.1059],[132.3679,35.1147],[132.3717,35.1154],[132.3735,35.1186],[132.3768,35.1196],[132.3761,35.1225],[132.3776,35.124],[132.3874,35.1256],[132.3953,35.1349],[132.3931,35.1382],[132.3879,35.1401],[132.3872,35.143],[132.3889,35.1445],[132.3959,35.1456],[132.3986,35.1522],[132.4043,35.1553],[132.4047,35.1626],[132.4082,35.1663],[132.4112,35.1693],[132.4168,35.1725],[132.4185,35.1788],[132.4225,35.1806],[132.4219,35.1869],[132.4334,35.1858],[132.4468,35.1918],[132.4563,35.2005],[132.4625,35.2024],[132.471,35.2106],[132.4741,35.2156],[132.4868,35.2187],[132.4905,35.2215],[132.49,35.2255],[132.4926,35.2287],[132.5033,35.2247],[132.506,35.2257],[132.5165,35.2354],[132.5292,35.2353],[132.5314,35.2372],[132.5283,35.2421],[132.5434,35.2552],[132.5704,35.2637],[132.5809,35.272],[132.588,35.2733],[132.608,35.2759],[132.6236,35.2795],[132.6337,35.2851],[132.6459,35.2958],[132.6564,35.3101],[132.6676,35.3295],[132.6768,35.3621],[132.679,35.3698],[132.6815,35.3806],[132.6787,35.3959],[132.6757,35.3992],[132.6674,35.4022],[132.6576,35.4092],[132.6501,35.4108],[132.6449,35.4144],[132.6311,35.4146],[132.6279,35.417],[132.6309,35.4229],[132.6298,35.4287],[132.6323,35.4307],[132.6453,35.4305],[132.6487,35.4334],[132.6483,35.4365],[132.6569,35.4376],[132.6614,35.4401],[132.6691,35.4396],[132.6698,35.4395],[132.68,35.4459],[132.6898,35.4423],[132.6892,35.4498],[132.6992,35.4497],[132.7087,35.4467],[132.7134,35.441],[132.7297,35.4464],[132.7534,35.447],[132.7634,35.4502],[132.7632,35.4552],[132.7463,35.4601],[132.7328,35.4667],[132.7657,35.476],[132.7966,35.4798],[132.8044,35.4829],[132.8213,35.4964],[132.8297,35.4974],[132.8343,35.5034],[132.8378,35.5047],[132.8456,35.5021],[132.8601,35.5069],[132.8683,35.5114],[132.8692,35.5113],[132.8721,35.5113],[132.8777,35.5083],[132.8962,35.5098],[132.9261,35.5149],[132.9488,35.5148],[132.9582,35.5162],[132.9663,35.5124],[132.9724,35.5129],[132.9796,35.5168],[132.9827,35.5213],[132.981,35.5244],[132.974,35.5286],[132.9733,35.5325],[132.9756,35.5414],[132.9798,35.5415],[132.981,35.5415],[132.9836,35.5448],[132.9911,35.5433],[132.9967,35.545],[132.9976,35.541],[133.0015,35.5405],[133.0052,35.5379],[133.0226,35.5429],[133.03,35.5377],[133.0322,35.5381],[133.0337,35.5399],[133.0329,35.5453],[133.0303,35.5515],[133.0322,35.5542],[133.0378,35.5557],[133.0412,35.5597],[133.0448,35.558],[133.0474,35.5522],[133.0511,35.5504],[133.0535,35.5518],[133.0525,35.5574],[133.0544,35.5612],[133.0602,35.563],[133.0618,35.566],[133.0593,35.5705],[133.0523,35.5737],[133.0524,35.5753],[133.0666,35.5795],[133.0702,35.5776],[133.0707,35.584],[133.0844,35.5805],[133.101,35.5808],[133.0952,35.5852],[133.0993,35.5885],[133.094,35.5946],[133.084,35.5997],[133.0855,35.6008],[133.0974,35.6022],[133.1063,35.5991],[133.1085,35.5998],[133.1151,35.5954],[133.1151,35.5911],[133.1269,35.5793],[133.1292,35.581],[133.1316,35.5828],[133.1389,35.5836],[133.1436,35.5813],[133.1412,35.5795],[133.1335,35.5787],[133.1421,35.5706],[133.1458,35.5617],[133.1508,35.5635],[133.1575,35.5616],[133.1602,35.564],[133.1591,35.5671],[133.1616,35.5682],[133.1632,35.5723],[133.1673,35.5715],[133.1707,35.5656],[133.1748,35.5649],[133.1802,35.5696],[133.185,35.57],[133.1899,35.5647],[133.196,35.5645],[133.1962,35.5664],[133.1913,35.5719],[133.1922,35.5748],[133.1897,35.5793],[133.1935,35.5809],[133.1994,35.5801],[133.201,35.5778],[133.1977,35.5718],[133.1994,35.5692],[133.2074,35.5721],[133.2134,35.5688],[133.2166,35.5722],[133.2161,35.5772],[133.2191,35.5783],[133.2212,35.5828],[133.2239,35.5803],[133.2346,35.5807],[133.2354,35.5792],[133.2287,35.5751],[133.2332,35.5725],[133.2372,35.5745],[133.245,35.5716],[133.2502,35.5753],[133.2527,35.5756],[133.2575,35.5722],[133.2605,35.5741],[133.2668,35.5743],[133.272,35.5791],[133.279,35.5761],[133.2814,35.5791],[133.2892,35.5758],[133.293,35.5772],[133.2935,35.5774],[133.3018,35.5743],[133.3056,35.5756],[133.3143,35.5757],[133.3266,35.5696],[133.3285,35.5661],[133.3238,35.5618],[133.3141,35.5609],[133.301,35.5569],[133.2908,35.5577],[133.2687,35.5545],[133.2528,35.5505],[133.2518,35.5492],[133.2502,35.5471],[133.2473,35.537],[133.2478,35.5318],[133.2523,35.522],[133.2534,35.5196],[133.2688,35.4954],[133.2857,35.4873],[133.2966,35.477],[133.3259,35.466],[133.3273,35.4656],[133.3247,35.4532]]]]}},{"type":"Feature","properties":{"name":"岡山県"},"geometry":{"type":"MultiPolygon","coordinates":[[[[134,35.3498],[134.0107,35.3481],[134.0137,35.3373],[134.0074,35.321],[134.0029,35.3111],[134.0126,35.3042],[134.0227,35.3028],[134.0328,35.302],[134.0437,35.3006],[134.0528,35.2954],[134.0627,35.2988],[134.0795,35.2995],[134.0895,35.304],[134.1003,35.3024],[134.1055,35.2933],[134.114,35.2872],[134.1209,35.2798],[134.1351,35.2778],[134.1406,35.2687],[134.1465,35.2605],[134.1473,35.25],[134.1402,35.2351],[134.1481,35.2283],[134.1603,35.2313],[134.1651,35.2221],[134.1638,35.2117],[134.1575,35.2034],[134.1557,35.1926],[134.165,35.1867],[134.1714,35.1772],[134.1818,35.1666],[134.1909,35.1715],[134.1964,35.1811],[134.2053,35.1856],[134.2155,35.1876],[134.2291,35.1925],[134.2386,35.196],[134.25,35.1968],[134.257,35.205],[134.2676,35.2052],[134.2742,35.1976],[134.2843,35.1937],[134.2982,35.1973],[134.3087,35.1984],[134.3195,35.1991],[134.3296,35.2035],[134.3378,35.2101],[134.3452,35.2173],[134.3556,35.2213],[134.3653,35.2262],[134.3754,35.2415],[134.3902,35.2473],[134.4004,35.247],[134.4057,35.2377],[134.4011,35.2281],[134.3927,35.2212],[134.384,35.2153],[134.3835,35.2045],[134.3859,35.1944],[134.397,35.1884],[134.4074,35.1842],[134.4154,35.1771],[134.411,35.1681],[134.4155,35.1556],[134.4115,35.1445],[134.4001,35.1489],[134.3881,35.1489],[134.3773,35.1475],[134.365,35.1367],[134.3623,35.1202],[134.356,35.1108],[134.3563,35.1004],[134.3527,35.091],[134.3429,35.0856],[134.3229,35.0807],[134.3236,35.0704],[134.3177,35.0519],[134.3198,35.0419],[134.3097,35.0381],[134.2991,35.0382],[134.29,35.0333],[134.2815,35.0267],[134.2732,35.0195],[134.2687,35.0102],[134.2743,35.0],[134.2832,34.9948],[134.2808,34.9841],[134.2729,34.9772],[134.2774,34.9673],[134.2756,34.9567],[134.2666,34.9495],[134.2577,34.9433],[134.2592,34.9331],[134.2697,34.932],[134.2786,34.9253],[134.2856,34.9181],[134.2921,34.9077],[134.2916,34.8957],[134.2822,34.8923],[134.2727,34.8865],[134.265,34.8793],[134.2681,34.8697],[134.2617,34.8616],[134.2564,34.8531],[134.2634,34.8437],[134.2654,34.8333],[134.2771,34.8245],[134.2882,34.826],[134.2928,34.8169],[134.307,34.8098],[134.3129,34.8009],[134.3201,34.793],[134.3216,34.7829],[134.3293,34.7717],[134.3351,34.7629],[134.3315,34.7613],[134.3495,34.7325],[134.3488,34.7322],[134.3452,34.7369],[134.3426,34.7373],[134.3352,34.7307],[134.3302,34.723],[134.3264,34.7223],[134.3247,34.7243],[134.3212,34.7285],[134.3155,34.7313],[134.3061,34.733],[134.302,34.7352],[134.2983,34.7403],[134.2959,34.7365],[134.2965,34.734],[134.2901,34.7293],[134.2826,34.7327],[134.2783,34.7322],[134.2815,34.7283],[134.2758,34.7254],[134.2732,34.7183],[134.2692,34.7165],[134.2454,34.7194],[134.2343,34.7187],[134.2322,34.7208],[134.2342,34.7227],[134.2394,34.7238],[134.2421,34.726],[134.2319,34.731],[134.2195,34.7307],[134.1986,34.7367],[134.1939,34.7406],[134.1895,34.7367],[134.2088,34.7271],[134.2022,34.7199],[134.2032,34.7185],[134.206,34.7171],[134.2149,34.7173],[134.2172,34.715],[134.2148,34.7127],[134.2222,34.7103],[134.228,34.7102],[134.2332,34.7139],[134.237,34.7138],[134.244,34.7087],[134.2484,34.7023],[134.2547,34.7007],[134.25,34.6932],[134.2464,34.6966],[134.2407,34.6909],[134.2342,34.6909],[134.2318,34.6857],[134.2192,34.6848],[134.2188,34.6829],[134.2216,34.6813],[134.2289,34.6816],[134.232,34.6798],[134.2201,34.6725],[134.2125,34.6742],[134.211,34.6721],[134.2119,34.669],[134.2157,34.6674],[134.2165,34.6653],[134.2007,34.6635],[134.2033,34.6602],[134.1948,34.6498],[134.1835,34.6569],[134.1802,34.6563],[134.1792,34.6561],[134.1773,34.6534],[134.182,34.6474],[134.1848,34.6393],[134.1898,34.6415],[134.1943,34.6416],[134.1959,34.6392],[134.1837,34.6278],[134.1799,34.6177],[134.175,34.6139],[134.171,34.6146],[134.1655,34.6128],[134.1622,34.6138],[134.1574,34.6193],[134.155,34.617],[134.1556,34.6128],[134.153,34.6086],[134.1442,34.6078],[134.1427,34.6065],[134.1459,34.6013],[134.1438,34.5979],[134.141,34.5962],[134.133,34.5954],[134.1301,34.5903],[134.1287,34.5878],[134.1257,34.5862],[134.1116,34.5872],[134.0927,34.5782],[134.0896,34.5796],[134.0874,34.586],[134.0823,34.588],[134.0774,34.5839],[134.0708,34.5827],[134.0593,34.5872],[134.0612,34.5986],[134.0698,34.6052],[134.0697,34.6088],[134.0639,34.6095],[134.0522,34.5981],[134.0486,34.6079],[134.0422,34.61],[134.0412,34.6077],[134.0377,34.6066],[134.0299,34.6068],[134.0255,34.6096],[134.0169,34.6109],[134.0048,34.6106],[133.9859,34.6033],[133.98,34.6042],[133.9764,34.6014],[133.9712,34.5975],[133.9654,34.5965],[133.959,34.6014],[133.9522,34.5985],[133.9559,34.5944],[133.9545,34.5927],[133.9357,34.5887],[133.9299,34.5892],[133.9263,34.5826],[133.9281,34.5806],[133.9263,34.5796],[133.9287,34.5749],[133.9296,34.5752],[133.9335,34.5722],[133.9364,34.567],[133.9389,34.5619],[133.946,34.5526],[133.949,34.5552],[133.9489,34.5654],[133.9516,34.5726],[133.9719,34.591],[133.9894,34.5952],[134.0074,34.5933],[134.0193,34.5999],[134.0249,34.6],[134.0406,34.5962],[134.0471,34.5891],[134.0469,34.5811],[134.0529,34.5752],[134.0512,34.5737],[134.0442,34.5737],[134.0402,34.5714],[134.035,34.5616],[134.039,34.5561],[134.0347,34.5537],[134.0369,34.55],[134.0305,34.5513],[134.0283,34.5502],[134.0273,34.5429],[134.0222,34.5436],[134.0188,34.5475],[134.012,34.5486],[134.0093,34.5468],[134.0099,34.5437],[134.0035,34.5396],[134.0011,34.5343],[134.0054,34.5284],[134.0003,34.5228],[134.0107,34.516],[134.0114,34.5156],[134.01,34.5114],[134.0077,34.5109],[133.9979,34.5171],[133.9933,34.5279],[133.9811,34.5303],[133.9722,34.5267],[133.966,34.5208],[133.9638,34.5132],[133.9609,34.51],[133.9618,34.5058],[133.969,34.4951],[133.9693,34.4916],[133.9629,34.4885],[133.9595,34.4918],[133.9561,34.4869],[133.9529,34.4852],[133.9536,34.4816],[133.9516,34.4797],[133.9458,34.4791],[133.943,34.4749],[133.9422,34.4707],[133.9415,34.4669],[133.9431,34.463],[133.948,34.4621],[133.9485,34.4602],[133.9429,34.4565],[133.9467,34.4535],[133.9376,34.4487],[133.9327,34.4586],[133.929,34.4487],[133.9248,34.4473],[133.9207,34.4495],[133.9158,34.449],[133.9117,34.4469],[133.909,34.4517],[133.9059,34.4537],[133.8926,34.4524],[133.8832,34.4553],[133.8711,34.464],[133.8494,34.4697],[133.8419,34.4691],[133.84,34.4726],[133.8174,34.4635],[133.8148,34.4607],[133.8134,34.4556],[133.8178,34.4392],[133.8202,34.4353],[133.8246,34.432],[133.8264,34.4307],[133.827,34.4278],[133.8143,34.4314],[133.8094,34.4351],[133.8002,34.4332],[133.7958,34.4356],[133.7931,34.4338],[133.7915,34.4346],[133.7914,34.4388],[133.7774,34.4491],[133.7796,34.4564],[133.7763,34.4587],[133.7771,34.4641],[133.7741,34.4703],[133.7644,34.4744],[133.7638,34.4773],[133.7677,34.4858],[133.7689,34.5096],[133.7666,34.5091],[133.7642,34.5057],[133.7627,34.4859],[133.7605,34.485],[133.7575,34.4907],[133.7562,34.4947],[133.7543,34.5007],[133.7543,34.5074],[133.7516,34.5123],[133.7473,34.5128],[133.7394,34.5065],[133.7382,34.5031],[133.7295,34.4928],[133.7392,34.488],[133.7412,34.4859],[133.7401,34.4672],[133.7353,34.4652],[133.7315,34.4644],[133.7312,34.4723],[133.7293,34.4716],[133.7266,34.4712],[133.709,34.4729],[133.7086,34.4823],[133.7111,34.4981],[133.711,34.5178],[133.7229,34.5222],[133.7227,34.5228],[133.7241,34.526],[133.7305,34.5316],[133.7316,34.5352],[133.7305,34.5385],[133.7208,34.528],[133.7087,34.5331],[133.7057,34.5449],[133.6974,34.5451],[133.6952,34.5337],[133.6933,34.5242],[133.692,34.521],[133.6847,34.5211],[133.6836,34.5201],[133.6833,34.5175],[133.6907,34.5156],[133.6932,34.5106],[133.6805,34.5055],[133.6733,34.521],[133.668,34.5193],[133.6672,34.5172],[133.6613,34.5148],[133.648,34.5008],[133.643,34.5007],[133.6344,34.5005],[133.6222,34.4901],[133.6183,34.4932],[133.6112,34.4932],[133.6015,34.4896],[133.5952,34.4852],[133.5921,34.4791],[133.5868,34.4743],[133.5882,34.4704],[133.5837,34.4695],[133.5801,34.4637],[133.564,34.465],[133.5551,34.4601],[133.546,34.4597],[133.5417,34.4602],[133.5328,34.4748],[133.5314,34.4755],[133.5303,34.4761],[133.5258,34.4744],[133.5216,34.4774],[133.5247,34.4825],[133.5235,34.4872],[133.5278,34.4947],[133.5264,34.4971],[133.5186,34.4969],[133.5145,34.4983],[133.5082,34.5037],[133.4995,34.5022],[133.4961,34.5046],[133.491,34.5126],[133.4893,34.5105],[133.4919,34.5037],[133.4885,34.5],[133.484,34.4964],[133.4834,34.4908],[133.4772,34.4886],[133.4818,34.4753],[133.4834,34.4589],[133.4775,34.4567],[133.4747,34.4645],[133.468,34.4647],[133.4659,34.4672],[133.4599,34.4687],[133.458,34.4735],[133.4539,34.473],[133.4537,34.4869],[133.4584,34.5],[133.4482,34.5026],[133.4507,34.5124],[133.4525,34.523],[133.452,34.5396],[133.4478,34.549],[133.4411,34.5581],[133.4318,34.5649],[133.4247,34.5833],[133.4081,34.5868],[133.4008,34.594],[133.397,34.6041],[133.3861,34.6184],[133.395,34.6289],[133.3905,34.6383],[133.3969,34.6464],[133.4018,34.656],[133.4053,34.6666],[133.3957,34.6721],[133.3867,34.6765],[133.3845,34.6876],[133.3767,34.6947],[133.373,34.7083],[133.3719,34.7188],[133.3633,34.7254],[133.3722,34.7407],[133.3658,34.7561],[133.369,34.7657],[133.375,34.7808],[133.3782,34.7907],[133.3807,34.803],[133.375,34.8114],[133.3658,34.8169],[133.3481,34.8264],[133.338,34.8413],[133.3293,34.854],[133.3201,34.8635],[133.3121,34.8708],[133.3069,34.8796],[133.2995,34.8866],[133.2994,34.8967],[133.3015,34.9072],[133.3072,34.9166],[133.3046,34.9268],[133.3119,34.9338],[133.3056,34.9438],[133.2999,34.9532],[133.3063,34.961],[133.3094,34.9707],[133.3171,34.9787],[133.3229,34.9877],[133.3232,35.0036],[133.3146,35.0099],[133.306,35.0152],[133.2998,35.0231],[133.2941,35.0317],[133.2846,35.0381],[133.2757,35.0446],[133.2721,35.0546],[133.2795,35.0626],[133.2903,35.0652],[133.2926,35.0833],[133.2931,35.0941],[133.3023,35.1001],[133.3114,35.0947],[133.3218,35.0908],[133.3315,35.0938],[133.3396,35.102],[133.3503,35.102],[133.3601,35.0987],[133.375,35.1093],[133.3859,35.1115],[133.3975,35.1104],[133.4134,35.1172],[133.4144,35.128],[133.4109,35.1383],[133.4055,35.1478],[133.4022,35.1575],[133.3966,35.1666],[133.4015,35.1774],[133.4105,35.1826],[133.4209,35.1788],[133.4302,35.1739],[133.4399,35.1706],[133.4498,35.1689],[133.4597,35.1707],[133.4705,35.1723],[133.4788,35.1785],[133.4893,35.1833],[133.5016,35.1857],[133.511,35.1893],[133.5246,35.182],[133.524,35.2004],[133.5218,35.2103],[133.5144,35.2179],[133.5111,35.2302],[133.5195,35.2373],[133.5294,35.2352],[133.5395,35.2343],[133.5484,35.2402],[133.5597,35.2407],[133.565,35.25],[133.5695,35.2618],[133.5739,35.2715],[133.5736,35.2824],[133.5791,35.2925],[133.5787,35.3029],[133.5833,35.3134],[133.5906,35.3216],[133.5914,35.3333],[133.5992,35.3417],[133.6095,35.3383],[133.62,35.3365],[133.6412,35.336],[133.6548,35.3315],[133.6652,35.3232],[133.6756,35.3202],[133.6854,35.3156],[133.6942,35.3208],[133.7058,35.3214],[133.7178,35.3189],[133.7281,35.316],[133.7388,35.3154],[133.75,35.315],[133.7576,35.307],[133.7742,35.3005],[133.7833,35.2953],[133.7945,35.2899],[133.8044,35.2842],[133.8105,35.2751],[133.8142,35.2641],[133.821,35.2553],[133.8307,35.2464],[133.8465,35.2498],[133.8544,35.2583],[133.8642,35.2673],[133.8689,35.2815],[133.8743,35.2899],[133.8861,35.2914],[133.8952,35.2967],[133.9049,35.3006],[133.9144,35.3038],[133.9331,35.3104],[133.9306,35.3209],[133.9346,35.3303],[133.9447,35.3307],[133.9591,35.339],[133.9691,35.3432],[133.9806,35.3409],[133.9901,35.3444],[134,35.3498]]]]}},{"type":"Feature","properties":{"name":"広島県"},"geometry":{"type":"MultiPolygon","coordinates":[[[[132.8746,35.0985],[132.8947,35.1016],[132.9032,35.0959],[132.9092,35.0873],[132.9231,35.0808],[132.9333,35.0793],[132.9437,35.0768],[132.953,35.0723],[132.9645,35.0759],[132.9806,35.0833],[132.993,35.098],[133.0082,35.0873],[133.0181,35.0833],[133.0334,35.07],[133.0426,35.0649],[133.0549,35.0673],[133.0616,35.0761],[133.0722,35.078],[133.0828,35.0776],[133.0931,35.0788],[133.1039,35.0793],[133.1147,35.0825],[133.125,35.0802],[133.144,35.0732],[133.1442,35.0623],[133.1632,35.0707],[133.1716,35.0646],[133.1825,35.0651],[133.1929,35.0667],[133.2039,35.0691],[133.2156,35.0705],[133.2312,35.0647],[133.2348,35.074],[133.251,35.0754],[133.2636,35.0606],[133.2721,35.0546],[133.2757,35.0446],[133.2846,35.0381],[133.2941,35.0317],[133.2998,35.0231],[133.306,35.0152],[133.3146,35.0099],[133.3232,35.0036],[133.3229,34.9877],[133.3171,34.9787],[133.3094,34.9707],[133.3063,34.961],[133.2999,34.9532],[133.3056,34.9438],[133.3119,34.9338],[133.3046,34.9268],[133.3072,34.9166],[133.3015,34.9072],[133.2994,34.8967],[133.2995,34.8866],[133.3069,34.8796],[133.3121,34.8708],[133.3201,34.8635],[133.3293,34.854],[133.338,34.8413],[133.3481,34.8264],[133.3658,34.8169],[133.375,34.8114],[133.3807,34.803],[133.3782,34.7907],[133.375,34.7808],[133.369,34.7657],[133.3658,34.7561],[133.3722,34.7407],[133.3633,34.7254],[133.3719,34.7188],[133.373,34.7083],[133.3767,34.6947],[133.3845,34.6876],[133.3867,34.6765],[133.3957,34.6721],[133.4053,34.6666],[133.4018,34.656],[133.3969,34.6464],[133.3905,34.6383],[133.395,34.6289],[133.3861,34.6184],[133.397,34.6041],[133.4008,34.594],[133.4081,34.5868],[133.4247,34.5833],[133.4318,34.5649],[133.4411,34.5581],[133.4478,34.549],[133.452,34.5396],[133.4525,34.523],[133.4507,34.5124],[133.4482,34.5026],[133.4584,34.5],[133.4537,34.4869],[133.4539,34.473],[133.4517,34.4727],[133.4473,34.4495],[133.4381,34.4505],[133.4289,34.4515],[133.4213,34.4523],[133.4195,34.4499],[133.4282,34.4423],[133.4364,34.436],[133.4422,34.4309],[133.4428,34.4267],[133.4474,34.4216],[133.4402,34.4144],[133.4167,34.4334],[133.3928,34.4489],[133.3993,34.439],[133.4076,34.4324],[133.4124,34.4277],[133.421,34.4184],[133.4169,34.4133],[133.4135,34.4089],[133.4025,34.4158],[133.3998,34.4137],[133.3983,34.4114],[133.4025,34.4079],[133.4015,34.4036],[133.4055,34.4014],[133.4061,34.3988],[133.4012,34.3924],[133.399,34.3894],[133.3967,34.3873],[133.3923,34.3888],[133.3887,34.3887],[133.3913,34.3837],[133.3905,34.3816],[133.389,34.3778],[133.3801,34.3738],[133.3726,34.3671],[133.3689,34.3657],[133.3543,34.3649],[133.3522,34.3736],[133.345,34.3767],[133.3372,34.3765],[133.3328,34.3791],[133.3295,34.374],[133.3283,34.3723],[133.3183,34.3776],[133.3114,34.3849],[133.3033,34.3815],[133.2977,34.3816],[133.2876,34.3882],[133.284,34.3962],[133.2785,34.3904],[133.2681,34.3914],[133.2575,34.386],[133.2504,34.3877],[133.2489,34.3925],[133.2575,34.3988],[133.2614,34.3958],[133.2639,34.3962],[133.2658,34.3994],[133.275,34.4018],[133.2771,34.4044],[133.2784,34.4098],[133.2797,34.4155],[133.2754,34.4214],[133.2757,34.4263],[133.2688,34.4386],[133.2633,34.4326],[133.2623,34.4392],[133.2577,34.4397],[133.2558,34.4365],[133.2576,34.4314],[133.2554,34.429],[133.2522,34.4335],[133.2476,34.4346],[133.2465,34.4262],[133.2376,34.4211],[133.2368,34.418],[133.2396,34.4112],[133.2372,34.4076],[133.2212,34.4056],[133.2135,34.4089],[133.2102,34.4071],[133.2061,34.4047],[133.2001,34.4033],[133.1936,34.3985],[133.1503,34.3874],[133.1355,34.3794],[133.1268,34.3779],[133.1191,34.3795],[133.0978,34.3891],[133.0928,34.3898],[133.0912,34.3843],[133.0865,34.3839],[133.0783,34.3862],[133.0769,34.384],[133.0794,34.3799],[133.0926,34.3714],[133.0834,34.3414],[133.0798,34.3373],[133.0692,34.3389],[133.0586,34.3386],[133.0402,34.3296],[133.0266,34.3284],[133.0182,34.325],[133.013,34.3246],[133.0089,34.3265],[133.0038,34.3318],[132.9935,34.3315],[132.9885,34.3269],[132.9713,34.3328],[132.9659,34.3366],[132.9603,34.3369],[132.9579,34.3347],[132.9526,34.3354],[132.9491,34.3342],[132.9447,34.3274],[132.9388,34.3229],[132.9381,34.3224],[132.9263,34.3222],[132.922,34.3235],[132.9245,34.3276],[132.9217,34.3293],[132.9149,34.3237],[132.9037,34.3221],[132.8946,34.3176],[132.8914,34.3116],[132.889,34.3136],[132.8845,34.3122],[132.88,34.3079],[132.8786,34.305],[132.8806,34.3008],[132.8794,34.2989],[132.8761,34.3003],[132.8675,34.2952],[132.8634,34.2961],[132.8589,34.2909],[132.8547,34.2887],[132.853,34.2945],[132.8469,34.2965],[132.845,34.2972],[132.8398,34.311],[132.8327,34.312],[132.8301,34.3146],[132.8217,34.3124],[132.8149,34.3064],[132.8116,34.3113],[132.8019,34.3057],[132.8037,34.2987],[132.7945,34.2815],[132.7955,34.2773],[132.7917,34.2711],[132.7838,34.2736],[132.7817,34.276],[132.7744,34.2755],[132.7675,34.2776],[132.7633,34.2773],[132.7627,34.2739],[132.764,34.2708],[132.7661,34.2659],[132.7608,34.2567],[132.7639,34.2558],[132.7682,34.2588],[132.7725,34.2584],[132.7772,34.2548],[132.7787,34.2506],[132.7775,34.2483],[132.768,34.2438],[132.7675,34.239],[132.7558,34.2365],[132.7486,34.2398],[132.7413,34.2393],[132.7062,34.2335],[132.6993,34.2304],[132.6977,34.2261],[132.6988,34.2245],[132.6936,34.2178],[132.6928,34.2101],[132.688,34.2047],[132.6839,34.2119],[132.679,34.21],[132.6732,34.2154],[132.6638,34.2124],[132.6667,34.205],[132.6647,34.203],[132.6602,34.2025],[132.6581,34.1999],[132.6518,34.2007],[132.6426,34.1985],[132.6411,34.2033],[132.6336,34.2022],[132.6311,34.2079],[132.6249,34.206],[132.6209,34.2101],[132.6197,34.215],[132.6219,34.2203],[132.6137,34.2194],[132.6088,34.2257],[132.6042,34.2224],[132.6009,34.2231],[132.5935,34.2105],[132.5719,34.1922],[132.5643,34.1934],[132.5572,34.1898],[132.5461,34.1903],[132.5448,34.1917],[132.5481,34.2054],[132.5473,34.211],[132.5453,34.2151],[132.5393,34.2199],[132.5427,34.2221],[132.552,34.221],[132.5526,34.2241],[132.5563,34.2249],[132.5569,34.2287],[132.5606,34.2303],[132.5614,34.2332],[132.5592,34.2371],[132.5484,34.238],[132.5459,34.2418],[132.5338,34.2389],[132.5293,34.2429],[132.5328,34.2468],[132.5317,34.2499],[132.5262,34.2537],[132.521,34.2518],[132.5165,34.2521],[132.5175,34.2571],[132.5155,34.2616],[132.5212,34.2773],[132.5051,34.3006],[132.5046,34.3013],[132.4968,34.3098],[132.5076,34.3294],[132.5018,34.334],[132.4959,34.3326],[132.494,34.3348],[132.4982,34.3448],[132.5009,34.3459],[132.5075,34.3455],[132.5103,34.3358],[132.5154,34.34],[132.5184,34.3405],[132.5258,34.3472],[132.5298,34.348],[132.5316,34.3514],[132.5229,34.359],[132.5198,34.3604],[132.5169,34.3586],[132.5052,34.3567],[132.5052,34.3751],[132.4994,34.3807],[132.4961,34.381],[132.5025,34.369],[132.4982,34.3592],[132.4953,34.3578],[132.4809,34.3629],[132.4775,34.3611],[132.4771,34.3538],[132.4726,34.3495],[132.4672,34.3503],[132.4603,34.3486],[132.4575,34.3594],[132.463,34.3631],[132.4653,34.367],[132.4645,34.3686],[132.461,34.3693],[132.4594,34.3695],[132.4574,34.3738],[132.454,34.3674],[132.4559,34.3639],[132.4539,34.3607],[132.4501,34.3606],[132.4488,34.3567],[132.4443,34.3566],[132.4445,34.3618],[132.4426,34.3638],[132.4381,34.3595],[132.436,34.3502],[132.4255,34.3546],[132.433,34.3689],[132.4312,34.3697],[132.4283,34.3673],[132.4228,34.3581],[132.4151,34.3611],[132.4279,34.3848],[132.4259,34.3847],[132.4154,34.3731],[132.3999,34.3717],[132.3902,34.3676],[132.3844,34.3652],[132.3769,34.3591],[132.3677,34.3571],[132.3551,34.3568],[132.3534,34.3528],[132.3472,34.3503],[132.3433,34.3436],[132.3363,34.3434],[132.3232,34.3337],[132.3218,34.3221],[132.3104,34.311],[132.306,34.3042],[132.2883,34.2908],[132.2876,34.2888],[132.2846,34.281],[132.2793,34.2762],[132.2684,34.2741],[132.2665,34.2722],[132.2676,34.2697],[132.2605,34.2674],[132.2534,34.2587],[132.2433,34.2552],[132.2337,34.2463],[132.2282,34.2379],[132.2286,34.2304],[132.225,34.2282],[132.2325,34.2262],[132.2292,34.2238],[132.2174,34.2195],[132.2099,34.2263],[132.1972,34.2276],[132.1871,34.2247],[132.1701,34.2304],[132.161,34.2258],[132.1525,34.2327],[132.1493,34.2498],[132.1424,34.2573],[132.1375,34.2666],[132.1409,34.278],[132.1352,34.288],[132.1269,34.2944],[132.1264,34.3094],[132.1311,34.3209],[132.126,34.3306],[132.1164,34.3271],[132.1034,34.3332],[132.1016,34.3431],[132.0927,34.3478],[132.0843,34.3538],[132.0722,34.353],[132.0737,34.364],[132.0752,34.3741],[132.0798,34.3836],[132.0734,34.3921],[132.0766,34.4016],[132.072,34.4111],[132.0798,34.4228],[132.0795,34.4345],[132.0806,34.445],[132.0712,34.4641],[132.0655,34.4735],[132.0598,34.4824],[132.0566,34.4926],[132.0409,34.5],[132.0484,34.5079],[132.0503,34.5182],[132.0561,34.5268],[132.0659,34.5303],[132.0765,34.5318],[132.0863,34.5342],[132.093,34.5423],[132.1013,34.5496],[132.1101,34.556],[132.1181,34.5625],[132.1208,34.5739],[132.1271,34.5833],[132.1253,34.5968],[132.1195,34.6054],[132.1249,34.6192],[132.1328,34.6266],[132.1289,34.6371],[132.1429,34.6516],[132.15,34.6595],[132.157,34.6722],[132.1642,34.6801],[132.157,34.6898],[132.1447,34.6885],[132.1363,34.6943],[132.1431,34.7065],[132.1513,34.7147],[132.1601,34.72],[132.1708,34.726],[132.1795,34.7319],[132.1895,34.7309],[132.199,34.7361],[132.205,34.7455],[132.2155,34.7417],[132.2248,34.7505],[132.2283,34.7607],[132.2351,34.7699],[132.2428,34.7767],[132.2449,34.7878],[132.2407,34.7983],[132.2538,34.8039],[132.2708,34.7975],[132.2807,34.7936],[132.282,34.7818],[132.2911,34.7763],[132.3012,34.7737],[132.306,34.7838],[132.312,34.7923],[132.3221,34.7941],[132.331,34.7883],[132.3438,34.7884],[132.3525,34.7934],[132.3643,34.797],[132.375,34.7978],[132.3856,34.7916],[132.3899,34.7795],[132.4015,34.7802],[132.4093,34.7882],[132.4176,34.7945],[132.4274,34.7983],[132.4237,34.8087],[132.434,34.8123],[132.4445,34.8145],[132.4523,34.808],[132.4569,34.7975],[132.4672,34.7993],[132.4778,34.796],[132.4892,34.7948],[132.5,34.7961],[132.5096,34.7928],[132.5187,34.7993],[132.5294,34.7958],[132.5397,34.792],[132.5495,34.7995],[132.5583,34.8045],[132.569,34.8028],[132.5761,34.8099],[132.5852,34.8149],[132.5947,34.8203],[132.6013,34.8281],[132.6144,34.8363],[132.6246,34.839],[132.6355,34.8368],[132.6511,34.8367],[132.6624,34.8289],[132.675,34.8416],[132.6839,34.8473],[132.6939,34.844],[132.7039,34.8422],[132.7116,34.8564],[132.7074,34.8655],[132.7032,34.8787],[132.6926,34.881],[132.678,34.8915],[132.6685,34.8874],[132.6506,34.8969],[132.6491,34.907],[132.6589,34.92],[132.6682,34.9244],[132.6781,34.9293],[132.6826,34.9384],[132.6922,34.9489],[132.7033,34.9497],[132.7136,34.9508],[132.723,34.9449],[132.7304,34.9533],[132.7403,34.9571],[132.7528,34.9595],[132.7538,34.9751],[132.766,34.9779],[132.7744,34.9942],[132.7839,35.0],[132.7896,35.0102],[132.7992,35.0176],[132.8083,35.0233],[132.8149,35.0322],[132.8219,35.0401],[132.8318,35.0439],[132.8302,35.0578],[132.8377,35.0662],[132.8471,35.0738],[132.8541,35.0816],[132.8623,35.0894],[132.8746,35.0985]]]]}},{"type":"Feature","properties":{"name":"山口県"},"geometry":{"type":"MultiPolygon","coordinates":[[[[131.7225,34.5833],[131.7269,34.5689],[131.7172,34.5631],[131.7052,34.5622],[131.7035,34.548],[131.7071,34.5384],[131.7041,34.5275],[131.6957,34.5197],[131.6847,34.5156],[131.6766,34.5092],[131.6708,34.5008],[131.6806,34.4927],[131.683,34.4823],[131.6922,34.4768],[131.7023,34.4717],[131.6964,34.4629],[131.6984,34.4511],[131.6965,34.4408],[131.7015,34.4316],[131.7113,34.4287],[131.7237,34.4254],[131.7341,34.4281],[131.744,34.4259],[131.7519,34.4333],[131.7616,34.4306],[131.7717,34.4326],[131.7825,34.4325],[131.7964,34.4333],[131.7967,34.4232],[131.7893,34.4069],[131.7869,34.3965],[131.777,34.3912],[131.7692,34.3817],[131.7687,34.3685],[131.7717,34.3573],[131.7808,34.3463],[131.7775,34.3364],[131.7871,34.3283],[131.7976,34.3239],[131.8015,34.314],[131.8143,34.3092],[131.8215,34.3002],[131.8364,34.308],[131.8475,34.3076],[131.8575,34.303],[131.875,34.3044],[131.8881,34.3118],[131.8933,34.3208],[131.9026,34.3159],[131.9132,34.3237],[131.9224,34.3336],[131.9328,34.3297],[131.9414,34.3238],[131.9491,34.3169],[131.9576,34.3072],[131.9643,34.3152],[131.9742,34.3233],[131.9773,34.3333],[131.9836,34.3414],[131.9921,34.3497],[132.0026,34.3625],[132.0137,34.3634],[132.0144,34.3739],[132.0095,34.3828],[132.004,34.3922],[132.0,34.4038],[131.9925,34.4115],[132,34.4248],[132.0102,34.4284],[132.0185,34.4343],[132.0187,34.4455],[132.0245,34.4547],[132.0338,34.4595],[132.0434,34.4649],[132.0577,34.4646],[132.0655,34.4735],[132.0712,34.4641],[132.0806,34.445],[132.0795,34.4345],[132.0798,34.4228],[132.072,34.4111],[132.0766,34.4016],[132.0734,34.3921],[132.0798,34.3836],[132.0752,34.3741],[132.0737,34.364],[132.0722,34.353],[132.0843,34.3538],[132.0927,34.3478],[132.1016,34.3431],[132.1034,34.3332],[132.1164,34.3271],[132.126,34.3306],[132.1311,34.3209],[132.1264,34.3094],[132.1269,34.2944],[132.1352,34.288],[132.1409,34.278],[132.1375,34.2666],[132.1424,34.2573],[132.1493,34.2498],[132.1525,34.2327],[132.161,34.2258],[132.1701,34.2304],[132.1871,34.2247],[132.1972,34.2276],[132.2099,34.2263],[132.2174,34.2195],[132.2292,34.2238],[132.2325,34.2262],[132.2375,34.2249],[132.2465,34.2115],[132.2452,34.2085],[132.2356,34.2046],[132.2457,34.2031],[132.2476,34.2013],[132.2443,34.1926],[132.2373,34.1879],[132.2377,34.1842],[132.2477,34.167],[132.2528,34.1618],[132.2514,34.1596],[132.2431,34.1601],[132.2392,34.1583],[132.2405,34.1567],[132.2509,34.1546],[132.2518,34.1519],[132.2498,34.1428],[132.2469,34.1411],[132.2372,34.1221],[132.2258,34.1382],[132.2253,34.1246],[132.2236,34.1222],[132.2197,34.1204],[132.2068,34.119],[132.2027,34.1149],[132.2157,34.0759],[132.2127,34.0541],[132.2236,34.0418],[132.2227,34.0297],[132.2222,34.0227],[132.2233,34.0121],[132.2214,33.9968],[132.208,33.982],[132.2043,33.9715],[132.1907,33.9542],[132.1842,33.9552],[132.1697,33.954],[132.1607,33.9503],[132.1407,33.9524],[132.1375,33.9527],[132.1275,33.9521],[132.1216,33.9536],[132.119,33.9508],[132.1254,33.9445],[132.1282,33.9361],[132.1321,33.9329],[132.1307,33.9224],[132.1376,33.9018],[132.1362,33.8921],[132.1413,33.8896],[132.1367,33.8869],[132.1357,33.8839],[132.1462,33.8743],[132.1513,33.8733],[132.1538,33.8684],[132.1533,33.864],[132.1554,33.8612],[132.1616,33.8586],[132.1656,33.8507],[132.1631,33.842],[132.1572,33.8393],[132.1458,33.8286],[132.1303,33.8328],[132.1244,33.8306],[132.1189,33.8392],[132.1219,33.8437],[132.1187,33.8574],[132.1239,33.8653],[132.1231,33.8719],[132.1199,33.8741],[132.1017,33.8782],[132.0802,33.8905],[132.078,33.8983],[132.0733,33.9009],[132.0511,33.9054],[132.0636,33.9141],[132.064,33.9193],[132.0668,33.923],[132.064,33.9239],[132.0604,33.9208],[132.055,33.9202],[132.0575,33.9155],[132.0474,33.9082],[132.0434,33.9032],[132.035,33.902],[132.0265,33.8971],[132.0165,33.9007],[131.9835,33.9221],[131.9783,33.9215],[131.9743,33.9161],[131.9773,33.9116],[131.9739,33.91],[131.9706,33.9107],[131.9674,33.9143],[131.968,33.9206],[131.9725,33.922],[131.973,33.9256],[131.9638,33.9374],[131.9537,33.9426],[131.946,33.9419],[131.9374,33.9434],[131.9298,33.9483],[131.9276,33.9524],[131.9236,33.9572],[131.9165,33.9619],[131.9035,33.965],[131.8864,33.9828],[131.8806,33.9841],[131.8681,33.9829],[131.8705,33.993],[131.8685,33.9973],[131.8631,33.9996],[131.8567,34.0056],[131.8463,34.0039],[131.8411,34.0031],[131.837,34.0044],[131.8309,33.9935],[131.8214,33.9853],[131.8074,33.981],[131.801,33.9817],[131.7994,33.9798],[131.8069,33.9753],[131.8193,33.9744],[131.8221,33.9701],[131.8256,33.9694],[131.826,33.9675],[131.8203,33.9619],[131.8153,33.9612],[131.8087,33.9635],[131.8051,33.9683],[131.7829,33.9676],[131.7811,33.9713],[131.7801,33.9715],[131.7778,33.972],[131.7762,33.9748],[131.7795,33.9775],[131.7909,33.9803],[131.7864,33.9874],[131.788,33.9906],[131.7949,33.9957],[131.8047,34.0082],[131.8151,34.0103],[131.8201,34.0137],[131.8256,34.0143],[131.8303,34.0239],[131.8285,34.0291],[131.8257,34.03],[131.8217,34.0288],[131.8105,34.0354],[131.8058,34.0348],[131.8024,34.0376],[131.8023,34.0434],[131.7958,34.0463],[131.7952,34.0473],[131.7936,34.05],[131.7908,34.0503],[131.788,34.0508],[131.7867,34.0528],[131.7836,34.0499],[131.7765,34.0507],[131.7717,34.0478],[131.7667,34.0515],[131.7605,34.0498],[131.754,34.0414],[131.7513,34.0406],[131.7478,34.0447],[131.7478,34.0478],[131.753,34.0534],[131.7559,34.0559],[131.7603,34.0567],[131.7607,34.0572],[131.7626,34.0599],[131.7581,34.0595],[131.7551,34.0636],[131.749,34.065],[131.7465,34.0605],[131.7408,34.0554],[131.7301,34.0554],[131.7246,34.0501],[131.7212,34.0531],[131.7139,34.0534],[131.7116,34.0496],[131.7083,34.0503],[131.7051,34.0487],[131.7038,34.0425],[131.7014,34.0399],[131.6983,34.0417],[131.6935,34.0415],[131.6968,34.046],[131.692,34.0468],[131.6888,34.0452],[131.6844,34.048],[131.6812,34.046],[131.6807,34.0428],[131.6826,34.04],[131.6781,34.0358],[131.6705,34.0371],[131.6648,34.0344],[131.6547,34.0333],[131.6518,34.0317],[131.6494,34.0337],[131.6514,34.0373],[131.6483,34.0393],[131.6369,34.0371],[131.6326,34.0334],[131.6272,34.0323],[131.6195,34.0194],[131.6117,34.0155],[131.6048,34.0219],[131.6051,34.0284],[131.6018,34.0362],[131.5931,34.0402],[131.5905,34.033],[131.5916,34.0278],[131.5888,34.0202],[131.59,34.0175],[131.5884,34.0168],[131.5816,34.0139],[131.5793,34.0128],[131.5762,34.0098],[131.5559,34.002],[131.5513,34.0026],[131.5477,34.0008],[131.5463,33.999],[131.5497,33.9936],[131.5426,33.9905],[131.537,33.9959],[131.5313,33.9942],[131.5236,34.001],[131.5144,33.9997],[131.5108,34.0006],[131.5184,34.0087],[131.5181,34.0122],[131.5155,34.014],[131.5069,34.0148],[131.5016,34.0188],[131.5104,34.0275],[131.51,34.0331],[131.5045,34.0335],[131.4992,34.0302],[131.4908,34.0191],[131.4881,34.0188],[131.4852,34.0207],[131.4805,34.0312],[131.4781,34.03],[131.4741,34.0217],[131.4752,34.0167],[131.4779,34.0133],[131.4865,34.0093],[131.4835,34.0052],[131.4732,33.9974],[131.4705,33.9965],[131.4515,34.004],[131.4468,34.0029],[131.4526,33.9946],[131.454,33.994],[131.4621,33.9904],[131.4677,33.9857],[131.4641,33.9793],[131.4617,33.9781],[131.4593,33.9797],[131.4559,33.9866],[131.4452,33.9855],[131.444,33.9834],[131.4464,33.9778],[131.4438,33.9754],[131.44,33.9763],[131.4358,33.9826],[131.4278,33.983],[131.4269,33.9853],[131.4352,34.0038],[131.4321,34.0089],[131.4277,34.0106],[131.4173,34.0043],[131.4124,33.993],[131.4108,33.9894],[131.4049,33.9874],[131.4021,33.9802],[131.398,33.9783],[131.3959,33.9878],[131.404,33.9941],[131.4078,34.0051],[131.4183,34.016],[131.4141,34.0188],[131.4007,34.0169],[131.3972,34.0203],[131.3994,34.0298],[131.4022,34.0324],[131.4091,34.0348],[131.406,34.0391],[131.4037,34.0555],[131.4011,34.0495],[131.3963,34.0449],[131.3895,34.0423],[131.3871,34.0253],[131.3779,34.0211],[131.3729,34.016],[131.3683,34.0035],[131.366,33.9848],[131.3591,33.9822],[131.3567,33.9795],[131.3505,33.9726],[131.3556,33.9605],[131.3468,33.954],[131.332,33.9462],[131.3213,33.9453],[131.3151,33.9402],[131.3108,33.941],[131.3057,33.9389],[131.3022,33.9342],[131.2927,33.9304],[131.2795,33.9291],[131.276,33.9262],[131.2745,33.9182],[131.2612,33.9191],[131.2539,33.9223],[131.2366,33.9127],[131.2301,33.9122],[131.2257,33.9145],[131.2189,33.9223],[131.2195,33.9246],[131.2309,33.9295],[131.2287,33.9391],[131.2152,33.9317],[131.2081,33.9303],[131.203,33.9385],[131.1901,33.9366],[131.1848,33.9338],[131.1846,33.9246],[131.1841,33.9252],[131.1628,33.9464],[131.1606,33.9502],[131.1623,33.9539],[131.1704,33.9563],[131.174,33.9592],[131.1721,33.9644],[131.1751,33.9683],[131.1706,33.972],[131.1696,33.9753],[131.1713,33.98],[131.1773,33.9874],[131.1739,33.9899],[131.1637,33.9855],[131.1594,33.9857],[131.1536,33.989],[131.1513,33.9935],[131.1545,34.0011],[131.1541,34.0072],[131.1514,34.011],[131.1428,33.9939],[131.1382,33.991],[131.1321,33.9915],[131.1201,34.0062],[131.1053,34.0241],[131.0945,34.0319],[131.0811,34.0298],[131.0624,34.0379],[131.0516,34.0386],[131.0474,34.0547],[131.0438,34.0558],[131.0422,34.0469],[131.0356,34.0416],[131.0349,34.0338],[131.025,34.0275],[131.029,34.0214],[131.0279,34.0186],[131.0192,34.0111],[131.012,34.0168],[130.9992,34.003],[131.0055,33.9956],[131.0027,33.9894],[130.9981,33.9866],[131.001,33.9815],[130.9991,33.9794],[130.9949,33.9789],[130.9884,33.9755],[130.9658,33.961],[130.9543,33.9509],[130.9493,33.9499],[130.9422,33.9439],[130.9253,33.9427],[130.9309,33.9375],[130.9318,33.9319],[130.9274,33.9308],[130.927,33.9289],[130.9312,33.9229],[130.9314,33.9175],[130.9284,33.9098],[130.9252,33.9061],[130.9119,33.9064],[130.9079,33.9094],[130.9067,33.9123],[130.9123,33.9173],[130.9107,33.9198],[130.9044,33.9161],[130.9023,33.921],[130.9032,33.9255],[130.8964,33.9331],[130.8943,33.9336],[130.8849,33.936],[130.8781,33.9409],[130.8765,33.945],[130.88,33.9483],[130.8828,33.9485],[130.8869,33.9426],[130.8915,33.9422],[130.895,33.9382],[130.9009,33.9368],[130.905,33.9391],[130.9059,33.944],[130.9126,33.9443],[130.9111,33.948],[130.921,33.9709],[130.9139,33.9856],[130.914,33.995],[130.9188,34.0048],[130.9197,34.0093],[130.9166,34.0185],[130.9142,34.0203],[130.9104,34.0197],[130.9078,34.0212],[130.9045,34.0261],[130.9169,34.034],[130.9177,34.0405],[130.9142,34.0483],[130.9136,34.0558],[130.9043,34.067],[130.9019,34.0652],[130.901,34.0535],[130.8993,34.0521],[130.8953,34.0588],[130.892,34.0595],[130.89,34.0661],[130.8861,34.0678],[130.8846,34.0719],[130.8804,34.0746],[130.885,34.0797],[130.8839,34.0815],[130.8769,34.0803],[130.8743,34.0829],[130.8762,34.0869],[130.8738,34.0929],[130.8654,34.0981],[130.8667,34.1003],[130.8639,34.1045],[130.8681,34.1081],[130.8696,34.1117],[130.8704,34.1291],[130.8741,34.133],[130.8832,34.1354],[130.8883,34.135],[130.8879,34.1302],[130.8902,34.1286],[130.9014,34.1313],[130.906,34.1367],[130.9017,34.144],[130.9037,34.1477],[130.9095,34.1469],[130.9138,34.1539],[130.9183,34.1539],[130.9298,34.1651],[130.9312,34.1744],[130.935,34.1804],[130.9356,34.1861],[130.9325,34.2041],[130.929,34.2075],[130.9224,34.2091],[130.9214,34.2123],[130.925,34.2309],[130.9125,34.2443],[130.9065,34.2469],[130.9032,34.251],[130.9008,34.2607],[130.8996,34.2618],[130.8964,34.265],[130.8768,34.2787],[130.8758,34.2853],[130.8802,34.2914],[130.8872,34.2915],[130.8903,34.294],[130.8907,34.3022],[130.8929,34.3071],[130.8976,34.3042],[130.8992,34.307],[130.8973,34.3117],[130.9003,34.3183],[130.8966,34.3217],[130.8967,34.3269],[130.8938,34.3318],[130.8961,34.3357],[130.895,34.34],[130.8968,34.343],[130.9014,34.3458],[130.9033,34.3509],[130.9022,34.3556],[130.9033,34.3572],[130.9051,34.3598],[130.9115,34.3595],[130.921,34.3493],[130.9265,34.3506],[130.9276,34.3452],[130.9316,34.3427],[130.9358,34.3437],[130.9397,34.3489],[130.9455,34.3486],[130.9496,34.3511],[130.9515,34.3487],[130.9621,34.3524],[130.9689,34.359],[130.9745,34.3613],[130.9842,34.3606],[130.9914,34.3653],[130.9979,34.3656],[131.0029,34.3705],[131.0098,34.3691],[131.0179,34.3716],[131.0335,34.3686],[131.0377,34.3695],[131.0415,34.373],[131.038,34.3753],[131.0358,34.3813],[131.024,34.3888],[131.0224,34.3898],[131.0175,34.4017],[131.0147,34.4011],[131.0108,34.3989],[131.0061,34.3957],[131.0018,34.3947],[130.9875,34.395],[130.9759,34.4024],[130.9696,34.4016],[130.9592,34.4036],[130.9574,34.4006],[130.96,34.3959],[130.9591,34.3924],[130.9604,34.3882],[130.9595,34.3855],[130.9522,34.3843],[130.9373,34.3894],[130.9414,34.3946],[130.9415,34.4007],[130.9495,34.4009],[130.9509,34.4017],[130.9597,34.4072],[130.9621,34.4111],[130.9607,34.4167],[130.9646,34.4263],[130.971,34.4251],[130.9763,34.4287],[130.9775,34.4326],[130.9757,34.4367],[130.9785,34.4399],[130.985,34.4336],[131.0056,34.4273],[131.0112,34.4236],[131.0123,34.4211],[131.0081,34.414],[131.0164,34.4104],[131.0251,34.4088],[131.0434,34.4091],[131.051,34.4092],[131.056,34.4138],[131.0607,34.4143],[131.0701,34.42],[131.0771,34.4209],[131.0855,34.4171],[131.0975,34.4177],[131.1183,34.4062],[131.1286,34.4094],[131.1323,34.4142],[131.1351,34.4145],[131.1351,34.4064],[131.1411,34.3968],[131.1407,34.3882],[131.1455,34.3805],[131.1474,34.3789],[131.1562,34.3716],[131.1629,34.3688],[131.1707,34.3688],[131.1768,34.3722],[131.186,34.3745],[131.1926,34.3805],[131.1987,34.3902],[131.1883,34.3997],[131.1768,34.4048],[131.1782,34.4065],[131.1764,34.4223],[131.1724,34.4251],[131.172,34.4272],[131.1767,34.4276],[131.1792,34.425],[131.1847,34.4253],[131.1864,34.4222],[131.1903,34.4213],[131.1945,34.4214],[131.1963,34.4214],[131.1995,34.426],[131.2043,34.4224],[131.2091,34.422],[131.2206,34.4244],[131.2269,34.4281],[131.2384,34.4293],[131.2481,34.4351],[131.252,34.4334],[131.2572,34.4341],[131.2583,34.425],[131.2637,34.424],[131.2656,34.4218],[131.2616,34.418],[131.2661,34.4143],[131.2629,34.4131],[131.2576,34.4145],[131.2558,34.4186],[131.2531,34.4201],[131.248,34.418],[131.2424,34.4192],[131.2366,34.4185],[131.23,34.4157],[131.2304,34.4199],[131.2301,34.4208],[131.2287,34.4198],[131.2171,34.4132],[131.2135,34.4068],[131.2201,34.3981],[131.2139,34.3972],[131.2119,34.3933],[131.2056,34.3936],[131.2047,34.3884],[131.2119,34.378],[131.2112,34.3697],[131.2202,34.3676],[131.2235,34.3711],[131.2284,34.3728],[131.2242,34.3795],[131.2265,34.3817],[131.2265,34.3854],[131.2312,34.3905],[131.2329,34.3849],[131.2371,34.3886],[131.241,34.3882],[131.2509,34.379],[131.2569,34.3791],[131.2581,34.3808],[131.2568,34.3885],[131.2593,34.3886],[131.2631,34.3807],[131.2679,34.3807],[131.2746,34.3866],[131.2829,34.386],[131.2817,34.3815],[131.2884,34.3833],[131.2946,34.381],[131.2954,34.3807],[131.3067,34.3802],[131.3293,34.3892],[131.3325,34.3941],[131.3314,34.4037],[131.3427,34.4149],[131.3479,34.412],[131.3534,34.4131],[131.36,34.4082],[131.3798,34.4105],[131.3829,34.413],[131.3804,34.4158],[131.3816,34.4179],[131.3891,34.4177],[131.3888,34.4145],[131.3909,34.4131],[131.4019,34.4184],[131.4049,34.4236],[131.4076,34.4248],[131.413,34.4227],[131.4182,34.4236],[131.4186,34.4253],[131.4139,34.4278],[131.4133,34.4296],[131.4182,34.4317],[131.4183,34.4336],[131.4147,34.4355],[131.4173,34.438],[131.4237,34.4357],[131.4266,34.4376],[131.4154,34.4439],[131.4097,34.4414],[131.397,34.4433],[131.4,34.4474],[131.3986,34.4528],[131.4004,34.456],[131.4127,34.4497],[131.4166,34.4486],[131.4211,34.4494],[131.4281,34.4527],[131.4364,34.4614],[131.438,34.4632],[131.4359,34.4681],[131.4379,34.4698],[131.4475,34.4688],[131.4488,34.4756],[131.445,34.4806],[131.4514,34.4822],[131.4604,34.48],[131.466,34.4859],[131.4698,34.4945],[131.4691,34.497],[131.4651,34.497],[131.4615,34.5048],[131.4552,34.5055],[131.4581,34.5103],[131.4529,34.5136],[131.4604,34.5223],[131.4669,34.5267],[131.4706,34.5355],[131.4725,34.5364],[131.4762,34.5305],[131.4975,34.5313],[131.4986,34.5313],[131.5009,34.5354],[131.5068,34.5377],[131.51,34.5433],[131.5153,34.5467],[131.518,34.5518],[131.5205,34.5519],[131.5226,34.5547],[131.5264,34.5549],[131.5305,34.5578],[131.5352,34.5589],[131.5429,34.5682],[131.5486,34.5695],[131.5527,34.5726],[131.557,34.5847],[131.5537,34.5927],[131.5585,34.5969],[131.5586,34.6073],[131.5607,34.6139],[131.5674,34.619],[131.5741,34.6212],[131.5769,34.62],[131.5798,34.6187],[131.582,34.6197],[131.5815,34.6229],[131.5891,34.6233],[131.5927,34.6185],[131.5958,34.6209],[131.6025,34.6195],[131.604,34.6242],[131.6078,34.6277],[131.6067,34.6293],[131.6016,34.6289],[131.5995,34.6305],[131.5951,34.6288],[131.5924,34.631],[131.5971,34.6408],[131.5923,34.6435],[131.5999,34.6485],[131.6028,34.658],[131.6176,34.6668],[131.6267,34.6638],[131.6357,34.6647],[131.6468,34.6572],[131.645,34.6514],[131.6435,34.6464],[131.6447,34.6421],[131.6485,34.6426],[131.6507,34.6446],[131.6475,34.6499],[131.6512,34.6526],[131.6593,34.6563],[131.665,34.654],[131.6739,34.6611],[131.6757,34.6645],[131.6712,34.6712],[131.672,34.6744],[131.674,34.6753],[131.6771,34.6742],[131.6831,34.6748],[131.6851,34.675],[131.6915,34.6544],[131.6977,34.6454],[131.6999,34.6357],[131.6971,34.6233],[131.7021,34.6135],[131.713,34.6113],[131.7196,34.6032],[131.7216,34.5934],[131.7225,34.5833]]]]}},{"type":"Feature","properties":{"name":"香川県"},"geometry":{"type":"MultiPolygon","coordinates":[[[[134.4435,34.205],[134.4413,34.1879],[134.4326,34.1766],[134.4362,34.1666],[134.4248,34.1587],[134.4147,34.1573],[134.4063,34.1641],[134.3966,34.1603],[134.3786,34.1689],[134.371,34.1754],[134.3596,34.1818],[134.35,34.1784],[134.3454,34.1692],[134.3353,34.1714],[134.3234,34.1719],[134.3127,34.1705],[134.2997,34.1666],[134.2943,34.1759],[134.2839,34.174],[134.2731,34.1782],[134.2626,34.1801],[134.2465,34.1768],[134.2317,34.1773],[134.2215,34.1751],[134.2115,34.1718],[134.193,34.1696],[134.1761,34.1724],[134.1662,34.1666],[134.1529,34.1628],[134.1462,34.1551],[134.1384,34.1479],[134.1414,34.1301],[134.1337,34.1221],[134.125,34.1157],[134.109,34.1139],[134.0983,34.1112],[134.0889,34.1157],[134.0779,34.1146],[134.0619,34.1099],[134.0526,34.1141],[134.043,34.0983],[134.0335,34.0935],[134.0298,34.0833],[134.0194,34.0827],[134.0083,34.0811],[134.0024,34.0716],[133.9892,34.0729],[133.9783,34.0716],[133.9704,34.0784],[133.9541,34.0868],[133.9464,34.095],[133.9405,34.104],[133.9348,34.1126],[133.9246,34.1109],[133.9156,34.1025],[133.9029,34.0979],[133.8953,34.1047],[133.8847,34.1008],[133.875,34.0976],[133.8647,34.102],[133.8547,34.0986],[133.8459,34.0925],[133.8352,34.0935],[133.8259,34.0896],[133.8218,34.073],[133.8116,34.0687],[133.8013,34.0663],[133.7929,34.073],[133.7821,34.0766],[133.7738,34.0697],[133.7615,34.0582],[133.7531,34.0524],[133.7432,34.0468],[133.7314,34.0409],[133.725,34.0312],[133.7242,34.0192],[133.7154,34.0141],[133.703,34.0146],[133.6928,34.01],[133.6803,34.0129],[133.673,34.0206],[133.6621,34.0243],[133.6512,34.0239],[133.6401,34.0238],[133.625,34.0319],[133.6141,34.0298],[133.6064,34.036],[133.6036,34.0377],[133.6063,34.0408],[133.6153,34.0406],[133.6288,34.0483],[133.6344,34.0541],[133.6382,34.064],[133.6394,34.0799],[133.6427,34.0839],[133.6469,34.1052],[133.648,34.1106],[133.6512,34.1128],[133.6458,34.1162],[133.6439,34.1199],[133.6425,34.1223],[133.6459,34.1442],[133.6438,34.1487],[133.648,34.1555],[133.6504,34.1708],[133.6476,34.1789],[133.6502,34.1841],[133.6498,34.1873],[133.6412,34.1943],[133.6355,34.2069],[133.6297,34.2078],[133.6226,34.2139],[133.6158,34.2168],[133.6132,34.2182],[133.6115,34.2217],[133.6129,34.2247],[133.6101,34.2269],[133.6012,34.2298],[133.5894,34.2364],[133.5739,34.2399],[133.5802,34.2449],[133.5774,34.2469],[133.5765,34.2511],[133.5746,34.2527],[133.5594,34.2564],[133.5662,34.2623],[133.5722,34.2637],[133.5775,34.2632],[133.5862,34.2593],[133.5952,34.2595],[133.5957,34.2581],[133.5967,34.2552],[133.6015,34.2522],[133.6157,34.2509],[133.6195,34.2491],[133.6265,34.2363],[133.6301,34.235],[133.6408,34.2367],[133.6581,34.232],[133.6644,34.2369],[133.6803,34.2432],[133.68,34.2386],[133.6748,34.2341],[133.6725,34.2296],[133.6758,34.2224],[133.6787,34.22],[133.6865,34.2262],[133.6904,34.2274],[133.6984,34.2295],[133.7216,34.2478],[133.7354,34.2536],[133.7425,34.2582],[133.7491,34.2694],[133.7566,34.2725],[133.7594,34.2766],[133.7722,34.2838],[133.776,34.2831],[133.7796,34.2888],[133.7881,34.2902],[133.8051,34.2976],[133.8126,34.2998],[133.8187,34.305],[133.82,34.3115],[133.8277,34.319],[133.8235,34.3321],[133.8241,34.3373],[133.8283,34.3445],[133.8228,34.3446],[133.8285,34.3522],[133.8337,34.3553],[133.8428,34.3555],[133.8464,34.3535],[133.8447,34.3495],[133.8417,34.3462],[133.8372,34.3414],[133.8371,34.3376],[133.8414,34.3379],[133.8494,34.3452],[133.8558,34.3563],[133.8593,34.3582],[133.8626,34.3566],[133.8648,34.3519],[133.8637,34.3479],[133.8515,34.3351],[133.8371,34.3243],[133.8398,34.3189],[133.8612,34.3263],[133.8662,34.3258],[133.8716,34.3305],[133.8783,34.327],[133.8775,34.3344],[133.8975,34.3512],[133.8937,34.3666],[133.896,34.3779],[133.9019,34.382],[133.9092,34.3745],[133.913,34.3754],[133.9149,34.3788],[133.9252,34.3707],[133.9265,34.3768],[133.9282,34.3795],[133.9341,34.3895],[133.9425,34.3809],[133.9458,34.3729],[133.9486,34.3727],[133.9541,34.3789],[133.9607,34.3789],[133.9688,34.3703],[133.9703,34.3626],[133.9738,34.3618],[133.9782,34.3667],[133.9841,34.3694],[133.9902,34.3606],[134.0013,34.3521],[134.0072,34.3505],[134.0298,34.3502],[134.0364,34.35],[134.0423,34.3476],[134.051,34.3501],[134.0575,34.3488],[134.0706,34.3491],[134.0782,34.3474],[134.0804,34.3426],[134.0836,34.3446],[134.089,34.3391],[134.0983,34.3358],[134.0923,34.3408],[134.0885,34.348],[134.0894,34.352],[134.0945,34.3567],[134.0961,34.3618],[134.0959,34.3709],[134.0987,34.3823],[134.1058,34.3791],[134.1176,34.3589],[134.1217,34.3555],[134.1239,34.3561],[134.1253,34.3601],[134.1215,34.3696],[134.1219,34.3734],[134.1289,34.3807],[134.1273,34.3856],[134.1236,34.3893],[134.1264,34.3963],[134.1342,34.3965],[134.1396,34.401],[134.1447,34.3992],[134.1514,34.3927],[134.1602,34.3893],[134.1614,34.3889],[134.1691,34.3826],[134.1706,34.3758],[134.1649,34.365],[134.1634,34.3576],[134.165,34.3481],[134.162,34.338],[134.1629,34.3334],[134.1694,34.3265],[134.1738,34.3245],[134.1913,34.3261],[134.1933,34.3287],[134.1915,34.3353],[134.1934,34.3401],[134.1911,34.3478],[134.1944,34.3479],[134.2023,34.3431],[134.2071,34.3436],[134.2141,34.3446],[134.2161,34.3461],[134.2168,34.3484],[134.2101,34.3589],[134.216,34.3655],[134.2204,34.3597],[134.2261,34.3461],[134.2343,34.3419],[134.2347,34.3373],[134.2418,34.3347],[134.2537,34.3483],[134.2649,34.3461],[134.2659,34.338],[134.2677,34.3353],[134.2733,34.3323],[134.2742,34.3273],[134.2721,34.3228],[134.2728,34.3206],[134.2741,34.316],[134.2567,34.3021],[134.2565,34.2983],[134.264,34.2857],[134.2689,34.2823],[134.2721,34.2819],[134.2768,34.2868],[134.2816,34.2848],[134.2853,34.2791],[134.2986,34.2716],[134.3078,34.2747],[134.3131,34.2747],[134.3248,34.2684],[134.3341,34.2596],[134.3409,34.2587],[134.3441,34.2568],[134.354,34.2507],[134.3628,34.251],[134.3681,34.2484],[134.3734,34.249],[134.3811,34.2525],[134.3824,34.2583],[134.3899,34.2585],[134.4028,34.2494],[134.4075,34.2432],[134.4068,34.2415],[134.4035,34.2404],[134.4019,34.2362],[134.4047,34.2342],[134.4129,34.2358],[134.4216,34.2316],[134.4133,34.2251],[134.4161,34.2221],[134.4368,34.2108],[134.4449,34.2086],[134.4435,34.205]]]]}},{"type":"Feature","properties":{"name":"徳島県"},"geometry":{"type":"MultiPolygon","coordinates":[[[[134.4435,34.205],[134.4449,34.2086],[134.4593,34.2048],[134.4653,34.2053],[134.483,34.2107],[134.4921,34.2175],[134.5105,34.2237],[134.5225,34.2242],[134.5309,34.222],[134.5463,34.2248],[134.5641,34.2187],[134.5731,34.2207],[134.5781,34.2189],[134.5822,34.2174],[134.5834,34.2197],[134.5818,34.2222],[134.572,34.2241],[134.5709,34.2267],[134.5736,34.2303],[134.5867,34.236],[134.5907,34.2367],[134.5968,34.2354],[134.6105,34.2479],[134.6208,34.2475],[134.6233,34.2409],[134.6219,34.2342],[134.6233,34.23],[134.6176,34.2262],[134.6143,34.2271],[134.6109,34.2229],[134.6062,34.2222],[134.5995,34.2106],[134.5946,34.2145],[134.5943,34.2139],[134.5898,34.2062],[134.5917,34.2002],[134.6114,34.1878],[134.6192,34.1874],[134.6292,34.1796],[134.6334,34.1803],[134.638,34.1766],[134.6473,34.1774],[134.6478,34.1758],[134.6387,34.1591],[134.6268,34.1437],[134.6213,34.1456],[134.6057,34.1452],[134.6223,34.1354],[134.6122,34.1181],[134.6091,34.1033],[134.6058,34.1045],[134.6029,34.1094],[134.5974,34.1104],[134.5986,34.1008],[134.6018,34.0962],[134.6113,34.096],[134.6116,34.0831],[134.6095,34.0797],[134.5971,34.0832],[134.5896,34.0829],[134.5825,34.0863],[134.5796,34.0808],[134.602,34.0695],[134.6016,34.0653],[134.598,34.0603],[134.5972,34.0521],[134.5922,34.0526],[134.5808,34.057],[134.5784,34.0538],[134.5657,34.0507],[134.567,34.0467],[134.5626,34.0425],[134.5674,34.0422],[134.5747,34.049],[134.588,34.0511],[134.5923,34.0478],[134.5911,34.0449],[134.5865,34.0392],[134.5818,34.038],[134.5834,34.0335],[134.5862,34.0323],[134.5967,34.0323],[134.601,34.0305],[134.5961,34.0262],[134.5975,34.0237],[134.6046,34.0197],[134.6074,34.0162],[134.604,34.0122],[134.5971,34.0089],[134.5985,34.0025],[134.6028,34.0021],[134.6032,33.9967],[134.6068,33.9936],[134.6141,33.9923],[134.6155,33.9855],[134.6173,33.984],[134.6308,33.9855],[134.6372,33.9888],[134.6394,33.9929],[134.6336,34.0006],[134.6405,34.0078],[134.6476,34.0032],[134.6554,33.992],[134.6637,33.9709],[134.6737,33.961],[134.6776,33.9551],[134.6877,33.9532],[134.6974,33.9464],[134.6984,33.9444],[134.6821,33.9364],[134.6747,33.9308],[134.6883,33.929],[134.6912,33.9271],[134.6919,33.9267],[134.7085,33.9222],[134.7051,33.9163],[134.703,33.9038],[134.6938,33.8984],[134.6878,33.8895],[134.6824,33.8846],[134.6821,33.8783],[134.6698,33.8792],[134.6643,33.8809],[134.6591,33.88],[134.6527,33.873],[134.6436,33.8689],[134.6382,33.8642],[134.6308,33.8517],[134.6313,33.8501],[134.6366,33.8521],[134.6504,33.8659],[134.6521,33.8513],[134.6504,33.849],[134.6454,33.8474],[134.6432,33.8442],[134.647,33.8426],[134.6575,33.8437],[134.6637,33.8473],[134.6662,33.8438],[134.6704,33.846],[134.6737,33.8444],[134.6794,33.8478],[134.6839,33.8471],[134.6871,33.85],[134.6961,33.85],[134.7031,33.8476],[134.7159,33.8491],[134.7212,33.8454],[134.723,33.8423],[134.7063,33.842],[134.6841,33.8318],[134.6821,33.8301],[134.6856,33.8285],[134.6978,33.8331],[134.707,33.8347],[134.7123,33.8332],[134.719,33.8345],[134.7255,33.8317],[134.739,33.8428],[134.7423,33.84],[134.7498,33.8401],[134.7474,33.8357],[134.749,33.8324],[134.7326,33.8249],[134.7038,33.8117],[134.6922,33.8046],[134.6717,33.7986],[134.6572,33.7886],[134.6497,33.7891],[134.647,33.7869],[134.645,33.7785],[134.6388,33.7843],[134.6308,33.7845],[134.6244,33.7825],[134.6212,33.7789],[134.6165,33.7786],[134.6132,33.7732],[134.6075,33.7685],[134.6074,33.7649],[134.5929,33.7657],[134.5893,33.7679],[134.5869,33.7656],[134.5877,33.7616],[134.5863,33.7603],[134.5775,33.7608],[134.5771,33.7581],[134.5803,33.7519],[134.5729,33.7365],[134.5726,33.7317],[134.5689,33.7306],[134.5653,33.7318],[134.5624,33.739],[134.5602,33.7386],[134.5585,33.7358],[134.5527,33.7365],[134.5496,33.7329],[134.5457,33.7283],[134.5487,33.7198],[134.548,33.717],[134.535,33.7076],[134.5041,33.6905],[134.4937,33.6884],[134.4916,33.6838],[134.4546,33.6687],[134.4478,33.6623],[134.4404,33.6602],[134.431,33.6576],[134.4264,33.6594],[134.423,33.657],[134.4199,33.6517],[134.4135,33.6507],[134.4078,33.655],[134.4052,33.6529],[134.4012,33.6528],[134.3994,33.6465],[134.3937,33.6445],[134.3894,33.6379],[134.3815,33.6342],[134.3809,33.6296],[134.3755,33.6276],[134.3677,33.6214],[134.3728,33.6188],[134.3874,33.62],[134.3905,33.6173],[134.3862,33.611],[134.3768,33.6076],[134.3739,33.6049],[134.3732,33.6042],[134.3657,33.5861],[134.3544,33.5813],[134.3454,33.581],[134.3363,33.5787],[134.3418,33.578],[134.3592,33.5797],[134.3655,33.5771],[134.3599,33.5743],[134.3392,33.5739],[134.3303,33.5763],[134.3261,33.5774],[134.3161,33.5709],[134.3129,33.5616],[134.3227,33.551],[134.3202,33.5438],[134.318,33.5421],[134.316,33.5424],[134.308,33.5466],[134.2993,33.5518],[134.2901,33.5562],[134.2784,33.5568],[134.2684,33.5527],[134.2583,33.5499],[134.2319,33.5551],[134.2246,33.562],[134.2135,33.5626],[134.1985,33.5574],[134.1965,33.5675],[134.188,33.583],[134.1802,33.5906],[134.1728,33.5983],[134.1588,33.6081],[134.1569,33.6185],[134.154,33.6281],[134.165,33.6318],[134.1729,33.6383],[134.178,33.6509],[134.1724,33.6662],[134.1781,33.675],[134.1665,33.6849],[134.1559,33.6828],[134.1451,33.6843],[134.1362,33.6901],[134.1264,33.6926],[134.1141,33.6919],[134.1038,33.6909],[134.0925,33.6895],[134.0815,33.6866],[134.0665,33.6873],[134.0689,33.706],[134.0677,33.7164],[134.0706,33.7267],[134.0641,33.7352],[134.0594,33.75],[134.0613,33.7602],[134.0615,33.7719],[134.0576,33.7816],[134.0489,33.7882],[134.0444,33.7983],[134.0361,33.8061],[134.0395,33.8157],[134.0358,33.8252],[134.0262,33.8216],[134.0155,33.8187],[134,33.8179],[133.9925,33.8262],[133.9872,33.8375],[133.9776,33.8333],[133.9672,33.8318],[133.9579,33.8276],[133.9548,33.8171],[133.9529,33.8056],[133.9459,33.7977],[133.9349,33.7966],[133.9239,33.7947],[133.9148,33.7891],[133.904,33.7907],[133.8981,33.7997],[133.8876,33.8],[133.875,33.8028],[133.8707,33.8123],[133.8634,33.8212],[133.8564,33.8301],[133.842,33.8409],[133.8312,33.8416],[133.8207,33.8341],[133.8079,33.8333],[133.7909,33.8333],[133.7819,33.8388],[133.7704,33.8366],[133.7502,33.8336],[133.7435,33.8422],[133.7336,33.8476],[133.7215,33.846],[133.7111,33.8481],[133.7009,33.8485],[133.6921,33.8537],[133.6821,33.8557],[133.6736,33.8619],[133.6654,33.8682],[133.6632,33.8784],[133.672,33.8851],[133.6806,33.8908],[133.6787,33.9012],[133.6918,33.9166],[133.6875,33.9315],[133.6951,33.9413],[133.6908,33.9504],[133.6919,33.9607],[133.6836,33.969],[133.678,33.9815],[133.6802,33.9913],[133.6928,34.01],[133.703,34.0146],[133.7154,34.0141],[133.7242,34.0192],[133.725,34.0312],[133.7314,34.0409],[133.7432,34.0468],[133.7531,34.0524],[133.7615,34.0582],[133.7738,34.0697],[133.7821,34.0766],[133.7929,34.073],[133.8013,34.0663],[133.8116,34.0687],[133.8218,34.073],[133.8259,34.0896],[133.8352,34.0935],[133.8459,34.0925],[133.8547,34.0986],[133.8647,34.102],[133.875,34.0976],[133.8847,34.1008],[133.8953,34.1047],[133.9029,34.0979],[133.9156,34.1025],[133.9246,34.1109],[133.9348,34.1126],[133.9405,34.104],[133.9464,34.095],[133.9541,34.0868],[133.9704,34.0784],[133.9783,34.0716],[133.9892,34.0729],[134.0024,34.0716],[134.0083,34.0811],[134.0194,34.0827],[134.0298,34.0833],[134.0335,34.0935],[134.043,34.0983],[134.0526,34.1141],[134.0619,34.1099],[134.0779,34.1146],[134.0889,34.1157],[134.0983,34.1112],[134.109,34.1139],[134.125,34.1157],[134.1337,34.1221],[134.1414,34.1301],[134.1384,34.1479],[134.1462,34.1551],[134.1529,34.1628],[134.1662,34.1666],[134.1761,34.1724],[134.193,34.1696],[134.2115,34.1718],[134.2215,34.1751],[134.2317,34.1773],[134.2465,34.1768],[134.2626,34.1801],[134.2731,34.1782],[134.2839,34.174],[134.2943,34.1759],[134.2997,34.1666],[134.3127,34.1705],[134.3234,34.1719],[134.3353,34.1714],[134.3454,34.1692],[134.35,34.1784],[134.3596,34.1818],[134.371,34.1754],[134.3786,34.1689],[134.3966,34.1603],[134.4063,34.1641],[134.4147,34.1573],[134.4248,34.1587],[134.4362,34.1666],[134.4326,34.1766],[134.4413,34.1879],[134.4435,34.205]]]]}},{"type":"Feature","properties":{"name":"愛媛県"},"geometry":{"type":"MultiPolygon","coordinates":[[[[133.6036,34.0377],[133.6064,34.036],[133.6141,34.0298],[133.625,34.0319],[133.6401,34.0238],[133.6512,34.0239],[133.6621,34.0243],[133.673,34.0206],[133.6803,34.0129],[133.6928,34.01],[133.6802,33.9913],[133.678,33.9815],[133.6836,33.969],[133.6919,33.9607],[133.6908,33.9504],[133.6951,33.9413],[133.6875,33.9315],[133.6918,33.9166],[133.6787,33.9012],[133.6806,33.8908],[133.672,33.8851],[133.6632,33.8784],[133.6531,33.8794],[133.6425,33.8781],[133.6335,33.8716],[133.619,33.8736],[133.6094,33.8783],[133.595,33.8718],[133.5856,33.8643],[133.5684,33.8716],[133.5597,33.8787],[133.5493,33.8769],[133.5403,33.8693],[133.5347,33.8608],[133.5291,33.8514],[133.5211,33.8444],[133.5107,33.8435],[133.5102,33.8331],[133.5,33.8261],[133.49,33.8271],[133.4735,33.8332],[133.4583,33.8335],[133.4404,33.8309],[133.4302,33.8333],[133.4205,33.8367],[133.4062,33.8333],[133.3951,33.823],[133.3848,33.8233],[133.3655,33.829],[133.3547,33.8285],[133.3473,33.8213],[133.3367,33.8185],[133.3282,33.8114],[133.3176,33.8127],[133.306,33.8187],[133.2902,33.8262],[133.2798,33.8277],[133.2699,33.8204],[133.265,33.8104],[133.2638,33.7996],[133.259,33.7896],[133.25,33.7851],[133.234,33.7806],[133.2235,33.7769],[133.2157,33.7844],[133.2063,33.7914],[133.1963,33.7908],[133.1932,33.7809],[133.1874,33.7715],[133.1832,33.7615],[133.1743,33.7544],[133.1645,33.7498],[133.1614,33.7386],[133.1631,33.7281],[133.1517,33.7204],[133.1426,33.7111],[133.144,33.6997],[133.1335,33.6959],[133.125,33.6899],[133.1225,33.677],[133.122,33.6666],[133.111,33.6546],[133.101,33.655],[133.0899,33.6532],[133.08,33.6503],[133.0725,33.6328],[133.071,33.6228],[133.0742,33.613],[133.0819,33.6058],[133.0687,33.5972],[133.0583,33.5919],[133.0533,33.5832],[133.0488,33.5722],[133.0633,33.56],[133.0641,33.5485],[133.0652,33.5381],[133.047,33.5265],[133.0409,33.5185],[133.0368,33.5086],[133.0284,33.5],[133.0181,33.4889],[133.0176,33.4776],[133,33.4721],[132.9897,33.4697],[132.9788,33.468],[132.9679,33.4647],[132.9567,33.4632],[132.9463,33.4686],[132.935,33.4671],[132.9244,33.4648],[132.9125,33.4654],[132.8964,33.469],[132.8858,33.4695],[132.8738,33.4677],[132.8621,33.4724],[132.8465,33.4742],[132.8362,33.472],[132.826,33.4694],[132.8193,33.4619],[132.8095,33.4568],[132.8173,33.4472],[132.8272,33.4432],[132.8283,33.4327],[132.8276,33.4224],[132.8363,33.4166],[132.835,33.4033],[132.8427,33.3948],[132.8528,33.3949],[132.8555,33.385],[132.8594,33.3736],[132.8644,33.3641],[132.875,33.3615],[132.887,33.358],[132.8942,33.3509],[132.9006,33.3426],[132.9049,33.3333],[132.9029,33.3181],[132.8985,33.3089],[132.8863,33.3037],[132.875,33.3012],[132.8669,33.295],[132.8578,33.2894],[132.8479,33.2856],[132.837,33.2846],[132.8272,33.2792],[132.8165,33.2772],[132.8068,33.2745],[132.7966,33.2715],[132.7898,33.2638],[132.7809,33.2496],[132.7773,33.2305],[132.7734,33.2204],[132.7754,33.2102],[132.7719,33.2008],[132.7609,33.1982],[132.75,33.1996],[132.7416,33.1934],[132.7397,33.1829],[132.7345,33.1732],[132.7283,33.1649],[132.7202,33.1578],[132.7125,33.1493],[132.7031,33.1442],[132.6985,33.1346],[132.6888,33.1318],[132.6829,33.1407],[132.6737,33.1474],[132.6641,33.1521],[132.6581,33.1604],[132.6499,33.1666],[132.6408,33.1709],[132.6353,33.1823],[132.625,33.1791],[132.618,33.1666],[132.6253,33.1571],[132.6329,33.1402],[132.6315,33.1293],[132.6409,33.1243],[132.6472,33.116],[132.6551,33.1077],[132.6658,33.1055],[132.6703,33.0928],[132.6722,33.0829],[132.6708,33.0712],[132.6669,33.0611],[132.6603,33.0534],[132.668,33.0466],[132.6757,33.0401],[132.681,33.0282],[132.6792,33.0178],[132.6793,33.0075],[132.6861,33.0],[132.6864,32.9852],[132.6892,32.975],[132.6887,32.9639],[132.6846,32.9544],[132.6855,32.9431],[132.6759,32.9395],[132.6649,32.9387],[132.6602,32.9175],[132.6588,32.9179],[132.648,32.9168],[132.6292,32.9122],[132.6066,32.9037],[132.6039,32.9042],[132.6,32.908],[132.6042,32.9123],[132.6034,32.914],[132.5971,32.9152],[132.5918,32.9219],[132.5914,32.9257],[132.6013,32.9353],[132.5856,32.9328],[132.5835,32.93],[132.5806,32.9342],[132.5796,32.9346],[132.5705,32.9378],[132.5692,32.9342],[132.5647,32.936],[132.562,32.9352],[132.5544,32.9383],[132.5533,32.9362],[132.5554,32.9331],[132.5646,32.9274],[132.5699,32.9259],[132.5753,32.9207],[132.5466,32.9257],[132.543,32.9293],[132.5421,32.9366],[132.5398,32.9382],[132.5322,32.9362],[132.5297,32.9384],[132.5148,32.9391],[132.5137,32.9368],[132.5152,32.9314],[132.5197,32.9312],[132.5276,32.9258],[132.5161,32.9189],[132.5064,32.9154],[132.5019,32.9113],[132.5055,32.9089],[132.5178,32.9088],[132.53,32.9121],[132.5352,32.9117],[132.5361,32.9099],[132.5304,32.9055],[132.5288,32.8979],[132.5198,32.8951],[132.5022,32.8957],[132.499,32.8912],[132.4963,32.8911],[132.4896,32.896],[132.4819,32.8987],[132.4793,32.8996],[132.4787,32.9015],[132.4829,32.9048],[132.4809,32.907],[132.4825,32.9137],[132.4772,32.9208],[132.4756,32.927],[132.4687,32.9308],[132.4668,32.9336],[132.4701,32.9379],[132.4745,32.9333],[132.4805,32.9327],[132.4851,32.9351],[132.4882,32.9317],[132.4917,32.931],[132.4932,32.9365],[132.4992,32.9342],[132.5016,32.9349],[132.504,32.9415],[132.5075,32.9453],[132.5067,32.9472],[132.4879,32.9528],[132.4853,32.9585],[132.4808,32.9599],[132.4785,32.9605],[132.4781,32.9645],[132.4906,32.966],[132.4918,32.9679],[132.4895,32.9737],[132.4948,32.9753],[132.4995,32.9816],[132.5056,32.9772],[132.5085,32.969],[132.5035,32.9659],[132.5081,32.9629],[132.5053,32.9592],[132.5107,32.9553],[132.5162,32.9599],[132.5194,32.96],[132.5237,32.9541],[132.5273,32.9555],[132.5309,32.9529],[132.5356,32.9522],[132.5384,32.9561],[132.5439,32.9554],[132.55,32.9511],[132.557,32.9503],[132.5611,32.9515],[132.5525,32.9553],[132.5483,32.9602],[132.542,32.9623],[132.5381,32.9611],[132.5304,32.9625],[132.5257,32.9665],[132.518,32.9674],[132.512,32.9739],[132.5067,32.9858],[132.5077,32.9894],[132.5061,32.9923],[132.5065,32.9996],[132.5003,33.0029],[132.4973,33.0095],[132.4953,33.0088],[132.4923,33.0011],[132.4892,33.0016],[132.4878,33.0018],[132.4846,33.0057],[132.4855,33.0128],[132.4825,33.0219],[132.4851,33.0395],[132.4801,33.0391],[132.4764,33.0344],[132.4734,33.0347],[132.4734,33.0401],[132.4703,33.0427],[132.466,33.0398],[132.4575,33.0412],[132.4561,33.0382],[132.4599,33.0321],[132.4577,33.028],[132.455,33.0279],[132.4525,33.0331],[132.4469,33.0358],[132.4446,33.0411],[132.4395,33.0434],[132.4351,33.0378],[132.4308,33.0444],[132.4236,33.0495],[132.414,33.0491],[132.416,33.0336],[132.4131,33.0276],[132.4164,33.0215],[132.4069,33.0192],[132.4048,33.0173],[132.4018,33.0082],[132.3977,33.0064],[132.3934,33.0131],[132.3857,33.0128],[132.381,33.0168],[132.3829,33.0192],[132.3889,33.0215],[132.3934,33.0208],[132.3978,33.022],[132.3996,33.0352],[132.4036,33.035],[132.4057,33.0371],[132.4059,33.0384],[132.4064,33.042],[132.3995,33.0507],[132.4023,33.055],[132.4076,33.0564],[132.4083,33.0625],[132.4136,33.0652],[132.4191,33.0652],[132.4201,33.0598],[132.4302,33.0604],[132.4323,33.0538],[132.4397,33.0489],[132.4457,33.0528],[132.4482,33.0613],[132.4503,33.0607],[132.4543,33.0536],[132.4579,33.0529],[132.4641,33.0573],[132.4747,33.0573],[132.4818,33.06],[132.4851,33.0533],[132.4891,33.0609],[132.4847,33.0649],[132.4853,33.0681],[132.4801,33.0765],[132.4781,33.0645],[132.4733,33.0691],[132.4677,33.0677],[132.4652,33.069],[132.4732,33.077],[132.4657,33.0786],[132.4673,33.0828],[132.4685,33.0861],[132.4721,33.0837],[132.4755,33.0844],[132.4827,33.0897],[132.4814,33.0913],[132.4751,33.0926],[132.4744,33.0957],[132.4772,33.0997],[132.47,33.1049],[132.4671,33.1127],[132.463,33.1151],[132.4524,33.1149],[132.4472,33.1187],[132.4645,33.1204],[132.4698,33.1226],[132.4746,33.1161],[132.4865,33.1164],[132.491,33.1197],[132.4932,33.116],[132.5063,33.1175],[132.5004,33.1244],[132.5024,33.1291],[132.5006,33.1313],[132.4899,33.1319],[132.4813,33.1354],[132.4806,33.1299],[132.4759,33.1304],[132.4748,33.1305],[132.4716,33.1352],[132.4656,33.1321],[132.46,33.1338],[132.4567,33.1263],[132.4471,33.1306],[132.4439,33.1334],[132.4474,33.1389],[132.4447,33.1422],[132.4295,33.1487],[132.4286,33.1507],[132.4302,33.1544],[132.4354,33.1539],[132.438,33.1574],[132.4378,33.1609],[132.4354,33.1635],[132.4373,33.1655],[132.4485,33.1646],[132.4532,33.1688],[132.4591,33.1657],[132.4608,33.1626],[132.4637,33.1631],[132.4663,33.1661],[132.4596,33.1705],[132.4586,33.172],[132.4563,33.1756],[132.4515,33.1773],[132.449,33.1839],[132.4436,33.1774],[132.438,33.1899],[132.4329,33.1962],[132.4255,33.2007],[132.4192,33.198],[132.4115,33.1983],[132.4074,33.1957],[132.4111,33.1923],[132.4214,33.1929],[132.4223,33.1904],[132.4207,33.1845],[132.413,33.1834],[132.4091,33.1786],[132.4122,33.176],[132.4106,33.1739],[132.404,33.1749],[132.4043,33.1793],[132.3991,33.183],[132.3996,33.184],[132.4007,33.186],[132.4,33.1893],[132.3931,33.1941],[132.3969,33.1976],[132.3979,33.202],[132.4212,33.2062],[132.4262,33.2106],[132.4291,33.2067],[132.4512,33.1971],[132.4622,33.205],[132.4661,33.2029],[132.4606,33.1993],[132.4595,33.1964],[132.4622,33.1956],[132.4617,33.1919],[132.4584,33.188],[132.4613,33.1852],[132.4647,33.1774],[132.4684,33.1767],[132.4689,33.1759],[132.4704,33.1734],[132.4773,33.1739],[132.4835,33.1785],[132.4897,33.1781],[132.4868,33.1727],[132.4875,33.1682],[132.4825,33.1632],[132.4912,33.1581],[132.4941,33.1605],[132.4949,33.1643],[132.4996,33.1644],[132.4997,33.1726],[132.4967,33.1767],[132.4981,33.1792],[132.5084,33.1763],[132.5063,33.1634],[132.5171,33.167],[132.5136,33.1708],[132.5135,33.1781],[132.5104,33.1801],[132.5084,33.185],[132.5035,33.1842],[132.4924,33.1878],[132.4945,33.1902],[132.5057,33.1899],[132.5091,33.1921],[132.5069,33.195],[132.5029,33.1957],[132.5009,33.2012],[132.5035,33.2041],[132.5067,33.1998],[132.5111,33.201],[132.5188,33.2105],[132.5221,33.2093],[132.5337,33.2102],[132.537,33.2126],[132.5488,33.2111],[132.5429,33.2195],[132.5462,33.2229],[132.5522,33.2161],[132.5582,33.215],[132.5551,33.2189],[132.5585,33.224],[132.5555,33.23],[132.5507,33.2269],[132.5464,33.2275],[132.5355,33.2334],[132.534,33.2384],[132.5269,33.2406],[132.525,33.2428],[132.5273,33.2469],[132.5437,33.2525],[132.5445,33.2555],[132.5423,33.2602],[132.5363,33.2558],[132.5223,33.2565],[132.519,33.2591],[132.5175,33.2549],[132.509,33.2548],[132.5051,33.2638],[132.5,33.2645],[132.4938,33.2653],[132.4867,33.2692],[132.4834,33.2647],[132.489,33.2624],[132.4804,33.2558],[132.4785,33.2491],[132.4752,33.251],[132.474,33.2541],[132.4767,33.2611],[132.4763,33.2678],[132.4861,33.2809],[132.4863,33.2857],[132.4968,33.2936],[132.5013,33.294],[132.5036,33.2974],[132.507,33.2979],[132.5089,33.3003],[132.5275,33.3006],[132.5284,33.3027],[132.5266,33.3078],[132.5211,33.3089],[132.5142,33.313],[132.5085,33.3072],[132.5056,33.3062],[132.5003,33.3081],[132.4957,33.3173],[132.4927,33.311],[132.4876,33.3135],[132.4734,33.314],[132.4718,33.3119],[132.4727,33.3075],[132.4664,33.305],[132.4548,33.3039],[132.4437,33.3066],[132.4391,33.3098],[132.4375,33.3154],[132.4358,33.3147],[132.4282,33.299],[132.4233,33.2979],[132.4164,33.3017],[132.4122,33.3011],[132.4053,33.3042],[132.4007,33.3115],[132.3922,33.312],[132.3843,33.3161],[132.3798,33.3116],[132.3759,33.3147],[132.3736,33.3205],[132.3743,33.3264],[132.3816,33.3335],[132.3853,33.3345],[132.3908,33.3393],[132.3949,33.3372],[132.3985,33.3436],[132.4077,33.3441],[132.4135,33.3416],[132.4162,33.3432],[132.412,33.3472],[132.4226,33.3533],[132.4201,33.3586],[132.4147,33.3569],[132.4126,33.3581],[132.4174,33.3714],[132.4241,33.3754],[132.422,33.3781],[132.419,33.379],[132.4031,33.365],[132.3974,33.3634],[132.3936,33.3603],[132.3908,33.3612],[132.3922,33.3636],[132.3867,33.3776],[132.3811,33.3807],[132.3864,33.3876],[132.3941,33.3893],[132.3979,33.3958],[132.3917,33.4001],[132.3962,33.4043],[132.3966,33.4074],[132.391,33.4132],[132.3861,33.412],[132.3848,33.4134],[132.4027,33.4277],[132.407,33.4216],[132.41,33.4209],[132.4109,33.4232],[132.4094,33.4279],[132.4158,33.4382],[132.4128,33.4383],[132.4078,33.4385],[132.3959,33.4343],[132.3926,33.4359],[132.3876,33.4359],[132.3869,33.439],[132.3952,33.4424],[132.4044,33.4426],[132.41,33.4445],[132.414,33.4486],[132.4189,33.4502],[132.4267,33.4582],[132.4207,33.4582],[132.4125,33.4546],[132.4072,33.4556],[132.4023,33.4538],[132.3913,33.455],[132.3918,33.4638],[132.396,33.465],[132.4008,33.4625],[132.4043,33.4639],[132.4035,33.4688],[132.3997,33.4692],[132.3932,33.4699],[132.3896,33.4683],[132.3808,33.455],[132.376,33.4609],[132.375,33.4669],[132.3678,33.4744],[132.3619,33.4783],[132.3591,33.4787],[132.3543,33.4843],[132.3509,33.4831],[132.3516,33.4796],[132.3563,33.475],[132.3563,33.4708],[132.3517,33.469],[132.3414,33.4709],[132.3348,33.4683],[132.3313,33.4692],[132.3265,33.4609],[132.3231,33.4497],[132.3201,33.4496],[132.3198,33.4506],[132.3174,33.4585],[132.3076,33.4685],[132.3044,33.469],[132.2974,33.4606],[132.2923,33.4583],[132.2875,33.4454],[132.2835,33.4409],[132.2751,33.4406],[132.2681,33.4369],[132.2619,33.4363],[132.2512,33.4309],[132.2418,33.4213],[132.2276,33.4216],[132.2137,33.4139],[132.2097,33.4117],[132.1978,33.4083],[132.1908,33.4078],[132.1804,33.3986],[132.1652,33.3903],[132.1612,33.386],[132.1618,33.3751],[132.1583,33.3666],[132.1515,33.3685],[132.1437,33.3648],[132.1415,33.3651],[132.1373,33.36],[132.1236,33.36],[132.1193,33.3578],[132.1109,33.3566],[132.108,33.3641],[132.1077,33.365],[132.109,33.3682],[132.1141,33.3695],[132.1217,33.3683],[132.1179,33.3726],[132.1211,33.3777],[132.1256,33.3781],[132.125,33.3839],[132.1159,33.3817],[132.1092,33.382],[132.0865,33.3748],[132.0833,33.3701],[132.0808,33.3696],[132.0762,33.3721],[132.0742,33.3677],[132.0666,33.3661],[132.0633,33.3628],[132.0601,33.3623],[132.0587,33.3595],[132.0616,33.3529],[132.0533,33.3503],[132.0459,33.345],[132.0397,33.3406],[132.0298,33.3395],[132.0275,33.3409],[132.0477,33.3651],[132.0643,33.3754],[132.0842,33.3843],[132.0884,33.3929],[132.0922,33.3957],[132.1097,33.4029],[132.1201,33.4124],[132.1244,33.4162],[132.131,33.4184],[132.1348,33.4133],[132.1371,33.4028],[132.1389,33.402],[132.1406,33.4021],[132.1397,33.405],[132.1456,33.4163],[132.149,33.4172],[132.1544,33.4139],[132.16,33.407],[132.163,33.4067],[132.1668,33.4106],[132.17,33.4112],[132.1704,33.4175],[132.1665,33.4192],[132.1636,33.423],[132.1495,33.4298],[132.1546,33.4327],[132.1643,33.4364],[132.1671,33.4313],[132.1714,33.4286],[132.1751,33.4264],[132.1803,33.426],[132.181,33.431],[132.1769,33.443],[132.1788,33.4447],[132.1899,33.4468],[132.1941,33.443],[132.1978,33.4432],[132.2009,33.441],[132.2023,33.4429],[132.2005,33.4485],[132.202,33.4523],[132.2054,33.4537],[132.2102,33.4481],[132.2194,33.4432],[132.2327,33.4429],[132.2305,33.4501],[132.2312,33.4545],[132.2346,33.4574],[132.243,33.4573],[132.2451,33.4603],[132.251,33.4616],[132.252,33.4589],[132.2528,33.4568],[132.2486,33.4552],[132.25,33.4534],[132.2555,33.453],[132.2593,33.447],[132.2652,33.4485],[132.2698,33.4602],[132.2692,33.4662],[132.2636,33.4681],[132.2633,33.4698],[132.2788,33.4729],[132.2804,33.4713],[132.2826,33.4715],[132.286,33.4784],[132.2883,33.4755],[132.2923,33.4761],[132.294,33.4814],[132.306,33.4848],[132.3098,33.4893],[132.3141,33.4898],[132.3214,33.4906],[132.3273,33.4958],[132.3407,33.502],[132.3435,33.501],[132.3483,33.505],[132.3602,33.5094],[132.3667,33.5144],[132.3764,33.5184],[132.386,33.525],[132.3914,33.526],[132.3926,33.5234],[132.3953,33.5235],[132.4008,33.5289],[132.4032,33.5292],[132.4071,33.5362],[132.4103,33.5372],[132.4186,33.5452],[132.4262,33.5468],[132.4314,33.5526],[132.4364,33.5609],[132.4381,33.5672],[132.4456,33.5719],[132.4492,33.5787],[132.4583,33.5857],[132.4638,33.5953],[132.4722,33.6015],[132.476,33.6035],[132.4812,33.6104],[132.4918,33.6173],[132.5075,33.6226],[132.521,33.6316],[132.5215,33.6319],[132.5375,33.6398],[132.558,33.6439],[132.6031,33.6597],[132.6146,33.6683],[132.6229,33.6767],[132.6347,33.6807],[132.6503,33.6918],[132.6566,33.6963],[132.666,33.7077],[132.6895,33.7436],[132.7022,33.7585],[132.7035,33.7631],[132.701,33.778],[132.6954,33.7948],[132.6962,33.7992],[132.7,33.8022],[132.6958,33.8058],[132.7043,33.8316],[132.707,33.8465],[132.7101,33.851],[132.7165,33.8525],[132.7174,33.8542],[132.7141,33.8608],[132.7155,33.8675],[132.7138,33.8708],[132.7055,33.8766],[132.7138,33.8921],[132.7179,33.9041],[132.7295,33.8998],[132.7322,33.8988],[132.737,33.8921],[132.74,33.8982],[132.75,33.9025],[132.7575,33.9078],[132.7628,33.923],[132.7716,33.9411],[132.777,33.9795],[132.7789,33.9871],[132.7699,33.997],[132.7731,33.9986],[132.7799,33.9975],[132.7851,34.0038],[132.7986,34.009],[132.8046,34.009],[132.8222,34.0219],[132.831,34.0283],[132.8418,34.0331],[132.8517,34.0417],[132.8598,34.0431],[132.863,34.045],[132.8672,34.0523],[132.8716,34.0549],[132.8794,34.0529],[132.8859,34.0544],[132.8992,34.0581],[132.9079,34.0649],[132.9107,34.0654],[132.9184,34.0611],[132.9229,34.061],[132.9253,34.0636],[132.9281,34.0829],[132.9291,34.0833],[132.9358,34.0863],[132.9325,34.1023],[132.9281,34.1057],[132.9164,34.1088],[132.9015,34.105],[132.9001,34.1089],[132.9009,34.1119],[132.8975,34.1161],[132.8988,34.1187],[132.9083,34.1157],[132.9128,34.1158],[132.919,34.1223],[132.9223,34.1209],[132.9266,34.115],[132.9329,34.1148],[132.9423,34.1222],[132.9479,34.1353],[132.9484,34.1366],[132.9537,34.1257],[132.9591,34.1188],[132.964,34.1158],[132.9695,34.115],[132.9716,34.1088],[132.9766,34.1035],[132.9784,34.1073],[132.9852,34.1132],[132.9872,34.1118],[132.991,34.1012],[132.9948,34.0957],[132.9987,34.0802],[133.023,34.0603],[133.0257,34.055],[133.0346,34.0427],[133.0429,34.0365],[133.0465,34.0228],[133.0558,34.0106],[133.0657,33.993],[133.0724,33.9779],[133.0706,33.9739],[133.0749,33.9659],[133.0774,33.9559],[133.081,33.9538],[133.0875,33.9542],[133.0914,33.951],[133.0918,33.9494],[133.0944,33.9387],[133.0956,33.9402],[133.0984,33.9391],[133.1034,33.9401],[133.1076,33.935],[133.1133,33.9318],[133.1225,33.921],[133.1257,33.9278],[133.1307,33.9284],[133.1321,33.9251],[133.1301,33.92],[133.1368,33.9134],[133.1351,33.9185],[133.1372,33.923],[133.1411,33.9258],[133.1429,33.9231],[133.1547,33.9168],[133.1595,33.917],[133.1612,33.9239],[133.1673,33.9266],[133.1693,33.9263],[133.1779,33.9253],[133.1806,33.931],[133.1846,33.9332],[133.1984,33.9313],[133.2002,33.9295],[133.2087,33.9354],[133.2279,33.9441],[133.2401,33.9447],[133.259,33.9526],[133.2593,33.9695],[133.2569,33.9723],[133.2648,33.977],[133.2662,33.9659],[133.2745,33.9662],[133.2823,33.976],[133.2932,33.973],[133.2953,33.9772],[133.305,33.9788],[133.3215,33.9853],[133.327,33.9922],[133.3341,33.9897],[133.3393,33.9779],[133.3444,33.9756],[133.3456,33.9779],[133.3439,33.9829],[133.3464,33.9886],[133.3588,33.9791],[133.3657,33.9764],[133.3725,33.9758],[133.4018,33.9879],[133.4056,33.9861],[133.4161,33.9866],[133.4248,33.9821],[133.4386,33.9829],[133.4494,33.9801],[133.4568,33.9786],[133.4588,33.9772],[133.4597,33.9726],[133.4646,33.9707],[133.4695,33.9723],[133.4852,33.9675],[133.5014,33.9652],[133.5213,33.967],[133.5413,33.9753],[133.5453,33.9804],[133.5582,33.9906],[133.5708,34.008],[133.5765,34.0158],[133.5841,34.0201],[133.5901,34.0272],[133.5996,34.0333],[133.6036,34.0377]]]]}},{"type":"Feature","properties":{"name":"福岡県"},"geometry":{"type":"MultiPolygon","coordinates":[[[[131.1754,33.5833],[131.1805,33.5689],[131.1891,33.5622],[131.1906,33.5493],[131.1875,33.5395],[131.1797,33.5333],[131.1707,33.527],[131.171,33.5165],[131.1773,33.5074],[131.1608,33.5045],[131.1503,33.5017],[131.1335,33.502],[131.1141,33.503],[131.1032,33.5019],[131.0925,33.5034],[131.0802,33.5028],[131.0643,33.5063],[131.0538,33.5067],[131.0434,33.5115],[131.0309,33.5142],[131.0217,33.5093],[131.0119,33.5066],[131.0002,33.5071],[130.9839,33.5044],[130.9735,33.5],[130.9653,33.4942],[130.9561,33.487],[130.9438,33.4801],[130.934,33.4761],[130.931,33.4634],[130.9211,33.4523],[130.9129,33.4465],[130.9023,33.4457],[130.8996,33.4343],[130.8933,33.4246],[130.8928,33.4064],[130.8895,33.3958],[130.8871,33.3859],[130.8869,33.3752],[130.875,33.3737],[130.8619,33.3698],[130.8592,33.3551],[130.8463,33.3477],[130.8382,33.3403],[130.8532,33.3333],[130.859,33.3238],[130.8598,33.3123],[130.8647,33.3026],[130.8678,33.293],[130.8627,33.2834],[130.8551,33.2759],[130.8605,33.2658],[130.8445,33.2539],[130.8344,33.2545],[130.8284,33.2381],[130.8362,33.2304],[130.8467,33.2301],[130.8426,33.2143],[130.8452,33.2039],[130.8562,33.1968],[130.8653,33.1912],[130.875,33.1879],[130.885,33.1837],[130.8879,33.1728],[130.8777,33.1666],[130.8794,33.1562],[130.8772,33.1453],[130.8714,33.1343],[130.8685,33.1236],[130.8633,33.1137],[130.8557,33.1061],[130.8456,33.1032],[130.8316,33.1032],[130.8218,33.1089],[130.8115,33.1129],[130.8012,33.1171],[130.7915,33.1207],[130.7802,33.1202],[130.768,33.1252],[130.7587,33.1297],[130.75,33.1374],[130.7407,33.1425],[130.7343,33.1511],[130.7238,33.1486],[130.7141,33.1518],[130.7036,33.1491],[130.6933,33.1495],[130.6932,33.1606],[130.6852,33.1666],[130.6746,33.1553],[130.6694,33.1449],[130.6711,33.135],[130.6639,33.1264],[130.6621,33.1159],[130.6583,33.1053],[130.6482,33.1072],[130.6378,33.1084],[130.6251,33.1076],[130.6152,33.1053],[130.6053,33.1104],[130.593,33.1104],[130.5823,33.1127],[130.5735,33.1057],[130.5641,33.1008],[130.5659,33.0898],[130.5556,33.08],[130.5444,33.0783],[130.5361,33.0696],[130.5284,33.063],[130.5185,33.0609],[130.5083,33.0554],[130.5,33.0489],[130.5067,33.0325],[130.5097,33.0219],[130.5157,33.013],[130.5093,33.0031],[130.4826,33.0],[130.4694,32.9994],[130.4242,33.0034],[130.4247,33.0053],[130.4306,33.0062],[130.4322,33.0078],[130.4313,33.0104],[130.4283,33.0109],[130.4276,33.0106],[130.4153,33.0056],[130.4144,33.008],[130.422,33.0183],[130.4263,33.0202],[130.4304,33.0275],[130.4321,33.0347],[130.4346,33.0374],[130.4425,33.0386],[130.4451,33.0436],[130.4398,33.0604],[130.4357,33.0656],[130.4285,33.068],[130.4217,33.0728],[130.4207,33.0769],[130.422,33.0822],[130.4314,33.0978],[130.4299,33.0983],[130.4208,33.0941],[130.4149,33.094],[130.4119,33.0907],[130.4002,33.0975],[130.4059,33.1079],[130.4044,33.1101],[130.398,33.1033],[130.3851,33.1067],[130.3791,33.1102],[130.3778,33.1149],[130.3801,33.1324],[130.3712,33.1357],[130.3629,33.1469],[130.3564,33.1463],[130.3552,33.1402],[130.3526,33.1374],[130.3528,33.1399],[130.3578,33.1674],[130.3618,33.1892],[130.3628,33.1993],[130.375,33.2164],[130.3809,33.2283],[130.3927,33.2436],[130.4034,33.25],[130.4197,33.2614],[130.4381,33.2687],[130.4515,33.2773],[130.4655,33.2896],[130.4736,33.3025],[130.4864,33.3043],[130.4912,33.3147],[130.5,33.3228],[130.5125,33.3409],[130.5382,33.3395],[130.5397,33.3502],[130.5428,33.362],[130.544,33.3972],[130.5437,33.4166],[130.5394,33.4354],[130.5301,33.4401],[130.5186,33.4443],[130.5082,33.443],[130.4911,33.4369],[130.481,33.4339],[130.4713,33.4293],[130.4608,33.417],[130.4496,33.4148],[130.4426,33.4071],[130.4305,33.3935],[130.4149,33.4038],[130.4087,33.4128],[130.3989,33.4239],[130.3869,33.4243],[130.3705,33.4317],[130.36,33.4309],[130.3515,33.4372],[130.342,33.4411],[130.3326,33.4492],[130.3222,33.4553],[130.3123,33.4588],[130.3004,33.4592],[130.2932,33.4664],[130.2832,33.4717],[130.2736,33.4766],[130.2598,33.4731],[130.25,33.4677],[130.2401,33.4714],[130.2293,33.4734],[130.2186,33.4762],[130.2062,33.4779],[130.1969,33.4731],[130.1887,33.4652],[130.171,33.4643],[130.1628,33.4715],[130.1531,33.4744],[130.144,33.4695],[130.1239,33.4722],[130.1076,33.4728],[130.0992,33.4666],[130.088,33.4664],[130.0759,33.4658],[130.0629,33.469],[130.0528,33.4659],[130.0413,33.4665],[130.0413,33.4671],[130.0514,33.4863],[130.0499,33.4896],[130.0533,33.4936],[130.0662,33.4943],[130.0719,33.4982],[130.0913,33.5043],[130.0947,33.5024],[130.0982,33.5033],[130.1077,33.5122],[130.1111,33.5124],[130.1125,33.5072],[130.1287,33.5052],[130.1328,33.5092],[130.1335,33.5141],[130.1341,33.5187],[130.1311,33.521],[130.1373,33.5249],[130.1437,33.5261],[130.1573,33.5332],[130.1706,33.548],[130.1746,33.5505],[130.1815,33.5515],[130.1711,33.5543],[130.1669,33.5567],[130.1625,33.5559],[130.153,33.5465],[130.148,33.5439],[130.1452,33.544],[130.1423,33.5489],[130.1387,33.5503],[130.1353,33.5499],[130.1202,33.5417],[130.119,33.5444],[130.1226,33.5523],[130.1256,33.5552],[130.1351,33.5553],[130.1387,33.5624],[130.1312,33.5633],[130.1281,33.5675],[130.118,33.5657],[130.1074,33.5579],[130.1055,33.5566],[130.1023,33.5589],[130.0997,33.57],[130.0939,33.5733],[130.0921,33.5765],[130.0931,33.5799],[130.1085,33.5839],[130.1103,33.5924],[130.1137,33.5939],[130.1203,33.5892],[130.1325,33.5843],[130.1385,33.5842],[130.1528,33.5915],[130.1598,33.5984],[130.1634,33.6059],[130.1575,33.6168],[130.1592,33.6208],[130.1602,33.6233],[130.1676,33.6275],[130.1728,33.6282],[130.1732,33.6242],[130.1793,33.6256],[130.2041,33.6371],[130.2059,33.6424],[130.2115,33.644],[130.2133,33.6464],[130.2082,33.6567],[130.2077,33.66],[130.2098,33.6623],[130.2127,33.663],[130.2246,33.6551],[130.2328,33.6527],[130.2408,33.6433],[130.2414,33.6415],[130.2348,33.6309],[130.2332,33.6284],[130.2372,33.6161],[130.2411,33.6117],[130.2529,33.608],[130.2596,33.6086],[130.2659,33.6069],[130.272,33.6095],[130.2762,33.6093],[130.2809,33.601],[130.2763,33.5924],[130.2735,33.591],[130.2713,33.5865],[130.2736,33.5826],[130.2839,33.579],[130.2946,33.5796],[130.2989,33.578],[130.3136,33.5821],[130.3178,33.5891],[130.3157,33.5937],[130.3352,33.5896],[130.3434,33.5901],[130.3524,33.5872],[130.3572,33.586],[130.3647,33.5866],[130.3678,33.5885],[130.3767,33.5923],[130.3824,33.5977],[130.3876,33.5943],[130.3829,33.5899],[130.3853,33.5876],[130.3963,33.5907],[130.3993,33.5945],[130.4043,33.593],[130.4039,33.5995],[130.4091,33.5996],[130.408,33.6041],[130.4149,33.6055],[130.4153,33.6163],[130.4199,33.6154],[130.4236,33.625],[130.4221,33.628],[130.4248,33.6343],[130.4234,33.6402],[130.4254,33.646],[130.4296,33.6466],[130.4314,33.6488],[130.4365,33.6487],[130.4397,33.6524],[130.4375,33.6573],[130.4395,33.6608],[130.4322,33.671],[130.4343,33.6764],[130.4331,33.6784],[130.4258,33.6801],[130.4149,33.6778],[130.4117,33.6741],[130.412,33.6708],[130.406,33.6679],[130.3984,33.6652],[130.3777,33.6626],[130.3726,33.6579],[130.3681,33.6537],[130.3665,33.6461],[130.3679,33.6407],[130.3668,33.6386],[130.3631,33.6378],[130.3523,33.6447],[130.3427,33.6473],[130.3392,33.6467],[130.3349,33.6502],[130.3328,33.6547],[130.3268,33.6575],[130.3475,33.6586],[130.3636,33.6662],[130.3716,33.6665],[130.388,33.6738],[130.3963,33.6783],[130.4029,33.6818],[130.4195,33.6965],[130.4247,33.7097],[130.4296,33.7144],[130.4401,33.7143],[130.4469,33.7172],[130.4542,33.7226],[130.4624,33.7327],[130.4727,33.7552],[130.4757,33.7681],[130.474,33.7737],[130.4733,33.7742],[130.4686,33.778],[130.4632,33.7802],[130.4541,33.7789],[130.4527,33.7771],[130.4494,33.7815],[130.4492,33.7861],[130.4536,33.7943],[130.4489,33.8106],[130.4543,33.8111],[130.4583,33.8077],[130.4698,33.8088],[130.4757,33.8126],[130.4811,33.8209],[130.4864,33.8362],[130.4818,33.85],[130.4825,33.8538],[130.4844,33.8541],[130.4863,33.8544],[130.4961,33.8474],[130.5037,33.8484],[130.5232,33.856],[130.5292,33.8619],[130.5308,33.8675],[130.534,33.8754],[130.529,33.881],[130.5288,33.8841],[130.5315,33.8846],[130.5394,33.8836],[130.5586,33.8873],[130.5689,33.8875],[130.5695,33.8819],[130.5718,33.8782],[130.578,33.8754],[130.5905,33.8733],[130.6102,33.8746],[130.6302,33.8775],[130.6458,33.8828],[130.651,33.8845],[130.6629,33.8933],[130.6654,33.8963],[130.6632,33.8983],[130.6664,33.9024],[130.6668,33.905],[130.6676,33.9098],[130.6711,33.9138],[130.6857,33.9191],[130.6894,33.9237],[130.6888,33.9308],[130.6968,33.9316],[130.7023,33.9355],[130.7179,33.9348],[130.7253,33.9325],[130.7268,33.9326],[130.7257,33.9345],[130.7543,33.9195],[130.7704,33.9087],[130.775,33.9076],[130.7814,33.9089],[130.7827,33.9091],[130.7867,33.9118],[130.7883,33.9211],[130.7775,33.9186],[130.7717,33.919],[130.7667,33.925],[130.7677,33.9288],[130.7712,33.9323],[130.8124,33.951],[130.8261,33.9523],[130.8361,33.9566],[130.8403,33.9561],[130.8429,33.9527],[130.8368,33.9436],[130.8359,33.9403],[130.8338,33.932],[130.8295,33.9295],[130.8194,33.9269],[130.8196,33.9252],[130.827,33.9229],[130.8298,33.9194],[130.8304,33.9147],[130.8245,33.9091],[130.8254,33.9037],[130.823,33.8982],[130.8144,33.8898],[130.8066,33.8865],[130.7938,33.8842],[130.7799,33.8755],[130.7575,33.8735],[130.7552,33.8705],[130.7576,33.8691],[130.7639,33.8678],[130.7839,33.8707],[130.8016,33.8771],[130.8056,33.8754],[130.8061,33.8693],[130.8083,33.8662],[130.8123,33.8693],[130.8154,33.8837],[130.8261,33.8943],[130.8279,33.9012],[130.8365,33.9101],[130.8374,33.9175],[130.8513,33.923],[130.8612,33.9346],[130.8712,33.9418],[130.9074,33.8993],[130.9042,33.8944],[130.8963,33.8998],[130.8909,33.8979],[130.8882,33.8984],[130.8845,33.9044],[130.8758,33.9036],[130.8727,33.9021],[130.8683,33.8944],[130.8709,33.8917],[130.8757,33.8893],[130.8813,33.8919],[130.8841,33.8908],[130.8865,33.8848],[130.8948,33.8875],[130.8967,33.8831],[130.9035,33.8854],[130.9128,33.8849],[130.9215,33.8874],[130.9327,33.9025],[130.9375,33.9153],[130.9409,33.9131],[130.9479,33.9277],[130.9529,33.9323],[130.9666,33.9395],[130.9685,33.9477],[130.9655,33.9518],[130.9671,33.9539],[130.9818,33.9513],[130.9882,33.9533],[130.9909,33.9499],[130.9954,33.9507],[130.9995,33.9535],[131.0054,33.9542],[131.017,33.9529],[131.0285,33.954],[131.0289,33.9522],[131.0235,33.9436],[131.0275,33.9392],[131.0263,33.9364],[131.0258,33.9353],[131.0162,33.9325],[131.013,33.9288],[131.0132,33.9226],[131.0042,33.919],[131.0026,33.9168],[131.0187,33.9124],[131.0151,33.9095],[131.008,33.9075],[131.0059,33.9017],[131.0119,33.8953],[131.0035,33.8962],[130.9951,33.8991],[130.9925,33.896],[130.9909,33.8901],[130.9923,33.885],[130.9842,33.8693],[130.9848,33.86],[130.9849,33.8585],[130.9909,33.8517],[130.9909,33.8414],[130.9868,33.8393],[130.9826,33.8287],[130.9724,33.8338],[130.9676,33.835],[130.9629,33.8337],[130.9618,33.828],[130.9661,33.8188],[130.9832,33.7992],[130.9881,33.7995],[130.9916,33.803],[130.9921,33.8107],[131.0126,33.8111],[131.0144,33.81],[131.017,33.8049],[131.0143,33.7937],[131.0181,33.7763],[131.0226,33.7755],[131.0278,33.777],[131.0304,33.7742],[131.0295,33.7622],[131.0308,33.7546],[131.0313,33.751],[131.0275,33.7448],[131.0251,33.7371],[131.0233,33.7301],[131.025,33.7233],[131.0331,33.7187],[131.0318,33.7055],[131.0376,33.6974],[131.0391,33.691],[131.0446,33.6871],[131.0488,33.6875],[131.0543,33.6844],[131.0568,33.6772],[131.066,33.6664],[131.0701,33.6553],[131.0774,33.6496],[131.0795,33.6455],[131.0771,33.6371],[131.0784,33.633],[131.0867,33.6319],[131.1033,33.616],[131.1104,33.6134],[131.1116,33.6187],[131.1145,33.6197],[131.1179,33.6169],[131.1232,33.6193],[131.13,33.6185],[131.1347,33.6198],[131.1756,33.6159],[131.1846,33.6168],[131.1887,33.6147],[131.183,33.6033],[131.183,33.5989],[131.1877,33.6009],[131.1754,33.5833]]]]}},{"type":"Feature","properties":{"name":"高知県"},"geometry":{"type":"MultiPolygon","coordinates":[[[[133.6094,33.8783],[133.619,33.8736],[133.6335,33.8716],[133.6425,33.8781],[133.6531,33.8794],[133.6632,33.8784],[133.6654,33.8682],[133.6736,33.8619],[133.6821,33.8557],[133.6921,33.8537],[133.7009,33.8485],[133.7111,33.8481],[133.7215,33.846],[133.7336,33.8476],[133.7435,33.8422],[133.7502,33.8336],[133.7704,33.8366],[133.7819,33.8388],[133.7909,33.8333],[133.8079,33.8333],[133.8207,33.8341],[133.8312,33.8416],[133.842,33.8409],[133.8564,33.8301],[133.8634,33.8212],[133.8707,33.8123],[133.875,33.8028],[133.8876,33.8],[133.8981,33.7997],[133.904,33.7907],[133.9148,33.7891],[133.9239,33.7947],[133.9349,33.7966],[133.9459,33.7977],[133.9529,33.8056],[133.9548,33.8171],[133.9579,33.8276],[133.9672,33.8318],[133.9776,33.8333],[133.9872,33.8375],[133.9925,33.8262],[134,33.8179],[134.0155,33.8187],[134.0262,33.8216],[134.0358,33.8252],[134.0395,33.8157],[134.0361,33.8061],[134.0444,33.7983],[134.0489,33.7882],[134.0576,33.7816],[134.0615,33.7719],[134.0613,33.7602],[134.0594,33.75],[134.0641,33.7352],[134.0706,33.7267],[134.0677,33.7164],[134.0689,33.706],[134.0665,33.6873],[134.0815,33.6866],[134.0925,33.6895],[134.1038,33.6909],[134.1141,33.6919],[134.1264,33.6926],[134.1362,33.6901],[134.1451,33.6843],[134.1559,33.6828],[134.1665,33.6849],[134.1781,33.675],[134.1724,33.6662],[134.178,33.6509],[134.1729,33.6383],[134.165,33.6318],[134.154,33.6281],[134.1569,33.6185],[134.1588,33.6081],[134.1728,33.5983],[134.1802,33.5906],[134.188,33.583],[134.1965,33.5675],[134.1985,33.5574],[134.2135,33.5626],[134.2246,33.562],[134.2319,33.5551],[134.2583,33.5499],[134.2684,33.5527],[134.2784,33.5568],[134.2901,33.5562],[134.2993,33.5518],[134.308,33.5466],[134.316,33.5424],[134.308,33.5434],[134.3059,33.5381],[134.3029,33.5372],[134.2997,33.5384],[134.2979,33.5319],[134.2915,33.5276],[134.289,33.5227],[134.2903,33.52],[134.2958,33.5177],[134.2834,33.5072],[134.2732,33.4919],[134.2598,33.4762],[134.2568,33.4688],[134.2486,33.4593],[134.2464,33.4433],[134.2262,33.4127],[134.2184,33.3916],[134.2209,33.3819],[134.2115,33.365],[134.2088,33.3568],[134.2083,33.3474],[134.2015,33.3171],[134.2014,33.3163],[134.191,33.2827],[134.1917,33.2681],[134.1886,33.2493],[134.1839,33.2402],[134.1807,33.2407],[134.1744,33.2515],[134.1646,33.2619],[134.1536,33.2785],[134.1391,33.2924],[134.1308,33.2937],[134.124,33.2902],[134.1198,33.2899],[134.1145,33.2918],[134.1121,33.2966],[134.1131,33.3037],[134.1056,33.3204],[134.0849,33.3327],[134.0797,33.3378],[134.0731,33.3499],[134.067,33.3544],[134.0527,33.3651],[134.0453,33.3656],[134.0417,33.3682],[134.0396,33.3727],[134.0429,33.3849],[134.0407,33.3976],[134.0344,33.4072],[134.027,33.4127],[134.0152,33.4153],[134.0056,33.4201],[133.9962,33.4199],[133.9904,33.4229],[133.9857,33.4284],[133.9754,33.4311],[133.9554,33.4429],[133.9493,33.4526],[133.9465,33.4604],[133.947,33.4688],[133.9451,33.4742],[133.9331,33.4831],[133.927,33.485],[133.9193,33.4867],[133.9079,33.4912],[133.9004,33.4923],[133.89,33.497],[133.8742,33.5004],[133.8668,33.4988],[133.8479,33.4985],[133.8449,33.5003],[133.8406,33.5069],[133.8364,33.5082],[133.7855,33.5109],[133.7781,33.5103],[133.7736,33.51],[133.7617,33.5132],[133.7584,33.5162],[133.7575,33.5281],[133.7486,33.5319],[133.7344,33.5315],[133.693,33.5281],[133.6805,33.5278],[133.6781,33.5265],[133.6662,33.5257],[133.6578,33.5224],[133.6422,33.5215],[133.593,33.5121],[133.5852,33.5077],[133.5746,33.499],[133.5739,33.4969],[133.5774,33.4964],[133.579,33.4935],[133.5708,33.4881],[133.494,33.4598],[133.4862,33.4621],[133.4842,33.4675],[133.4774,33.4708],[133.4758,33.4677],[133.4796,33.4663],[133.4821,33.4585],[133.4854,33.4565],[133.4889,33.4574],[133.4914,33.456],[133.489,33.4536],[133.4767,33.4516],[133.4705,33.448],[133.4684,33.4468],[133.4637,33.4414],[133.4508,33.445],[133.4469,33.4445],[133.4395,33.4355],[133.4332,33.4328],[133.4278,33.4356],[133.4263,33.4435],[133.4222,33.4444],[133.4192,33.44],[133.4142,33.4394],[133.4114,33.4412],[133.4073,33.4396],[133.4027,33.4409],[133.4005,33.44],[133.409,33.4334],[133.4099,33.4307],[133.4084,33.429],[133.402,33.4286],[133.397,33.4239],[133.3923,33.4235],[133.3839,33.4262],[133.3735,33.4241],[133.3706,33.4235],[133.3566,33.4141],[133.3582,33.4123],[133.3657,33.4109],[133.3669,33.4053],[133.3706,33.4049],[133.3737,33.408],[133.376,33.4193],[133.3838,33.4112],[133.3881,33.4094],[133.3893,33.4174],[133.395,33.4161],[133.3991,33.4206],[133.4048,33.4139],[133.4075,33.4162],[133.4069,33.4242],[133.4133,33.4258],[133.4202,33.4346],[133.4232,33.4332],[133.4255,33.4298],[133.4272,33.4273],[133.4314,33.427],[133.4345,33.4245],[133.4382,33.4253],[133.4395,33.4293],[133.4457,33.4311],[133.447,33.4349],[133.4574,33.4287],[133.4632,33.4287],[133.463,33.4262],[133.4604,33.4236],[133.4595,33.4161],[133.4505,33.4166],[133.4418,33.4089],[133.4339,33.4095],[133.4307,33.4067],[133.4242,33.4078],[133.4229,33.4065],[133.4234,33.4042],[133.4217,33.4039],[133.4164,33.4059],[133.4151,33.4049],[133.4138,33.4017],[133.411,33.3982],[133.4103,33.3948],[133.4077,33.3931],[133.4042,33.3997],[133.4013,33.3992],[133.3998,33.3973],[133.3988,33.3968],[133.3971,33.3974],[133.3946,33.4001],[133.3925,33.4004],[133.3891,33.3982],[133.3846,33.398],[133.3818,33.3944],[133.3818,33.3879],[133.3735,33.3954],[133.3656,33.3956],[133.3542,33.3936],[133.3504,33.3952],[133.347,33.3942],[133.3474,33.3892],[133.3367,33.3847],[133.3341,33.3805],[133.3338,33.3773],[133.3365,33.372],[133.3314,33.3635],[133.3338,33.3588],[133.3329,33.3571],[133.3279,33.3567],[133.3201,33.3486],[133.3183,33.3558],[133.317,33.3612],[133.3242,33.3618],[133.3268,33.3721],[133.3256,33.3759],[133.3209,33.3759],[133.3181,33.3706],[133.3089,33.3762],[133.3069,33.3715],[133.3039,33.3712],[133.303,33.3752],[133.2971,33.379],[133.3032,33.3837],[133.3062,33.3884],[133.2982,33.4009],[133.2974,33.3963],[133.3,33.3882],[133.295,33.3827],[133.2884,33.3804],[133.2857,33.3728],[133.2828,33.3716],[133.2782,33.3696],[133.2688,33.3625],[133.2695,33.3573],[133.2721,33.3553],[133.2692,33.3418],[133.2736,33.3369],[133.2729,33.335],[133.265,33.3346],[133.2617,33.3293],[133.2568,33.3283],[133.2532,33.3257],[133.2477,33.3263],[133.2366,33.3199],[133.2482,33.3155],[133.2524,33.311],[133.2558,33.3111],[133.264,33.3049],[133.2624,33.3024],[133.2575,33.3008],[133.2579,33.2962],[133.2548,33.2946],[133.254,33.2947],[133.2466,33.295],[133.247,33.29],[133.2514,33.287],[133.2475,33.2739],[133.2489,33.2709],[133.2613,33.2765],[133.2648,33.2755],[133.2657,33.2716],[133.2626,33.2636],[133.2635,33.2588],[133.2691,33.2514],[133.2597,33.2436],[133.2533,33.2434],[133.2514,33.24],[133.2592,33.2326],[133.2559,33.2289],[133.2621,33.2216],[133.2591,33.2182],[133.2546,33.2161],[133.2457,33.2121],[133.2403,33.1992],[133.2475,33.1932],[133.2451,33.1914],[133.2389,33.1921],[133.2316,33.1885],[133.2278,33.1892],[133.2193,33.1852],[133.2159,33.1791],[133.2168,33.1749],[133.2268,33.1675],[133.2289,33.1634],[133.2245,33.1576],[133.2283,33.1506],[133.2272,33.1454],[133.2207,33.1427],[133.2147,33.1425],[133.2116,33.1453],[133.2126,33.1512],[133.2121,33.1524],[133.2101,33.1568],[133.2053,33.1606],[133.2003,33.161],[133.1918,33.1568],[133.1728,33.1385],[133.1685,33.1279],[133.1613,33.1181],[133.1587,33.1082],[133.15,33.0933],[133.1452,33.0886],[133.1258,33.079],[133.1233,33.0752],[133.1198,33.0694],[133.118,33.0604],[133.1048,33.041],[133.1025,33.0307],[133.104,33.0251],[133.1069,33.0214],[133.1051,33.0174],[133.1024,33.0156],[133.0975,33.0159],[133.077,33.0297],[133.0733,33.0291],[133.0672,33.0275],[133.0656,33.031],[133.0503,33.0292],[133.0377,33.024],[133.0291,33.0179],[133.0247,33.0109],[133.0199,33.0076],[133.0124,32.9917],[133.0051,32.9856],[133.0037,32.9816],[133.011,32.9687],[133.0006,32.9473],[133.0007,32.9453],[133.0008,32.9435],[133.0032,32.94],[133.0082,32.9383],[133.0103,32.9359],[133.006,32.9332],[133.0037,32.9286],[132.9934,32.933],[132.9811,32.946],[132.9791,32.9372],[132.9803,32.9332],[132.9842,32.9288],[132.9917,32.9261],[133.0059,32.9245],[133.0089,32.9225],[133.0047,32.9188],[133.0071,32.9139],[133.0133,32.9084],[133.0157,32.9],[133.0125,32.8884],[133.0134,32.8734],[133.0036,32.8655],[133.0019,32.8549],[132.9938,32.8592],[132.9925,32.8585],[132.9882,32.8565],[132.9823,32.8575],[132.9697,32.8567],[132.9657,32.853],[132.9627,32.8538],[132.9613,32.8569],[132.9588,32.858],[132.9567,32.8496],[132.9627,32.8433],[132.9611,32.8391],[132.9641,32.8336],[132.9637,32.8265],[132.9675,32.8237],[132.9606,32.8191],[132.9595,32.8109],[132.9651,32.8013],[132.9741,32.7945],[132.984,32.7935],[132.9916,32.7884],[132.9979,32.7869],[133.0032,32.7833],[133.0104,32.7825],[133.0175,32.7681],[133.0183,32.7671],[133.0233,32.7606],[133.0237,32.7516],[133.0217,32.7459],[133.027,32.7334],[133.0282,32.7215],[133.0255,32.7177],[133.023,32.7178],[133.0182,32.7152],[133.0101,32.7145],[133.0066,32.7156],[133.0045,32.7218],[133.0,32.7246],[132.993,32.7262],[132.9864,32.7243],[132.9824,32.7255],[132.9753,32.724],[132.973,32.7318],[132.9773,32.7405],[132.9759,32.7434],[132.9723,32.7439],[132.9702,32.7443],[132.9681,32.7463],[132.9682,32.7498],[132.9612,32.7519],[132.9603,32.7551],[132.9606,32.7591],[132.9624,32.7632],[132.9681,32.7665],[132.9701,32.7675],[132.9695,32.7693],[132.9668,32.77],[132.9648,32.7686],[132.9633,32.7664],[132.9593,32.7631],[132.9531,32.7614],[132.9466,32.7693],[132.9472,32.7723],[132.9507,32.7724],[132.953,32.7744],[132.9524,32.7764],[132.9441,32.7797],[132.9385,32.7781],[132.9267,32.7737],[132.9254,32.7789],[132.9184,32.782],[132.9085,32.781],[132.8986,32.7832],[132.8956,32.7823],[132.8911,32.7802],[132.8858,32.7815],[132.8839,32.7794],[132.8882,32.7737],[132.8832,32.7685],[132.8839,32.7652],[132.8888,32.7601],[132.8805,32.7588],[132.8735,32.7554],[132.8704,32.758],[132.8739,32.7611],[132.8774,32.7766],[132.8761,32.7791],[132.8646,32.7816],[132.8562,32.7763],[132.8524,32.772],[132.8476,32.7744],[132.8443,32.7715],[132.8427,32.7644],[132.838,32.7601],[132.833,32.7583],[132.8319,32.758],[132.8292,32.7533],[132.8212,32.7518],[132.8197,32.7465],[132.8096,32.745],[132.807,32.7415],[132.7992,32.7399],[132.7962,32.7405],[132.79,32.7471],[132.783,32.7479],[132.7768,32.7534],[132.7741,32.7541],[132.7709,32.7492],[132.7661,32.7465],[132.7616,32.7474],[132.7487,32.7641],[132.7435,32.7685],[132.7355,32.7718],[132.7329,32.779],[132.7286,32.7805],[132.7263,32.7875],[132.7182,32.7899],[132.7175,32.7901],[132.7124,32.7883],[132.7087,32.7892],[132.7024,32.7869],[132.6947,32.7866],[132.6924,32.7844],[132.7001,32.7828],[132.7018,32.7795],[132.6948,32.7799],[132.6889,32.7751],[132.6787,32.7777],[132.6723,32.7754],[132.6633,32.7744],[132.6537,32.7682],[132.6571,32.764],[132.6546,32.761],[132.6343,32.7561],[132.6339,32.76],[132.6355,32.7619],[132.6428,32.7635],[132.6454,32.7669],[132.643,32.7692],[132.6397,32.7725],[132.6392,32.7773],[132.6448,32.7781],[132.6484,32.7812],[132.6443,32.7835],[132.6398,32.784],[132.6321,32.7902],[132.6358,32.7962],[132.6436,32.7923],[132.6472,32.7953],[132.6519,32.7949],[132.6547,32.7977],[132.6598,32.7943],[132.6632,32.7949],[132.6653,32.7972],[132.6635,32.7999],[132.6471,32.8018],[132.6515,32.8072],[132.6505,32.813],[132.6554,32.814],[132.6567,32.8226],[132.6593,32.825],[132.6627,32.8182],[132.6635,32.8167],[132.6647,32.8239],[132.6678,32.8268],[132.6644,32.8308],[132.6646,32.8327],[132.6776,32.8327],[132.6815,32.835],[132.6761,32.8379],[132.6722,32.8382],[132.6683,32.8426],[132.6622,32.8453],[132.6672,32.8497],[132.6735,32.8514],[132.6839,32.8607],[132.6933,32.8661],[132.694,32.8707],[132.7008,32.8747],[132.7033,32.8779],[132.7104,32.8792],[132.7143,32.8751],[132.713,32.872],[132.7141,32.8689],[132.7175,32.8715],[132.7201,32.8735],[132.7218,32.8691],[132.7285,32.8675],[132.7309,32.8705],[132.725,32.8751],[132.7223,32.8796],[132.7159,32.8829],[132.7144,32.8883],[132.7276,32.8865],[132.7294,32.8892],[132.7282,32.8938],[132.7254,32.8918],[132.7202,32.8921],[132.7224,32.9011],[132.7167,32.9126],[132.7249,32.9204],[132.7188,32.9196],[132.7087,32.9148],[132.7071,32.912],[132.7108,32.9072],[132.7099,32.9044],[132.7063,32.9022],[132.7045,32.901],[132.6996,32.9019],[132.6965,32.9043],[132.6955,32.907],[132.6963,32.9092],[132.7017,32.9108],[132.703,32.9136],[132.6998,32.9183],[132.6947,32.9118],[132.6829,32.9149],[132.6765,32.9112],[132.6722,32.9139],[132.6708,32.9147],[132.6602,32.9175],[132.6649,32.9387],[132.6759,32.9395],[132.6855,32.9431],[132.6846,32.9544],[132.6887,32.9639],[132.6892,32.975],[132.6864,32.9852],[132.6861,33.0],[132.6793,33.0075],[132.6792,33.0178],[132.681,33.0282],[132.6757,33.0401],[132.668,33.0466],[132.6603,33.0534],[132.6669,33.0611],[132.6708,33.0712],[132.6722,33.0829],[132.6703,33.0928],[132.6658,33.1055],[132.6551,33.1077],[132.6472,33.116],[132.6409,33.1243],[132.6315,33.1293],[132.6329,33.1402],[132.6253,33.1571],[132.618,33.1666],[132.625,33.1791],[132.6353,33.1823],[132.6408,33.1709],[132.6499,33.1666],[132.6581,33.1604],[132.6641,33.1521],[132.6737,33.1474],[132.6829,33.1407],[132.6888,33.1318],[132.6985,33.1346],[132.7031,33.1442],[132.7125,33.1493],[132.7202,33.1578],[132.7283,33.1649],[132.7345,33.1732],[132.7397,33.1829],[132.7416,33.1934],[132.75,33.1996],[132.7609,33.1982],[132.7719,33.2008],[132.7754,33.2102],[132.7734,33.2204],[132.7773,33.2305],[132.7809,33.2496],[132.7898,33.2638],[132.7966,33.2715],[132.8068,33.2745],[132.8165,33.2772],[132.8272,33.2792],[132.837,33.2846],[132.8479,33.2856],[132.8578,33.2894],[132.8669,33.295],[132.875,33.3012],[132.8863,33.3037],[132.8985,33.3089],[132.9029,33.3181],[132.9049,33.3333],[132.9006,33.3426],[132.8942,33.3509],[132.887,33.358],[132.875,33.3615],[132.8644,33.3641],[132.8594,33.3736],[132.8555,33.385],[132.8528,33.3949],[132.8427,33.3948],[132.835,33.4033],[132.8363,33.4166],[132.8276,33.4224],[132.8283,33.4327],[132.8272,33.4432],[132.8173,33.4472],[132.8095,33.4568],[132.8193,33.4619],[132.826,33.4694],[132.8362,33.472],[132.8465,33.4742],[132.8621,33.4724],[132.8738,33.4677],[132.8858,33.4695],[132.8964,33.469],[132.9125,33.4654],[132.9244,33.4648],[132.935,33.4671],[132.9463,33.4686],[132.9567,33.4632],[132.9679,33.4647],[132.9788,33.468],[132.9897,33.4697],[133,33.4721],[133.0176,33.4776],[133.0181,33.4889],[133.0284,33.5],[133.0368,33.5086],[133.0409,33.5185],[133.047,33.5265],[133.0652,33.5381],[133.0641,33.5485],[133.0633,33.56],[133.0488,33.5722],[133.0533,33.5832],[133.0583,33.5919],[133.0687,33.5972],[133.0819,33.6058],[133.0742,33.613],[133.071,33.6228],[133.0725,33.6328],[133.08,33.6503],[133.0899,33.6532],[133.101,33.655],[133.111,33.6546],[133.122,33.6666],[133.1225,33.677],[133.125,33.6899],[133.1335,33.6959],[133.144,33.6997],[133.1426,33.7111],[133.1517,33.7204],[133.1631,33.7281],[133.1614,33.7386],[133.1645,33.7498],[133.1743,33.7544],[133.1832,33.7615],[133.1874,33.7715],[133.1932,33.7809],[133.1963,33.7908],[133.2063,33.7914],[133.2157,33.7844],[133.2235,33.7769],[133.234,33.7806],[133.25,33.7851],[133.259,33.7896],[133.2638,33.7996],[133.265,33.8104],[133.2699,33.8204],[133.2798,33.8277],[133.2902,33.8262],[133.306,33.8187],[133.3176,33.8127],[133.3282,33.8114],[133.3367,33.8185],[133.3473,33.8213],[133.3547,33.8285],[133.3655,33.829],[133.3848,33.8233],[133.3951,33.823],[133.4062,33.8333],[133.4205,33.8367],[133.4302,33.8333],[133.4404,33.8309],[133.4583,33.8335],[133.4735,33.8332],[133.49,33.8271],[133.5,33.8261],[133.5102,33.8331],[133.5107,33.8435],[133.5211,33.8444],[133.5291,33.8514],[133.5347,33.8608],[133.5403,33.8693],[133.5493,33.8769],[133.5597,33.8787],[133.5684,33.8716],[133.5856,33.8643],[133.595,33.8718],[133.6094,33.8783]]]]}},{"type":"Feature","properties":{"name":"大分県"},"geometry":{"type":"MultiPolygon","coordinates":[[[[131.1754,33.5833],[131.1877,33.6009],[131.1913,33.6025],[131.2031,33.6124],[131.2075,33.6141],[131.212,33.6131],[131.2181,33.6073],[131.2202,33.6026],[131.237,33.5982],[131.2427,33.5982],[131.2449,33.6025],[131.2505,33.6005],[131.2581,33.5965],[131.2619,33.5918],[131.2594,33.5873],[131.2603,33.5851],[131.2728,33.5807],[131.2942,33.5748],[131.3006,33.5757],[131.315,33.577],[131.3213,33.576],[131.3281,33.5785],[131.3323,33.5761],[131.3378,33.5762],[131.3407,33.5698],[131.3457,33.5686],[131.3494,33.5698],[131.3577,33.5694],[131.3672,33.5727],[131.3722,33.5678],[131.3749,33.5731],[131.3832,33.575],[131.3891,33.5729],[131.3998,33.5728],[131.4096,33.5678],[131.4188,33.5691],[131.4276,33.5684],[131.4284,33.5664],[131.4266,33.5636],[131.4191,33.5603],[131.4176,33.5573],[131.4196,33.5526],[131.4223,33.5575],[131.4329,33.5626],[131.4358,33.5682],[131.4299,33.5746],[131.4265,33.5845],[131.4278,33.5881],[131.4313,33.5908],[131.4348,33.5903],[131.4401,33.5859],[131.4429,33.5854],[131.448,33.5917],[131.449,33.5995],[131.4525,33.6057],[131.4593,33.6115],[131.4615,33.6135],[131.4707,33.6137],[131.4733,33.6119],[131.4769,33.6156],[131.4782,33.6211],[131.4802,33.622],[131.4813,33.6281],[131.4866,33.6299],[131.4906,33.6344],[131.4899,33.6379],[131.4861,33.6346],[131.4836,33.6349],[131.4848,33.6385],[131.4917,33.6439],[131.5006,33.6416],[131.5044,33.6447],[131.5003,33.6505],[131.5043,33.6543],[131.501,33.6587],[131.5046,33.6683],[131.5084,33.6678],[131.51,33.6708],[131.5122,33.6707],[131.517,33.6665],[131.5213,33.6655],[131.5261,33.6684],[131.5272,33.6703],[131.5312,33.6707],[131.5255,33.678],[131.5308,33.6774],[131.5392,33.6738],[131.5436,33.6761],[131.5496,33.6751],[131.5561,33.6787],[131.5606,33.6787],[131.5631,33.6832],[131.5713,33.6752],[131.5745,33.6693],[131.5794,33.666],[131.5772,33.6734],[131.5775,33.6801],[131.5798,33.6844],[131.5824,33.6862],[131.5903,33.6876],[131.6033,33.6829],[131.6074,33.6814],[131.6133,33.6823],[131.6165,33.6758],[131.6196,33.6749],[131.625,33.676],[131.6325,33.6675],[131.6353,33.6781],[131.6432,33.6755],[131.6467,33.6727],[131.6483,33.667],[131.6535,33.6668],[131.6519,33.6615],[131.6559,33.6568],[131.6612,33.6631],[131.6682,33.6645],[131.6702,33.6629],[131.6729,33.6557],[131.6738,33.6532],[131.6772,33.6519],[131.6816,33.6417],[131.6865,33.6379],[131.6938,33.6372],[131.6995,33.6345],[131.7045,33.6255],[131.7039,33.6197],[131.7098,33.6053],[131.7148,33.6011],[131.7216,33.5995],[131.7237,33.5975],[131.7274,33.5873],[131.7359,33.582],[131.7387,33.5733],[131.7378,33.5675],[131.7454,33.5569],[131.7474,33.5539],[131.7477,33.5411],[131.7517,33.5367],[131.7444,33.526],[131.7372,33.5014],[131.7412,33.4801],[131.7408,33.4667],[131.7318,33.4552],[131.7306,33.4464],[131.7169,33.4335],[131.7142,33.4265],[131.7134,33.4149],[131.7084,33.4026],[131.7028,33.4009],[131.687,33.4025],[131.6809,33.4047],[131.6763,33.4025],[131.6687,33.4017],[131.6641,33.4034],[131.6702,33.4085],[131.6749,33.4097],[131.6737,33.4161],[131.6716,33.4183],[131.6663,33.42],[131.6622,33.4192],[131.6532,33.4173],[131.6414,33.4201],[131.6387,33.4194],[131.6369,33.416],[131.6403,33.4092],[131.6346,33.4052],[131.6418,33.4022],[131.6492,33.3864],[131.6571,33.3793],[131.6513,33.3763],[131.6492,33.371],[131.6377,33.3684],[131.6321,33.37],[131.6223,33.3677],[131.6148,33.3676],[131.6103,33.3651],[131.6081,33.3604],[131.6091,33.3521],[131.6044,33.3435],[131.5951,33.3408],[131.591,33.3467],[131.5888,33.347],[131.5874,33.3409],[131.5864,33.3412],[131.578,33.3436],[131.5718,33.3435],[131.5642,33.3465],[131.5627,33.3462],[131.5629,33.3425],[131.5584,33.3429],[131.5456,33.3574],[131.5506,33.3603],[131.5505,33.3622],[131.544,33.3623],[131.5385,33.3593],[131.5287,33.3606],[131.5233,33.3597],[131.5166,33.3552],[131.5092,33.3541],[131.5039,33.3444],[131.5025,33.327],[131.5119,33.2965],[131.5095,33.2887],[131.5137,33.2763],[131.5127,33.2694],[131.5136,33.2685],[131.5164,33.2658],[131.5311,33.2608],[131.5379,33.2568],[131.5472,33.2536],[131.5615,33.2526],[131.5707,33.2518],[131.5908,33.2439],[131.5986,33.2426],[131.6007,33.2454],[131.6078,33.2434],[131.6104,33.2452],[131.6105,33.2475],[131.6048,33.2512],[131.6135,33.2624],[131.6174,33.2632],[131.6192,33.2621],[131.624,33.2541],[131.6272,33.2554],[131.63,33.2565],[131.6428,33.2548],[131.6474,33.2612],[131.6771,33.263],[131.6792,33.2616],[131.6815,33.2554],[131.6832,33.2557],[131.6865,33.2671],[131.689,33.2674],[131.697,33.2626],[131.7026,33.2566],[131.7042,33.2464],[131.7094,33.2397],[131.7106,33.2389],[131.7139,33.2418],[131.7075,33.2572],[131.7102,33.2611],[131.7329,33.2472],[131.7348,33.2448],[131.7466,33.2397],[131.7629,33.236],[131.767,33.2359],[131.7721,33.2358],[131.7793,33.2371],[131.7857,33.2412],[131.7913,33.2393],[131.8124,33.2388],[131.8274,33.2421],[131.8392,33.243],[131.8484,33.2472],[131.8551,33.2475],[131.8611,33.2513],[131.8659,33.2502],[131.8726,33.2453],[131.8773,33.2457],[131.8749,33.2527],[131.8771,33.2576],[131.8867,33.2588],[131.893,33.2618],[131.8954,33.263],[131.9093,33.26],[131.9085,33.2566],[131.9016,33.2503],[131.8993,33.2397],[131.8925,33.2371],[131.8835,33.2378],[131.8807,33.2304],[131.8808,33.225],[131.885,33.2218],[131.8835,33.2167],[131.8717,33.2035],[131.8748,33.2001],[131.8799,33.1992],[131.882,33.1968],[131.8792,33.1936],[131.8774,33.1868],[131.8658,33.189],[131.8629,33.1876],[131.8502,33.1813],[131.8412,33.174],[131.8398,33.1677],[131.8318,33.1606],[131.8297,33.1543],[131.8307,33.1506],[131.8349,33.1549],[131.8358,33.1525],[131.834,33.1451],[131.8244,33.1386],[131.8163,33.1297],[131.8156,33.1259],[131.8072,33.1205],[131.8119,33.1172],[131.8176,33.1164],[131.8372,33.1182],[131.8393,33.1184],[131.8441,33.1173],[131.8474,33.1122],[131.8504,33.1117],[131.8552,33.1132],[131.8628,33.1194],[131.8703,33.1222],[131.8756,33.126],[131.8819,33.1237],[131.8818,33.1216],[131.8844,33.119],[131.8871,33.1187],[131.8925,33.121],[131.8973,33.1189],[131.9015,33.1227],[131.9042,33.1286],[131.9071,33.13],[131.9089,33.1288],[131.9077,33.124],[131.9104,33.1199],[131.9197,33.1213],[131.9221,33.1183],[131.9203,33.1155],[131.9118,33.1135],[131.9063,33.1099],[131.9053,33.1055],[131.9023,33.1023],[131.9013,33.1014],[131.8921,33.1026],[131.8846,33.1],[131.8837,33.0981],[131.8861,33.0947],[131.8817,33.0938],[131.8749,33.0873],[131.8756,33.0842],[131.8689,33.0833],[131.8614,33.0846],[131.8609,33.0809],[131.8643,33.0783],[131.8723,33.0774],[131.8734,33.0753],[131.866,33.0738],[131.8671,33.0692],[131.8763,33.0681],[131.882,33.0715],[131.8855,33.0708],[131.891,33.0669],[131.8939,33.0676],[131.8894,33.0727],[131.8916,33.0767],[131.8943,33.0768],[131.9024,33.0707],[131.9035,33.0707],[131.9096,33.0708],[131.9138,33.0754],[131.9165,33.0757],[131.9202,33.0679],[131.9189,33.0637],[131.9199,33.0602],[131.926,33.0648],[131.9323,33.0605],[131.9341,33.0624],[131.9304,33.0671],[131.9329,33.0697],[131.9371,33.0707],[131.9393,33.0796],[131.9358,33.0838],[131.9376,33.0874],[131.946,33.0926],[131.9476,33.0893],[131.9453,33.0832],[131.9461,33.0782],[131.9542,33.0614],[131.9575,33.0605],[131.9609,33.0641],[131.9629,33.0661],[131.9675,33.0672],[131.9751,33.0658],[131.9744,33.0597],[131.9771,33.0565],[131.9832,33.0615],[131.988,33.0601],[131.9926,33.0624],[131.9947,33.0647],[131.991,33.0723],[131.9939,33.0779],[131.9945,33.0844],[132.0076,33.0891],[132.0085,33.0876],[132.0043,33.0791],[132.0048,33.0748],[132.0077,33.0717],[132.0156,33.0541],[132.0248,33.0535],[132.02,33.0499],[132.017,33.0477],[132.0118,33.0469],[132.0052,33.0495],[131.996,33.0466],[131.9909,33.0397],[131.9801,33.0385],[131.9746,33.0391],[131.9646,33.0447],[131.9541,33.0426],[131.9471,33.0444],[131.9442,33.0424],[131.9376,33.0411],[131.9331,33.0373],[131.9296,33.0376],[131.9286,33.0305],[131.9297,33.0274],[131.9268,33.0177],[131.9129,33.0056],[131.9124,33.0036],[131.9113,33.0001],[131.9148,32.9948],[131.9097,32.9846],[131.9059,32.9861],[131.9079,32.991],[131.9061,32.9953],[131.8979,32.9834],[131.9026,32.9803],[131.9037,32.9732],[131.9072,32.9732],[131.9107,32.9681],[131.9142,32.9678],[131.9187,32.963],[131.9206,32.9635],[131.9226,32.968],[131.9296,32.9628],[131.929,32.9526],[131.9253,32.9472],[131.9189,32.9428],[131.9123,32.9408],[131.9091,32.9371],[131.9063,32.9335],[131.9006,32.9309],[131.9002,32.9288],[131.9033,32.9289],[131.9091,32.929],[131.9131,32.9315],[131.9234,32.9292],[131.918,32.9365],[131.9187,32.9382],[131.9243,32.9394],[131.932,32.9477],[131.9342,32.9553],[131.9396,32.9526],[131.937,32.95],[131.9379,32.9482],[131.9471,32.9467],[131.9505,32.9518],[131.9547,32.9491],[131.9606,32.9403],[131.9639,32.9392],[131.968,32.9409],[131.9662,32.947],[131.9676,32.9525],[131.9734,32.9463],[131.9791,32.9534],[131.9798,32.9418],[131.9833,32.9336],[131.9918,32.9356],[131.9962,32.9408],[131.9962,32.9447],[132.0016,32.9468],[132.0065,32.9516],[132.0091,32.9453],[132.0045,32.9394],[132.0069,32.9354],[132.0033,32.9296],[132.0057,32.9272],[132.0094,32.9267],[132.0227,32.9318],[132.0324,32.9314],[132.0358,32.9328],[132.038,32.9375],[132.0352,32.9424],[132.037,32.9448],[132.0462,32.9414],[132.0504,32.9399],[132.0526,32.9412],[132.0517,32.9447],[132.053,32.9462],[132.0643,32.939],[132.0699,32.9409],[132.0766,32.9403],[132.0791,32.9356],[132.0846,32.9352],[132.0904,32.925],[132.0895,32.9231],[132.0756,32.9238],[132.0724,32.9276],[132.0663,32.927],[132.0601,32.9309],[132.0546,32.9286],[132.0534,32.9237],[132.048,32.9185],[132.044,32.9191],[132.0418,32.9274],[132.0394,32.929],[132.0333,32.9275],[132.0303,32.9253],[132.0267,32.9226],[132.0235,32.9225],[132.0216,32.9203],[132.021,32.9144],[132.0154,32.9178],[132.0131,32.9054],[132.0138,32.8977],[132.0105,32.8986],[132.0066,32.903],[132.0011,32.904],[131.9991,32.9073],[131.9997,32.91],[131.9963,32.9143],[131.9912,32.9122],[131.9861,32.9143],[131.9832,32.9129],[131.9904,32.9007],[131.9913,32.8898],[131.9875,32.8859],[131.9895,32.8827],[131.9987,32.8845],[132.0011,32.8905],[132.0013,32.8911],[132.0076,32.8847],[132.0178,32.8845],[132.0172,32.8826],[132.0065,32.8784],[132.006,32.8749],[132.0058,32.8733],[131.9943,32.8634],[131.9905,32.8564],[131.9881,32.8559],[131.9816,32.8606],[131.9792,32.8584],[131.9814,32.8516],[131.9678,32.8392],[131.9651,32.8386],[131.9572,32.8467],[131.9552,32.8464],[131.9594,32.8346],[131.9485,32.8269],[131.964,32.8267],[131.9658,32.8138],[131.9675,32.8129],[131.9683,32.8125],[131.9712,32.8182],[131.9679,32.8283],[131.9697,32.8317],[131.9738,32.8256],[131.9833,32.8194],[131.9874,32.8197],[131.9898,32.8215],[131.9894,32.8242],[131.9818,32.8322],[131.9818,32.8364],[131.9856,32.838],[131.9903,32.8386],[131.9976,32.8364],[132.0046,32.8305],[132.0134,32.8281],[132.0143,32.8256],[132.0054,32.8126],[131.9961,32.8105],[131.9888,32.8054],[131.9792,32.8008],[131.976,32.7953],[131.9791,32.7945],[131.9798,32.7944],[131.9804,32.7915],[131.9797,32.7875],[131.9762,32.7846],[131.9675,32.7843],[131.9654,32.7871],[131.9659,32.7909],[131.9695,32.7964],[131.9543,32.7989],[131.9517,32.7965],[131.9541,32.7906],[131.9491,32.7835],[131.9427,32.7784],[131.9347,32.7793],[131.93,32.7846],[131.9255,32.7852],[131.9259,32.7815],[131.9244,32.7791],[131.9219,32.7794],[131.9154,32.7846],[131.912,32.783],[131.9046,32.7837],[131.9065,32.7892],[131.9034,32.7952],[131.9031,32.7957],[131.8967,32.8003],[131.8937,32.7843],[131.899,32.7772],[131.9046,32.7593],[131.9,32.761],[131.8971,32.7642],[131.8883,32.7836],[131.8845,32.7847],[131.8835,32.7818],[131.8858,32.7752],[131.8793,32.7693],[131.8798,32.7645],[131.8855,32.7564],[131.8792,32.7474],[131.8789,32.7469],[131.8909,32.7435],[131.8871,32.7376],[131.8743,32.7387],[131.8576,32.7335],[131.8485,32.739],[131.8514,32.7513],[131.8502,32.7621],[131.8466,32.773],[131.8523,32.7859],[131.8562,32.7954],[131.8618,32.8058],[131.8609,32.8182],[131.8503,32.8145],[131.8398,32.8168],[131.8299,32.8218],[131.8188,32.8242],[131.8098,32.819],[131.7995,32.8203],[131.7896,32.8304],[131.7788,32.8325],[131.762,32.8333],[131.75,32.83],[131.738,32.8262],[131.7372,32.816],[131.7326,32.8059],[131.7304,32.7943],[131.7207,32.7874],[131.7177,32.7772],[131.7056,32.7696],[131.6939,32.7687],[131.6808,32.7661],[131.6711,32.7633],[131.6614,32.766],[131.6479,32.7681],[131.636,32.7686],[131.625,32.771],[131.6136,32.7704],[131.6024,32.77],[131.5923,32.7705],[131.5848,32.7619],[131.577,32.7549],[131.566,32.7517],[131.5517,32.7537],[131.5415,32.7553],[131.5325,32.76],[131.5201,32.7644],[131.5107,32.7771],[131.5147,32.7877],[131.5197,32.7974],[131.5094,32.8029],[131.4914,32.8163],[131.4836,32.8248],[131.4775,32.834],[131.461,32.8265],[131.4483,32.8263],[131.4386,32.8241],[131.433,32.8149],[131.4184,32.8098],[131.4064,32.8093],[131.3962,32.8078],[131.3856,32.8057],[131.375,32.8042],[131.3555,32.8046],[131.3524,32.8151],[131.3415,32.8302],[131.3309,32.8293],[131.3245,32.8405],[131.3159,32.8479],[131.3057,32.8513],[131.2952,32.8554],[131.287,32.8628],[131.2763,32.8675],[131.2753,32.878],[131.2597,32.8837],[131.2565,32.895],[131.2564,32.9052],[131.2553,32.9216],[131.25,32.9301],[131.25,32.9453],[131.25,32.9603],[131.2597,32.9629],[131.2661,32.972],[131.2489,32.9809],[131.2487,32.9935],[131.2407,33.0],[131.2306,33.007],[131.228,33.0177],[131.2235,33.0275],[131.2204,33.0388],[131.2191,33.0499],[131.2062,33.0604],[131.196,33.0739],[131.1849,33.0737],[131.1756,33.0833],[131.1752,33.101],[131.1682,33.1163],[131.1659,33.1332],[131.1579,33.1403],[131.1513,33.1489],[131.1419,33.155],[131.1343,33.1621],[131.1211,33.1666],[131.1131,33.1797],[131.1036,33.1843],[131.0848,33.185],[131.074,33.1872],[131.0625,33.1917],[131.0523,33.1909],[131.0416,33.1907],[131.0348,33.1832],[131.0227,33.1774],[130.9998,33.1774],[130.9898,33.1666],[130.9887,33.1488],[130.9833,33.135],[130.9965,33.1241],[131.0,33.1134],[131.0091,33.1051],[131.0154,33.0964],[131.0256,33.0833],[131.0168,33.0763],[131.0133,33.0666],[131.0182,33.0572],[131.0165,33.047],[131.0099,33.0377],[131.0041,33.0283],[130.9917,33.0202],[130.9724,33.0204],[130.9648,33.0293],[130.961,33.0388],[130.952,33.0475],[130.9418,33.0489],[130.9311,33.0489],[130.9202,33.0498],[130.9135,33.0585],[130.9026,33.0608],[130.8959,33.0708],[130.8895,33.0833],[130.875,33.0889],[130.8646,33.0919],[130.8453,33.0907],[130.8456,33.1032],[130.8557,33.1061],[130.8633,33.1137],[130.8685,33.1236],[130.8714,33.1343],[130.8772,33.1453],[130.8794,33.1562],[130.8777,33.1666],[130.8879,33.1728],[130.885,33.1837],[130.875,33.1879],[130.8653,33.1912],[130.8562,33.1968],[130.8452,33.2039],[130.8426,33.2143],[130.8467,33.2301],[130.8362,33.2304],[130.8284,33.2381],[130.8344,33.2545],[130.8445,33.2539],[130.8605,33.2658],[130.8551,33.2759],[130.8627,33.2834],[130.8678,33.293],[130.8647,33.3026],[130.8598,33.3123],[130.859,33.3238],[130.8532,33.3333],[130.8382,33.3403],[130.8463,33.3477],[130.8592,33.3551],[130.8619,33.3698],[130.875,33.3737],[130.8869,33.3752],[130.8871,33.3859],[130.8895,33.3958],[130.8928,33.4064],[130.8933,33.4246],[130.8996,33.4343],[130.9023,33.4457],[130.9129,33.4465],[130.9211,33.4523],[130.931,33.4634],[130.934,33.4761],[130.9438,33.4801],[130.9561,33.487],[130.9653,33.4942],[130.9735,33.5],[130.9839,33.5044],[131.0002,33.5071],[131.0119,33.5066],[131.0217,33.5093],[131.0309,33.5142],[131.0434,33.5115],[131.0538,33.5067],[131.0643,33.5063],[131.0802,33.5028],[131.0925,33.5034],[131.1032,33.5019],[131.1141,33.503],[131.1335,33.502],[131.1503,33.5017],[131.1608,33.5045],[131.1773,33.5074],[131.171,33.5165],[131.1707,33.527],[131.1797,33.5333],[131.1875,33.5395],[131.1906,33.5493],[131.1891,33.5622],[131.1805,33.5689],[131.1754,33.5833]]]]}},{"type":"Feature","properties":{"name":"佐賀県"},"geometry":{"type":"MultiPolygon","coordinates":[[[[130.2736,33.4766],[130.2832,33.4717],[130.2932,33.4664],[130.3004,33.4592],[130.3123,33.4588],[130.3222,33.4553],[130.3326,33.4492],[130.342,33.4411],[130.3515,33.4372],[130.36,33.4309],[130.3705,33.4317],[130.3869,33.4243],[130.3989,33.4239],[130.4087,33.4128],[130.4149,33.4038],[130.4305,33.3935],[130.4426,33.4071],[130.4496,33.4148],[130.4608,33.417],[130.4713,33.4293],[130.481,33.4339],[130.4911,33.4369],[130.5082,33.443],[130.5186,33.4443],[130.5301,33.4401],[130.5394,33.4354],[130.5437,33.4166],[130.544,33.3972],[130.5428,33.362],[130.5397,33.3502],[130.5382,33.3395],[130.5125,33.3409],[130.5,33.3228],[130.4912,33.3147],[130.4864,33.3043],[130.4736,33.3025],[130.4655,33.2896],[130.4515,33.2773],[130.4381,33.2687],[130.4197,33.2614],[130.4034,33.25],[130.3927,33.2436],[130.3809,33.2283],[130.375,33.2164],[130.3628,33.1993],[130.3618,33.1892],[130.3578,33.1674],[130.3528,33.1399],[130.3526,33.1374],[130.3488,33.1334],[130.3456,33.1363],[130.3429,33.1485],[130.3363,33.1557],[130.3282,33.1615],[130.3247,33.1611],[130.3264,33.1562],[130.3336,33.1499],[130.334,33.1415],[130.3311,33.1388],[130.3265,33.1378],[130.3121,33.1371],[130.3097,33.1391],[130.3094,33.1452],[130.2927,33.1518],[130.2916,33.163],[130.2944,33.1682],[130.2932,33.1739],[130.2874,33.1713],[130.2805,33.1613],[130.2588,33.1826],[130.2653,33.187],[130.2633,33.1965],[130.2592,33.2015],[130.2536,33.1974],[130.2549,33.1873],[130.253,33.1857],[130.2434,33.1859],[130.239,33.1899],[130.2358,33.192],[130.2177,33.1917],[130.2132,33.1897],[130.2106,33.1908],[130.2075,33.1896],[130.2128,33.1857],[130.224,33.1851],[130.2283,33.181],[130.2257,33.1752],[130.226,33.1649],[130.2237,33.1622],[130.198,33.1435],[130.1967,33.1362],[130.1916,33.1316],[130.1578,33.1071],[130.1517,33.1026],[130.1478,33.1043],[130.143,33.1151],[130.1319,33.1293],[130.132,33.1186],[130.1267,33.1202],[130.1235,33.1194],[130.1321,33.1113],[130.136,33.1034],[130.1345,33.1004],[130.1269,33.0964],[130.1329,33.0894],[130.1417,33.079],[130.1509,33.0718],[130.1687,33.0482],[130.1748,33.0462],[130.1772,33.0409],[130.1792,33.0285],[130.1865,33.0187],[130.1875,33.0062],[130.1934,33.0059],[130.1957,33.0023],[130.195,32.996],[130.201,32.9886],[130.2015,32.9862],[130.2023,32.9826],[130.208,32.985],[130.2124,32.9802],[130.2193,32.9764],[130.2186,32.9735],[130.2223,32.9703],[130.2292,32.968],[130.2339,32.9645],[130.2349,32.9621],[130.2331,32.9592],[130.2204,32.9541],[130.22,32.9534],[130.1955,32.956],[130.1853,32.9569],[130.1738,32.9587],[130.1635,32.9579],[130.1533,32.9596],[130.147,32.968],[130.1351,32.9651],[130.125,32.9674],[130.1146,32.9688],[130.1044,32.9712],[130.0875,32.9758],[130.0784,32.9842],[130.0615,32.9839],[130.0537,32.9911],[130.0445,33.0006],[130.0357,33.0065],[130.0312,33.0159],[130.0188,33.0145],[130.0083,33.0218],[130.0,33.0309],[129.9986,33.0409],[129.9904,33.048],[129.9828,33.0545],[129.9713,33.0591],[129.9603,33.0621],[129.9495,33.0662],[129.9415,33.0725],[129.9353,33.0833],[129.9246,33.0872],[129.9273,33.1024],[129.9375,33.1077],[129.9538,33.1068],[129.9587,33.1248],[129.9513,33.1325],[129.9477,33.1432],[129.9406,33.1621],[129.93,33.1604],[129.9195,33.1569],[129.9094,33.1556],[129.8986,33.1563],[129.8886,33.1579],[129.875,33.162],[129.8648,33.1676],[129.8486,33.1733],[129.8364,33.1711],[129.8274,33.1763],[129.8184,33.1824],[129.8175,33.1927],[129.8109,33.2007],[129.811,33.2112],[129.8122,33.2233],[129.817,33.236],[129.8088,33.2421],[129.7965,33.2521],[129.7868,33.2593],[129.7755,33.2741],[129.7682,33.283],[129.7638,33.2948],[129.7688,33.3054],[129.7712,33.3163],[129.7769,33.3255],[129.7968,33.3391],[129.7969,33.3329],[129.8045,33.3284],[129.8088,33.321],[129.8153,33.3167],[129.8151,33.3103],[129.8241,33.2967],[129.8263,33.2934],[129.8338,33.2906],[129.8409,33.2838],[129.8492,33.2856],[129.8531,33.2836],[129.8583,33.2762],[129.8604,33.2753],[129.8696,33.2744],[129.8692,33.2758],[129.858,33.2833],[129.8516,33.2944],[129.8432,33.2991],[129.8361,33.2988],[129.8307,33.3041],[129.832,33.3068],[129.8392,33.3073],[129.8478,33.3229],[129.8408,33.327],[129.843,33.3303],[129.849,33.3304],[129.8477,33.3388],[129.8447,33.3419],[129.8454,33.344],[129.8501,33.3444],[129.8516,33.3466],[129.8491,33.354],[129.8472,33.3595],[129.8394,33.3615],[129.8363,33.3569],[129.8336,33.3568],[129.8249,33.361],[129.8225,33.3588],[129.825,33.3518],[129.8173,33.3446],[129.8137,33.3444],[129.8068,33.3572],[129.809,33.3612],[129.8139,33.3639],[129.8118,33.3721],[129.8128,33.378],[129.8092,33.3903],[129.812,33.3982],[129.8,33.4063],[129.8021,33.4084],[129.8154,33.4065],[129.827,33.4047],[129.833,33.4012],[129.8345,33.3855],[129.8371,33.3796],[129.8404,33.3771],[129.8439,33.3826],[129.8541,33.3802],[129.8591,33.3753],[129.859,33.3698],[129.8547,33.3611],[129.8561,33.3578],[129.8717,33.3709],[129.8679,33.3851],[129.8677,33.3861],[129.8706,33.3917],[129.8695,33.4023],[129.8628,33.4068],[129.8605,33.4021],[129.8546,33.4002],[129.843,33.4029],[129.8369,33.4081],[129.8287,33.4085],[129.8275,33.4104],[129.8289,33.4147],[129.8281,33.418],[129.8181,33.4199],[129.8135,33.4275],[129.7971,33.4379],[129.7922,33.4389],[129.7879,33.4471],[129.7896,33.4503],[129.795,33.4532],[129.7991,33.4536],[129.8019,33.4505],[129.8049,33.4508],[129.8079,33.4531],[129.8073,33.4564],[129.7987,33.4615],[129.7975,33.4643],[129.7987,33.4684],[129.8056,33.4732],[129.808,33.4791],[129.8106,33.4803],[129.8142,33.4776],[129.8176,33.479],[129.8233,33.4782],[129.8271,33.4739],[129.8264,33.4656],[129.8338,33.4627],[129.8385,33.459],[129.8404,33.4559],[129.8373,33.4476],[129.8396,33.4417],[129.8432,33.4426],[129.8496,33.4409],[129.852,33.4433],[129.8507,33.4477],[129.8544,33.4505],[129.8571,33.4526],[129.8588,33.4567],[129.8577,33.4629],[129.8507,33.4712],[129.846,33.468],[129.8419,33.4675],[129.8365,33.472],[129.8443,33.4773],[129.8378,33.4845],[129.8375,33.4882],[129.8419,33.4887],[129.8341,33.5001],[129.8357,33.5065],[129.8323,33.5119],[129.8334,33.5151],[129.8359,33.5161],[129.8427,33.512],[129.8479,33.5111],[129.8499,33.5123],[129.8504,33.5151],[129.8439,33.5166],[129.8421,33.5185],[129.8428,33.5205],[129.8481,33.52],[129.8491,33.52],[129.8551,33.5162],[129.8582,33.5164],[129.8561,33.5214],[129.8573,33.5257],[129.8554,33.5304],[129.851,33.5334],[129.8484,33.5379],[129.8513,33.5506],[129.8546,33.5511],[129.8591,33.5481],[129.864,33.5384],[129.8804,33.531],[129.8822,33.522],[129.8849,33.5179],[129.8907,33.5155],[129.8948,33.5151],[129.8949,33.5164],[129.8883,33.5198],[129.888,33.5345],[129.888,33.5361],[129.893,33.5372],[129.8987,33.5429],[129.9017,33.5431],[129.9056,33.5399],[129.9092,33.5446],[129.9128,33.5448],[129.9165,33.54],[129.9198,33.5391],[129.9256,33.5399],[129.9341,33.5466],[129.9366,33.5437],[129.9328,33.534],[129.9354,33.5297],[129.9426,33.527],[129.9579,33.5254],[129.9615,33.5232],[129.9611,33.5177],[129.9644,33.5113],[129.9735,33.5082],[129.9688,33.5021],[129.9642,33.5011],[129.9599,33.5003],[129.9487,33.4906],[129.9483,33.4828],[129.9425,33.4788],[129.9417,33.4717],[129.9492,33.4662],[129.9567,33.4672],[129.9602,33.4704],[129.9593,33.4755],[129.9629,33.4801],[129.9672,33.4792],[129.9725,33.4701],[129.965,33.4655],[129.9631,33.462],[129.9654,33.4568],[129.971,33.4512],[129.9804,33.4497],[129.9802,33.444],[129.9852,33.4401],[129.9872,33.4385],[129.9947,33.4261],[129.9954,33.435],[129.9873,33.4463],[129.9904,33.4477],[130,33.4454],[130.0036,33.444],[130.0257,33.4449],[130.041,33.4552],[130.0413,33.4665],[130.0528,33.4659],[130.0629,33.469],[130.0759,33.4658],[130.088,33.4664],[130.0992,33.4666],[130.1076,33.4728],[130.1239,33.4722],[130.144,33.4695],[130.1531,33.4744],[130.1628,33.4715],[130.171,33.4643],[130.1887,33.4652],[130.1969,33.4731],[130.2062,33.4779],[130.2186,33.4762],[130.2293,33.4734],[130.2401,33.4714],[130.25,33.4677],[130.2598,33.4731],[130.2736,33.4766]]]]}},{"type":"Feature","properties":{"name":"長崎県"},"geometry":{"type":"MultiPolygon","coordinates":[[[[129.7968,33.3391],[129.7769,33.3255],[129.7712,33.3163],[129.7688,33.3054],[129.7638,33.2948],[129.7682,33.283],[129.7755,33.2741],[129.7868,33.2593],[129.7965,33.2521],[129.8088,33.2421],[129.817,33.236],[129.8122,33.2233],[129.811,33.2112],[129.8109,33.2007],[129.8175,33.1927],[129.8184,33.1824],[129.8274,33.1763],[129.8364,33.1711],[129.8486,33.1733],[129.8648,33.1676],[129.875,33.162],[129.8886,33.1579],[129.8986,33.1563],[129.9094,33.1556],[129.9195,33.1569],[129.93,33.1604],[129.9406,33.1621],[129.9477,33.1432],[129.9513,33.1325],[129.9587,33.1248],[129.9538,33.1068],[129.9375,33.1077],[129.9273,33.1024],[129.9246,33.0872],[129.9353,33.0833],[129.9415,33.0725],[129.9495,33.0662],[129.9603,33.0621],[129.9713,33.0591],[129.9828,33.0545],[129.9904,33.048],[129.9986,33.0409],[130.0,33.0309],[130.0083,33.0218],[130.0188,33.0145],[130.0312,33.0159],[130.0357,33.0065],[130.0445,33.0006],[130.0537,32.9911],[130.0615,32.9839],[130.0784,32.9842],[130.0875,32.9758],[130.1044,32.9712],[130.1146,32.9688],[130.125,32.9674],[130.1351,32.9651],[130.147,32.968],[130.1533,32.9596],[130.1635,32.9579],[130.1738,32.9587],[130.1853,32.9569],[130.1955,32.956],[130.22,32.9534],[130.2169,32.9475],[130.2129,32.9449],[130.2109,32.9304],[130.2087,32.9296],[130.2087,32.9236],[130.2067,32.9205],[130.1992,32.9182],[130.1951,32.9142],[130.1937,32.9071],[130.1916,32.9053],[130.1866,32.9064],[130.1826,32.9062],[130.1762,32.9058],[130.1729,32.9038],[130.172,32.8997],[130.169,32.8973],[130.1636,32.8961],[130.1621,32.8935],[130.1555,32.8892],[130.1463,32.8872],[130.1331,32.8873],[130.1197,32.8761],[130.1153,32.875],[130.1122,32.8708],[130.1095,32.8652],[130.0932,32.8555],[130.0932,32.8517],[130.0854,32.8471],[130.0821,32.8429],[130.0832,32.8411],[130.0888,32.8456],[130.0941,32.847],[130.0982,32.8543],[130.1012,32.8547],[130.1095,32.8523],[130.1133,32.8544],[130.1341,32.8326],[130.1366,32.8352],[130.1473,32.8404],[130.1603,32.8358],[130.162,32.8275],[130.1589,32.8164],[130.1602,32.813],[130.1649,32.8185],[130.1663,32.8292],[130.1704,32.8338],[130.1766,32.8331],[130.1809,32.8348],[130.1933,32.8351],[130.2023,32.8425],[130.2163,32.8469],[130.2217,32.851],[130.2289,32.8533],[130.2347,32.8588],[130.2382,32.8612],[130.2495,32.8688],[130.2524,32.8694],[130.2731,32.867],[130.2841,32.8725],[130.295,32.8743],[130.3082,32.8744],[130.313,32.8728],[130.3249,32.8633],[130.3315,32.8603],[130.3441,32.8514],[130.3482,32.8466],[130.3547,32.8295],[130.3668,32.8138],[130.3794,32.7888],[130.3862,32.7835],[130.3875,32.7802],[130.3874,32.7721],[130.3843,32.7608],[130.3838,32.7359],[130.3784,32.7252],[130.374,32.722],[130.3691,32.7155],[130.3619,32.7059],[130.3601,32.7008],[130.3635,32.689],[130.3627,32.6827],[130.3588,32.6758],[130.3511,32.6677],[130.339,32.6611],[130.3306,32.6586],[130.32,32.6511],[130.3073,32.6464],[130.2896,32.646],[130.2784,32.6473],[130.2725,32.6461],[130.2698,32.6435],[130.2636,32.6253],[130.2599,32.6222],[130.2526,32.6212],[130.2467,32.6171],[130.2368,32.6059],[130.229,32.6014],[130.2282,32.6014],[130.2221,32.6013],[130.2156,32.5986],[130.209,32.6041],[130.2042,32.6057],[130.1985,32.6056],[130.1996,32.6019],[130.2058,32.5978],[130.2031,32.5949],[130.1967,32.5915],[130.1894,32.5908],[130.1771,32.5839],[130.1735,32.5885],[130.1734,32.5932],[130.1797,32.6001],[130.1809,32.6039],[130.1779,32.6111],[130.1513,32.6274],[130.1434,32.6323],[130.136,32.6498],[130.1364,32.6672],[130.1301,32.6779],[130.1331,32.6795],[130.1407,32.6739],[130.1441,32.6754],[130.1477,32.6731],[130.1622,32.6837],[130.1732,32.6969],[130.1848,32.6999],[130.1911,32.7065],[130.1926,32.708],[130.2087,32.719],[130.2128,32.7269],[130.2125,32.7432],[130.2092,32.7478],[130.201,32.7484],[130.1969,32.7526],[130.1902,32.7534],[130.1875,32.7564],[130.1922,32.7623],[130.1921,32.7667],[130.1964,32.7739],[130.1886,32.7828],[130.1824,32.785],[130.1612,32.7844],[130.1566,32.7843],[130.1512,32.7867],[130.1477,32.7865],[130.1395,32.7813],[130.1313,32.7789],[130.1043,32.7855],[130.0874,32.7831],[130.0703,32.7756],[130.062,32.768],[130.0546,32.7646],[130.0467,32.7583],[130.0377,32.7563],[130.0308,32.7501],[130.0303,32.7499],[130.0212,32.747],[130.0142,32.7476],[130.0098,32.7501],[130,32.7463],[129.9972,32.7454],[129.9829,32.7533],[129.9723,32.7535],[129.9651,32.7555],[129.9624,32.7593],[129.959,32.7605],[129.9567,32.7588],[129.9575,32.7555],[129.9562,32.7531],[129.9514,32.7471],[129.9581,32.7359],[129.9587,32.7297],[129.9546,32.726],[129.9488,32.7248],[129.9459,32.7222],[129.9459,32.7155],[129.9388,32.7086],[129.9362,32.7108],[129.9335,32.7101],[129.9312,32.7043],[129.9307,32.7031],[129.9262,32.6976],[129.9214,32.7016],[129.9184,32.7008],[129.9153,32.6966],[129.9187,32.6886],[129.9168,32.6821],[129.9094,32.6736],[129.9012,32.6527],[129.8951,32.6475],[129.8842,32.6438],[129.8786,32.6379],[129.8695,32.6364],[129.855,32.6308],[129.8478,32.6323],[129.8446,32.6288],[129.8439,32.628],[129.8417,32.6203],[129.8442,32.6149],[129.8435,32.6126],[129.8381,32.6058],[129.8106,32.5846],[129.801,32.5795],[129.7864,32.5764],[129.7848,32.573],[129.7888,32.5689],[129.7865,32.5674],[129.7831,32.5683],[129.7776,32.5753],[129.7712,32.5761],[129.7596,32.5729],[129.7551,32.5676],[129.7532,32.5672],[129.7479,32.5659],[129.7436,32.5627],[129.739,32.5726],[129.7414,32.5759],[129.7467,32.5784],[129.7521,32.5845],[129.756,32.5857],[129.7599,32.5811],[129.7622,32.5821],[129.764,32.588],[129.7844,32.5997],[129.7876,32.6059],[129.7935,32.6074],[129.7979,32.6226],[129.808,32.6342],[129.8119,32.6424],[129.8126,32.644],[129.8159,32.6479],[129.8228,32.6492],[129.8234,32.6537],[129.8201,32.6668],[129.8248,32.6782],[129.8294,32.6809],[129.8371,32.6821],[129.8389,32.6886],[129.8426,32.6905],[129.8473,32.6882],[129.8532,32.7005],[129.8538,32.7084],[129.8615,32.7167],[129.8647,32.726],[129.8743,32.7341],[129.8754,32.7371],[129.875,32.7381],[129.872,32.7464],[129.865,32.7535],[129.8628,32.7534],[129.867,32.7444],[129.8667,32.7401],[129.8588,32.7302],[129.8557,32.7223],[129.8472,32.7143],[129.8399,32.718],[129.833,32.7133],[129.8297,32.7128],[129.8298,32.7169],[129.8338,32.7197],[129.8307,32.7215],[129.8335,32.7261],[129.8295,32.731],[129.8302,32.7353],[129.8279,32.7377],[129.8239,32.7384],[129.8146,32.732],[129.8094,32.7369],[129.8109,32.7428],[129.8152,32.7483],[129.8143,32.7511],[129.8104,32.7532],[129.8024,32.752],[129.7974,32.7539],[129.796,32.7563],[129.8009,32.7608],[129.802,32.7642],[129.7999,32.7687],[129.7926,32.7719],[129.7904,32.7787],[129.7824,32.7805],[129.7778,32.7876],[129.7713,32.7878],[129.7691,32.7916],[129.7847,32.8194],[129.7829,32.8193],[129.7773,32.8191],[129.7719,32.8132],[129.7651,32.8164],[129.7615,32.8157],[129.7577,32.8122],[129.752,32.815],[129.7475,32.8137],[129.7447,32.8095],[129.746,32.8046],[129.7414,32.7984],[129.7316,32.8088],[129.7231,32.8141],[129.7207,32.8223],[129.7146,32.824],[129.7045,32.8234],[129.7028,32.8295],[129.6885,32.8411],[129.6868,32.8459],[129.6847,32.8521],[129.6792,32.8611],[129.6797,32.871],[129.6709,32.8809],[129.6615,32.903],[129.6633,32.9093],[129.6578,32.9115],[129.6469,32.9256],[129.6394,32.9274],[129.6412,32.9324],[129.6391,32.938],[129.6317,32.9432],[129.6338,32.9461],[129.6315,32.9524],[129.6345,32.9557],[129.6325,32.9682],[129.6353,32.9761],[129.6454,32.984],[129.6531,32.9818],[129.6572,32.9921],[129.6621,32.9955],[129.6572,33.0028],[129.6501,33.0134],[129.6521,33.0211],[129.6516,33.0289],[129.6533,33.0327],[129.6564,33.0346],[129.6595,33.0328],[129.6638,33.0354],[129.6635,33.0453],[129.6668,33.0485],[129.6665,33.0557],[129.6766,33.0562],[129.674,33.0605],[129.6647,33.0608],[129.6637,33.0622],[129.6744,33.066],[129.6759,33.068],[129.6752,33.0699],[129.672,33.0707],[129.6665,33.0692],[129.6647,33.0709],[129.6787,33.0803],[129.6796,33.0809],[129.6761,33.0845],[129.6766,33.0879],[129.6805,33.0914],[129.6856,33.0911],[129.705,33.0811],[129.71,33.0757],[129.7129,33.0779],[129.7232,33.0734],[129.7244,33.0715],[129.7189,33.0672],[129.721,33.062],[129.7316,33.0692],[129.7342,33.068],[129.736,33.066],[129.7375,33.0574],[129.7364,33.0538],[129.7288,33.0474],[129.7292,33.0453],[129.7321,33.0444],[129.7335,33.0407],[129.7359,33.0408],[129.7384,33.0443],[129.7408,33.0446],[129.7433,33.0449],[129.742,33.0487],[129.7498,33.054],[129.7559,33.0458],[129.7647,33.0394],[129.7634,33.0365],[129.752,33.0304],[129.7465,33.0195],[129.738,33.008],[129.7384,32.9993],[129.7407,32.9975],[129.7408,32.995],[129.7371,32.9929],[129.742,32.986],[129.7439,32.9861],[129.7469,32.9901],[129.7532,32.9902],[129.7562,32.9939],[129.7622,32.9899],[129.7658,32.9924],[129.7697,32.995],[129.7629,32.9988],[129.7566,32.9992],[129.7559,33.0006],[129.765,33.009],[129.7632,33.0133],[129.7669,33.0151],[129.7693,33.0148],[129.7784,33.0053],[129.7829,33.0039],[129.7888,32.9994],[129.7948,33.0032],[129.8038,33.0004],[129.8065,32.9957],[129.8125,32.9923],[129.8165,32.9774],[129.8188,32.9789],[129.8214,32.9778],[129.8273,32.9662],[129.8245,32.9655],[129.8232,32.9632],[129.8226,32.9621],[129.8152,32.9587],[129.8115,32.9529],[129.8193,32.9481],[129.8226,32.9346],[129.8209,32.9308],[129.8182,32.9305],[129.8175,32.9284],[129.8205,32.9251],[129.8189,32.9226],[129.8203,32.9189],[129.8181,32.9156],[129.8098,32.9101],[129.8057,32.9107],[129.8037,32.9127],[129.8024,32.9164],[129.8042,32.9255],[129.8023,32.9295],[129.7978,32.927],[129.7968,32.9287],[129.8002,32.9404],[129.8033,32.9446],[129.8015,32.9466],[129.7976,32.9454],[129.7939,32.9425],[129.7918,32.9409],[129.7897,32.9353],[129.7903,32.9226],[129.7932,32.9098],[129.7962,32.9067],[129.7925,32.9055],[129.7899,32.9002],[129.7904,32.8958],[129.7973,32.8942],[129.799,32.9008],[129.8095,32.9004],[129.8105,32.8887],[129.815,32.8866],[129.8118,32.8771],[129.8074,32.8739],[129.8012,32.874],[129.8005,32.8787],[129.7954,32.8764],[129.7958,32.8707],[129.7954,32.8693],[129.7932,32.8616],[129.7944,32.8597],[129.797,32.8621],[129.8002,32.8615],[129.806,32.8558],[129.8155,32.8553],[129.8279,32.8468],[129.8317,32.8408],[129.8455,32.8331],[129.8522,32.8245],[129.855,32.8255],[129.858,32.832],[129.8555,32.8457],[129.8584,32.8551],[129.8617,32.8547],[129.8655,32.8411],[129.8659,32.8398],[129.8691,32.8355],[129.8726,32.8353],[129.8744,32.8375],[129.8743,32.846],[129.8774,32.8541],[129.8814,32.8564],[129.8836,32.8608],[129.8824,32.8689],[129.8841,32.8732],[129.8868,32.8726],[129.891,32.8673],[129.8981,32.8648],[129.9012,32.8727],[129.9035,32.8739],[129.9058,32.8729],[129.9139,32.8621],[129.9202,32.8594],[129.9329,32.858],[129.936,32.8523],[129.9411,32.8554],[129.9483,32.8556],[129.9545,32.8558],[129.9641,32.8467],[129.9649,32.8403],[129.9768,32.843],[129.9819,32.8413],[129.9867,32.8337],[129.9936,32.8315],[130,32.829],[130.0025,32.827],[130.0052,32.8265],[130.0147,32.838],[130.0126,32.8393],[130.0023,32.8385],[130,32.8399],[129.9952,32.8417],[129.9838,32.8552],[129.9778,32.8581],[129.9753,32.8612],[129.9687,32.8635],[129.9663,32.8668],[129.9666,32.8714],[129.9677,32.874],[129.9683,32.8754],[129.9748,32.8787],[129.9729,32.8811],[129.9653,32.882],[129.962,32.8811],[129.9593,32.8847],[129.9535,32.8843],[129.9511,32.8875],[129.9583,32.8926],[129.9593,32.8948],[129.953,32.9011],[129.9467,32.9036],[129.9395,32.909],[129.9314,32.9169],[129.936,32.9536],[129.941,32.965],[129.9415,32.9656],[129.9486,32.9742],[129.9504,32.9798],[129.9461,32.9943],[129.9467,33.0051],[129.9393,33.0142],[129.9281,33.0215],[129.916,33.0264],[129.9067,33.0324],[129.8946,33.0478],[129.8875,33.0521],[129.877,33.056],[129.8718,33.056],[129.8644,33.056],[129.8508,33.0455],[129.8482,33.0411],[129.8433,33.0473],[129.8354,33.0381],[129.8341,33.0318],[129.8293,33.0288],[129.8266,33.0301],[129.8261,33.0364],[129.8294,33.0447],[129.8379,33.0518],[129.8372,33.0532],[129.829,33.0566],[129.8263,33.06],[129.8222,33.0598],[129.8207,33.0546],[129.8138,33.0607],[129.805,33.0591],[129.8032,33.0606],[129.8042,33.0611],[129.8083,33.0631],[129.805,33.066],[129.8085,33.0697],[129.8076,33.0712],[129.803,33.0717],[129.7988,33.0779],[129.7961,33.0785],[129.7924,33.0759],[129.785,33.0754],[129.7808,33.0706],[129.7735,33.0715],[129.7718,33.0741],[129.7728,33.0906],[129.7695,33.0894],[129.767,33.0863],[129.7643,33.0729],[129.7662,33.0691],[129.7731,33.0667],[129.7771,33.0589],[129.7823,33.0581],[129.7845,33.055],[129.7829,33.0528],[129.776,33.0501],[129.7731,33.049],[129.7705,33.0434],[129.7643,33.0474],[129.7627,33.0514],[129.7654,33.0554],[129.7629,33.0581],[129.7459,33.057],[129.744,33.0642],[129.7467,33.0672],[129.7458,33.0701],[129.7428,33.073],[129.7334,33.0953],[129.7346,33.0969],[129.7425,33.0962],[129.7499,33.0935],[129.7526,33.094],[129.7539,33.096],[129.752,33.1026],[129.7472,33.1074],[129.7459,33.1119],[129.7481,33.1163],[129.7485,33.117],[129.751,33.1178],[129.7546,33.1155],[129.7595,33.1083],[129.7619,33.1082],[129.7641,33.1113],[129.7605,33.1179],[129.7637,33.1198],[129.7714,33.1173],[129.7739,33.1176],[129.7748,33.1194],[129.7734,33.1225],[129.7647,33.1262],[129.7646,33.1287],[129.7744,33.1341],[129.7835,33.1329],[129.79,33.1351],[129.7869,33.1378],[129.7818,33.1385],[129.7776,33.1367],[129.7676,33.138],[129.7615,33.1339],[129.7584,33.1355],[129.7557,33.14],[129.7513,33.1393],[129.7488,33.1314],[129.7451,33.1271],[129.7373,33.125],[129.7353,33.1196],[129.7313,33.1214],[129.7299,33.1277],[129.7231,33.1317],[129.7241,33.1365],[129.7301,33.1408],[129.7298,33.1431],[129.7266,33.1449],[129.7298,33.1497],[129.7301,33.1575],[129.7274,33.1611],[129.7211,33.1585],[129.718,33.1605],[129.7165,33.1615],[129.7094,33.1587],[129.704,33.1592],[129.7032,33.1528],[129.7097,33.1481],[129.7125,33.1417],[129.7088,33.136],[129.7126,33.1332],[129.7142,33.126],[129.7133,33.1169],[129.7107,33.1159],[129.7144,33.1109],[129.703,33.1083],[129.6933,33.1093],[129.6872,33.1076],[129.6772,33.1134],[129.6758,33.1089],[129.6774,33.101],[129.6743,33.0959],[129.6698,33.0941],[129.6695,33.0948],[129.6666,33.1025],[129.6603,33.1125],[129.6617,33.1175],[129.6584,33.1229],[129.6621,33.125],[129.6655,33.1241],[129.6699,33.12],[129.6746,33.1216],[129.6809,33.1215],[129.6826,33.1257],[129.6873,33.1268],[129.6895,33.1306],[129.6989,33.1322],[129.6954,33.1363],[129.6898,33.1382],[129.683,33.1452],[129.6825,33.1498],[129.6843,33.155],[129.6719,33.1608],[129.6677,33.1594],[129.6652,33.1614],[129.6639,33.1658],[129.6566,33.1635],[129.6512,33.1672],[129.6434,33.163],[129.6413,33.1638],[129.6467,33.1695],[129.6488,33.1754],[129.6534,33.1747],[129.6565,33.1802],[129.6556,33.1856],[129.6585,33.1877],[129.6575,33.1894],[129.6503,33.1916],[129.649,33.196],[129.65,33.2015],[129.644,33.2117],[129.6419,33.2242],[129.643,33.2278],[129.6398,33.2252],[129.6372,33.2162],[129.6392,33.2036],[129.6407,33.1944],[129.6387,33.1902],[129.6344,33.1874],[129.6236,33.1882],[129.6226,33.1972],[129.6179,33.1998],[129.6144,33.1972],[129.6123,33.198],[129.6083,33.1955],[129.6063,33.2014],[129.6102,33.2135],[129.6067,33.2142],[129.6044,33.2127],[129.5994,33.2038],[129.593,33.2055],[129.5901,33.2041],[129.5838,33.2102],[129.5768,33.2083],[129.5692,33.2094],[129.5622,33.2068],[129.5602,33.2087],[129.5626,33.2122],[129.5593,33.2159],[129.5626,33.2194],[129.5592,33.2251],[129.5605,33.2268],[129.5645,33.2264],[129.5689,33.2229],[129.5703,33.2268],[129.5686,33.2331],[129.5665,33.2345],[129.5626,33.2329],[129.5599,33.2338],[129.5598,33.2365],[129.5626,33.2405],[129.567,33.2416],[129.5694,33.2443],[129.5674,33.2492],[129.5702,33.2522],[129.5727,33.2549],[129.5749,33.2616],[129.5781,33.2649],[129.5768,33.2721],[129.5792,33.275],[129.5821,33.2739],[129.5814,33.265],[129.5826,33.2633],[129.5924,33.2696],[129.5886,33.2871],[129.608,33.3048],[129.6187,33.305],[129.6102,33.3093],[129.6015,33.3064],[129.593,33.3],[129.592,33.2993],[129.5893,33.2999],[129.5855,33.3045],[129.5809,33.3015],[129.5652,33.321],[129.5647,33.3244],[129.5669,33.3285],[129.5704,33.3287],[129.5771,33.3263],[129.5754,33.333],[129.5789,33.3503],[129.578,33.3593],[129.5741,33.3689],[129.5814,33.3757],[129.5873,33.3735],[129.598,33.3745],[129.6,33.3717],[129.5989,33.3711],[129.5957,33.3696],[129.5963,33.3668],[129.6007,33.3661],[129.6038,33.3682],[129.6076,33.3673],[129.6096,33.3652],[129.6157,33.369],[129.6203,33.3694],[129.6302,33.3587],[129.6337,33.3583],[129.6322,33.3639],[129.6351,33.3654],[129.642,33.3625],[129.648,33.3628],[129.6506,33.3675],[129.6582,33.3666],[129.6621,33.3747],[129.6689,33.378],[129.6694,33.3805],[129.6657,33.386],[129.6723,33.3932],[129.6781,33.3949],[129.6797,33.3939],[129.6808,33.3865],[129.6818,33.386],[129.6842,33.3847],[129.6846,33.3787],[129.6805,33.3787],[129.6777,33.3649],[129.6741,33.3605],[129.683,33.3487],[129.687,33.3473],[129.693,33.3507],[129.6977,33.3474],[129.7016,33.3479],[129.706,33.3422],[129.7101,33.3415],[129.7167,33.3452],[129.7227,33.3458],[129.7287,33.3489],[129.746,33.3636],[129.75,33.365],[129.7543,33.3647],[129.7617,33.3617],[129.7628,33.3613],[129.772,33.3502],[129.7743,33.3507],[129.7767,33.3573],[129.7761,33.363],[129.7856,33.3699],[129.7909,33.3675],[129.7944,33.3636],[129.7951,33.3611],[129.793,33.3561],[129.7966,33.3463],[129.7968,33.3391]]]]}},{"type":"Feature","properties":{"name":"熊本県"},"geometry":{"type":"MultiPolygon","coordinates":[[[[131.1131,33.1797],[131.1211,33.1666],[131.1343,33.1621],[131.1419,33.155],[131.1513,33.1489],[131.1579,33.1403],[131.1659,33.1332],[131.1682,33.1163],[131.1752,33.101],[131.1756,33.0833],[131.1849,33.0737],[131.196,33.0739],[131.2062,33.0604],[131.2191,33.0499],[131.2204,33.0388],[131.2235,33.0275],[131.228,33.0177],[131.2306,33.007],[131.2407,33.0],[131.2487,32.9935],[131.2489,32.9809],[131.2661,32.972],[131.2597,32.9629],[131.25,32.9603],[131.25,32.9453],[131.25,32.9301],[131.2553,32.9216],[131.2564,32.9052],[131.2565,32.895],[131.2597,32.8837],[131.2753,32.878],[131.2763,32.8675],[131.287,32.8628],[131.2952,32.8554],[131.3057,32.8513],[131.3159,32.8479],[131.3245,32.8405],[131.3309,32.8293],[131.3114,32.8247],[131.2977,32.8252],[131.2874,32.8278],[131.2773,32.8225],[131.2672,32.8225],[131.2601,32.8148],[131.2577,32.8041],[131.25,32.7974],[131.2481,32.7865],[131.2387,32.7799],[131.2428,32.7704],[131.2465,32.7602],[131.2394,32.7519],[131.2373,32.7412],[131.2264,32.7349],[131.2186,32.7279],[131.2082,32.7267],[131.1986,32.7232],[131.1879,32.7136],[131.1842,32.703],[131.1795,32.6937],[131.177,32.6837],[131.1776,32.6737],[131.1654,32.6684],[131.1583,32.6754],[131.1476,32.6736],[131.1375,32.6581],[131.1294,32.6505],[131.125,32.6407],[131.1217,32.6241],[131.1184,32.6121],[131.1231,32.6019],[131.1166,32.59],[131.1084,32.5833],[131.0932,32.5754],[131.08,32.5788],[131.0701,32.5809],[131.0569,32.5843],[131.0446,32.5742],[131.0409,32.5639],[131.0423,32.5532],[131.0318,32.5506],[131.0218,32.5459],[131.0231,32.5354],[131.0264,32.5257],[131.0217,32.5164],[131.0114,32.5113],[131.011,32.5],[131.0094,32.4866],[131.0162,32.4767],[131.0176,32.4665],[131.0187,32.4479],[131.0223,32.4379],[131.0287,32.429],[131.0345,32.4201],[131.0437,32.4087],[131.0536,32.4048],[131.0661,32.4047],[131.0724,32.396],[131.0716,32.385],[131.0777,32.3755],[131.0782,32.3654],[131.0756,32.3554],[131.0862,32.3496],[131.0963,32.3471],[131.105,32.3387],[131.1143,32.3262],[131.1078,32.3177],[131.1037,32.3083],[131.0968,32.2985],[131.0901,32.2897],[131.0825,32.2817],[131.0731,32.2768],[131.054,32.2806],[131.0538,32.2612],[131.0441,32.2551],[131.0491,32.2406],[131.0659,32.2382],[131.0731,32.2308],[131.0762,32.2203],[131.0822,32.2101],[131.0913,32.2023],[131.1027,32.1973],[131.1066,32.1879],[131.1045,32.1773],[131.1058,32.1666],[131.1112,32.1579],[131.1015,32.1516],[131.0905,32.1509],[131.0789,32.1547],[131.0667,32.1532],[131.0564,32.1543],[131.0464,32.1592],[131.0396,32.1666],[131.0216,32.1666],[131.0101,32.1688],[131.0009,32.1582],[130.9912,32.142],[130.9812,32.1368],[130.9758,32.1281],[130.9745,32.1176],[130.9637,32.1166],[130.9544,32.112],[130.9449,32.1153],[130.9352,32.1125],[130.9246,32.1202],[130.9114,32.1272],[130.9012,32.1258],[130.8911,32.1197],[130.8806,32.1178],[130.868,32.1044],[130.8605,32.0964],[130.8508,32.1006],[130.8392,32.1032],[130.8292,32.0992],[130.8218,32.0915],[130.8112,32.0955],[130.8002,32.0953],[130.7899,32.0956],[130.7789,32.0972],[130.7674,32.0972],[130.75,32.0999],[130.74,32.103],[130.7302,32.0986],[130.7144,32.1005],[130.7045,32.1026],[130.6952,32.1086],[130.6872,32.1148],[130.6772,32.1206],[130.6669,32.1266],[130.6571,32.1331],[130.6539,32.1479],[130.6424,32.1493],[130.625,32.1533],[130.6185,32.168],[130.6147,32.1791],[130.6049,32.1839],[130.5939,32.1826],[130.5928,32.1666],[130.5868,32.1565],[130.5773,32.1512],[130.567,32.1512],[130.5565,32.1493],[130.546,32.1464],[130.5419,32.136],[130.5311,32.1334],[130.5201,32.1323],[130.5105,32.1373],[130.4994,32.1323],[130.4887,32.134],[130.4786,32.1292],[130.4784,32.1183],[130.4676,32.1162],[130.4582,32.11],[130.4477,32.1127],[130.4369,32.1112],[130.4264,32.1139],[130.4152,32.1155],[130.4052,32.1168],[130.4002,32.1258],[130.3931,32.1335],[130.3891,32.1435],[130.375,32.1549],[130.3673,32.1611],[130.3691,32.1659],[130.3748,32.1687],[130.3734,32.1715],[130.3698,32.1732],[130.367,32.1751],[130.3697,32.1776],[130.3732,32.1776],[130.3778,32.1747],[130.3834,32.1882],[130.3916,32.1966],[130.3899,32.1992],[130.3853,32.1981],[130.3835,32.1994],[130.3841,32.2014],[130.3866,32.203],[130.3889,32.2091],[130.3937,32.21],[130.3984,32.2134],[130.3997,32.2212],[130.4034,32.2219],[130.4066,32.2281],[130.4106,32.2292],[130.4174,32.227],[130.4269,32.2315],[130.4358,32.2293],[130.4448,32.2292],[130.448,32.2319],[130.4429,32.2374],[130.4321,32.241],[130.4383,32.2532],[130.434,32.258],[130.4359,32.2615],[130.4425,32.2593],[130.4472,32.265],[130.452,32.2663],[130.451,32.27],[130.4559,32.2757],[130.4544,32.2804],[130.4582,32.2846],[130.4649,32.2835],[130.4691,32.2733],[130.4724,32.2725],[130.4738,32.2771],[130.4692,32.2857],[130.4708,32.2874],[130.4735,32.2878],[130.4787,32.283],[130.4828,32.2816],[130.4896,32.2887],[130.4919,32.2879],[130.4944,32.2902],[130.4904,32.2937],[130.4788,32.2947],[130.4765,32.299],[130.4743,32.3118],[130.4702,32.3137],[130.4696,32.316],[130.4716,32.3217],[130.4751,32.3206],[130.4772,32.3252],[130.4835,32.3209],[130.4857,32.321],[130.4839,32.3305],[130.4859,32.3373],[130.4907,32.342],[130.5034,32.3458],[130.5069,32.3478],[130.5086,32.3488],[130.5094,32.3551],[130.5061,32.356],[130.5038,32.354],[130.4969,32.3567],[130.4938,32.3557],[130.492,32.3567],[130.4942,32.3603],[130.5106,32.3782],[130.5159,32.3864],[130.52,32.3874],[130.5339,32.3984],[130.5489,32.4111],[130.5509,32.4158],[130.5769,32.4329],[130.5696,32.4458],[130.574,32.4592],[130.5729,32.462],[130.5796,32.4709],[130.5805,32.4749],[130.5698,32.4729],[130.5544,32.472],[130.5505,32.4735],[130.5481,32.4867],[130.5486,32.4888],[130.5507,32.4887],[130.5721,32.4928],[130.5755,32.4929],[130.5806,32.4935],[130.5937,32.4896],[130.5981,32.4896],[130.6009,32.4925],[130.5937,32.4931],[130.5896,32.4956],[130.5891,32.499],[130.5949,32.4999],[130.5874,32.5051],[130.5636,32.5109],[130.5515,32.5157],[130.5493,32.5179],[130.5498,32.5287],[130.5552,32.538],[130.5606,32.5395],[130.5699,32.5386],[130.5811,32.5545],[130.5894,32.5651],[130.5951,32.5668],[130.6016,32.5688],[130.6103,32.5692],[130.6005,32.5735],[130.6088,32.5813],[130.6128,32.5801],[130.6142,32.5791],[130.6208,32.5766],[130.6234,32.5747],[130.6246,32.5739],[130.6255,32.5744],[130.6254,32.5769],[130.6229,32.5803],[130.6178,32.5828],[130.6126,32.5867],[130.6149,32.5881],[130.6233,32.5852],[130.6318,32.5934],[130.6375,32.5958],[130.6535,32.5835],[130.6602,32.5765],[130.6637,32.5759],[130.6638,32.5805],[130.6542,32.5873],[130.6503,32.5937],[130.6638,32.6174],[130.6652,32.6276],[130.658,32.6359],[130.6494,32.6348],[130.6419,32.6294],[130.636,32.6283],[130.6298,32.6271],[130.6228,32.6276],[130.6034,32.6198],[130.5981,32.6189],[130.594,32.621],[130.5782,32.6179],[130.5692,32.6197],[130.5635,32.6162],[130.5576,32.619],[130.552,32.6175],[130.5455,32.619],[130.5416,32.6159],[130.5318,32.6145],[130.5205,32.6076],[130.5147,32.6059],[130.5087,32.6076],[130.5023,32.6075],[130.4981,32.6072],[130.4917,32.6063],[130.4825,32.6051],[130.4751,32.601],[130.4688,32.6004],[130.4662,32.602],[130.4648,32.6104],[130.4557,32.6189],[130.4586,32.6241],[130.4651,32.6284],[130.4956,32.6426],[130.504,32.6494],[130.5149,32.652],[130.5315,32.6618],[130.5404,32.6645],[130.5491,32.6698],[130.5492,32.6714],[130.5518,32.6731],[130.5563,32.6825],[130.5648,32.6911],[130.57,32.6939],[130.5972,32.7022],[130.6089,32.7079],[130.6274,32.7055],[130.635,32.7026],[130.6428,32.6944],[130.6423,32.7009],[130.6379,32.7065],[130.6123,32.7147],[130.6107,32.7168],[130.6126,32.7219],[130.6091,32.7259],[130.6135,32.7351],[130.6054,32.7578],[130.6076,32.7684],[130.6106,32.7704],[130.6165,32.7714],[130.6229,32.7688],[130.6281,32.7684],[130.6299,32.7702],[130.626,32.7729],[130.6158,32.7745],[130.6134,32.7766],[130.6169,32.7827],[130.6222,32.784],[130.6179,32.7894],[130.6126,32.791],[130.6111,32.798],[130.6072,32.8026],[130.6009,32.8046],[130.6002,32.8073],[130.6037,32.8135],[130.6028,32.8156],[130.5954,32.8202],[130.5816,32.8286],[130.577,32.8338],[130.5853,32.8485],[130.5833,32.8517],[130.5777,32.8504],[130.5748,32.846],[130.5718,32.8461],[130.5406,32.8563],[130.5324,32.8609],[130.5312,32.8635],[130.533,32.8691],[130.5436,32.882],[130.5463,32.8894],[130.5455,32.8936],[130.5348,32.8783],[130.528,32.8755],[130.5243,32.8755],[130.5175,32.8778],[130.5112,32.8827],[130.5021,32.8851],[130.4565,32.9147],[130.4534,32.9168],[130.4445,32.9188],[130.4416,32.9222],[130.4437,32.9298],[130.4337,32.9694],[130.4352,32.9753],[130.4313,32.9808],[130.4336,32.9865],[130.4275,32.9925],[130.4185,32.9966],[130.4167,33.0004],[130.4236,33.001],[130.4242,33.0034],[130.4694,32.9994],[130.4826,33.0],[130.5093,33.0031],[130.5157,33.013],[130.5097,33.0219],[130.5067,33.0325],[130.5,33.0489],[130.5083,33.0554],[130.5185,33.0609],[130.5284,33.063],[130.5361,33.0696],[130.5444,33.0783],[130.5556,33.08],[130.5659,33.0898],[130.5641,33.1008],[130.5735,33.1057],[130.5823,33.1127],[130.593,33.1104],[130.6053,33.1104],[130.6152,33.1053],[130.6251,33.1076],[130.6378,33.1084],[130.6482,33.1072],[130.6583,33.1053],[130.6621,33.1159],[130.6639,33.1264],[130.6711,33.135],[130.6694,33.1449],[130.6746,33.1553],[130.6852,33.1666],[130.6932,33.1606],[130.6933,33.1495],[130.7036,33.1491],[130.7141,33.1518],[130.7238,33.1486],[130.7343,33.1511],[130.7407,33.1425],[130.75,33.1374],[130.7587,33.1297],[130.768,33.1252],[130.7802,33.1202],[130.7915,33.1207],[130.8012,33.1171],[130.8115,33.1129],[130.8218,33.1089],[130.8316,33.1032],[130.8456,33.1032],[130.8453,33.0907],[130.8646,33.0919],[130.875,33.0889],[130.8895,33.0833],[130.8959,33.0708],[130.9026,33.0608],[130.9135,33.0585],[130.9202,33.0498],[130.9311,33.0489],[130.9418,33.0489],[130.952,33.0475],[130.961,33.0388],[130.9648,33.0293],[130.9724,33.0204],[130.9917,33.0202],[131.0041,33.0283],[131.0099,33.0377],[131.0165,33.047],[131.0182,33.0572],[131.0133,33.0666],[131.0168,33.0763],[131.0256,33.0833],[131.0154,33.0964],[131.0091,33.1051],[131.0,33.1134],[130.9965,33.1241],[130.9833,33.135],[130.9887,33.1488],[130.9898,33.1666],[130.9998,33.1774],[131.0227,33.1774],[131.0348,33.1832],[131.0416,33.1907],[131.0523,33.1909],[131.0625,33.1917],[131.074,33.1872],[131.0848,33.185],[131.1036,33.1843],[131.1131,33.1797]]]]}},{"type":"Feature","properties":{"name":"鹿児島県"},"geometry":{"type":"MultiPolygon","coordinates":[[[[130.5939,32.1826],[130.6049,32.1839],[130.6147,32.1791],[130.6185,32.168],[130.625,32.1533],[130.6424,32.1493],[130.6539,32.1479],[130.6571,32.1331],[130.6669,32.1266],[130.6772,32.1206],[130.6872,32.1148],[130.6952,32.1086],[130.7045,32.1026],[130.7144,32.1005],[130.7302,32.0986],[130.7187,32.0833],[130.7086,32.0765],[130.706,32.0661],[130.7057,32.0553],[130.7147,32.0484],[130.7254,32.0488],[130.7386,32.0453],[130.75,32.0314],[130.7632,32.0247],[130.7713,32.0166],[130.7805,32.0112],[130.7809,32.0],[130.7834,31.9891],[130.7851,31.9785],[130.7931,31.9713],[130.7988,31.9614],[130.8016,31.9499],[130.8138,31.9413],[130.8339,31.9381],[130.8453,31.9376],[130.8566,31.9349],[130.872,31.9245],[130.8831,31.9182],[130.8887,31.9065],[130.8942,31.898],[130.8991,31.8873],[130.8933,31.8635],[130.8906,31.8537],[130.8882,31.8434],[130.8779,31.8402],[130.8796,31.8213],[130.8814,31.8114],[130.8866,31.802],[130.9073,31.798],[130.9195,31.7976],[130.9279,31.791],[130.9346,31.7821],[130.9449,31.7815],[130.9551,31.7802],[130.9684,31.7779],[130.9789,31.7789],[130.9894,31.7766],[130.9929,31.7669],[130.9835,31.7597],[130.9801,31.75],[130.9894,31.7462],[131.0,31.7426],[131.0101,31.7449],[131.0202,31.7418],[131.019,31.7316],[131.0188,31.717],[131.0202,31.7026],[131.0288,31.6951],[131.0279,31.6849],[131.0284,31.6736],[131.0367,31.6588],[131.0457,31.6523],[131.0508,31.6416],[131.0562,31.6314],[131.0652,31.6406],[131.0731,31.6505],[131.0816,31.6566],[131.0919,31.6499],[131.0988,31.6421],[131.1087,31.6357],[131.1177,31.6289],[131.1343,31.6236],[131.1453,31.627],[131.1562,31.6305],[131.1663,31.6336],[131.1806,31.6245],[131.1902,31.6211],[131.1885,31.6088],[131.1905,31.599],[131.1998,31.5915],[131.2054,31.581],[131.2062,31.5705],[131.202,31.5607],[131.1928,31.5542],[131.1999,31.5408],[131.2021,31.5303],[131.2025,31.5179],[131.1993,31.5082],[131.1891,31.5042],[131.1783,31.5],[131.1709,31.4892],[131.1653,31.4801],[131.1641,31.4631],[131.1667,31.4488],[131.1528,31.4562],[131.1424,31.4534],[131.1383,31.4565],[131.1213,31.4633],[131.1071,31.4627],[131.0969,31.4579],[131.0834,31.4475],[131.0659,31.4341],[131.0615,31.4325],[131.0378,31.4099],[131.0284,31.394],[131.0215,31.3775],[131.0197,31.3535],[131.0121,31.3514],[130.9905,31.3508],[130.9859,31.3486],[130.9902,31.3462],[130.9991,31.3451],[131.0245,31.3472],[131.042,31.3458],[131.0569,31.3415],[131.0663,31.3362],[131.0866,31.3322],[131.0955,31.3274],[131.1104,31.325],[131.112,31.3219],[131.1081,31.3152],[131.1099,31.3124],[131.1114,31.3099],[131.1096,31.3027],[131.0982,31.2986],[131.0806,31.2843],[131.0781,31.278],[131.0796,31.2734],[131.0852,31.2703],[131.0907,31.269],[131.1072,31.2692],[131.1235,31.2781],[131.1296,31.2783],[131.1329,31.2763],[131.1341,31.2728],[131.1316,31.2682],[131.1166,31.2585],[131.1107,31.2506],[131.1044,31.2511],[131.1006,31.2494],[131.0878,31.2383],[131.0812,31.2344],[131.0733,31.2242],[131.07,31.2218],[131.0665,31.2194],[131.0601,31.2168],[131.0437,31.2212],[131.0338,31.2201],[131.0262,31.2179],[131.0148,31.2073],[131.0073,31.1849],[130.9936,31.1742],[130.9923,31.1637],[130.9901,31.1605],[130.9797,31.1592],[130.9766,31.1546],[130.9769,31.152],[130.9807,31.1507],[130.9829,31.1479],[130.9822,31.145],[130.9748,31.1376],[130.9657,31.1314],[130.9649,31.1309],[130.9272,31.1161],[130.9183,31.1052],[130.9059,31.1029],[130.8914,31.0961],[130.8707,31.0892],[130.8461,31.084],[130.8382,31.0842],[130.8344,31.0828],[130.8291,31.0809],[130.8195,31.0816],[130.8101,31.0733],[130.8018,31.0742],[130.7934,31.0646],[130.7772,31.0611],[130.7694,31.0572],[130.7671,31.0548],[130.7668,31.0503],[130.7641,31.0489],[130.7532,31.0513],[130.7377,31.0426],[130.7258,31.0385],[130.7218,31.0348],[130.72,31.0304],[130.7227,31.0281],[130.7236,31.0274],[130.7228,31.0224],[130.7203,31.0215],[130.7165,31.0237],[130.7101,31.0239],[130.7008,31.0171],[130.6957,31.0176],[130.6922,31.0163],[130.6904,31.0132],[130.6937,31.0102],[130.6942,31.006],[130.6914,31.0014],[130.6856,30.9973],[130.6831,30.999],[130.6783,30.9995],[130.6699,30.9921],[130.6621,30.989],[130.6591,30.9914],[130.6581,30.9945],[130.6603,31.0017],[130.674,31.0184],[130.6772,31.0253],[130.681,31.0337],[130.6788,31.0474],[130.68,31.0525],[130.6767,31.0601],[130.6724,31.062],[130.6673,31.0614],[130.663,31.0629],[130.6615,31.066],[130.6661,31.0727],[130.6739,31.0795],[130.6815,31.0828],[130.6936,31.0923],[130.7068,31.0967],[130.7172,31.1072],[130.7272,31.1109],[130.7301,31.112],[130.7344,31.1157],[130.7476,31.1335],[130.7605,31.1614],[130.7651,31.1797],[130.7643,31.1839],[130.7557,31.1989],[130.757,31.2042],[130.762,31.2105],[130.7671,31.2042],[130.7747,31.2033],[130.7706,31.2094],[130.7701,31.2164],[130.7727,31.2246],[130.7904,31.2418],[130.7912,31.251],[130.7955,31.2654],[130.7965,31.2782],[130.7945,31.2933],[130.8014,31.3149],[130.8031,31.3255],[130.7991,31.336],[130.7894,31.352],[130.7831,31.3626],[130.7808,31.3726],[130.7727,31.3859],[130.7658,31.4014],[130.7569,31.4149],[130.744,31.4295],[130.7305,31.4406],[130.7155,31.4502],[130.7099,31.4522],[130.709,31.4533],[130.7018,31.4613],[130.6972,31.5121],[130.701,31.5211],[130.7086,31.5245],[130.7094,31.5276],[130.7043,31.5415],[130.7018,31.5439],[130.6974,31.5448],[130.6939,31.5437],[130.6873,31.5363],[130.6789,31.5435],[130.6782,31.5434],[130.674,31.5428],[130.67,31.545],[130.6471,31.538],[130.6407,31.5383],[130.6321,31.5452],[130.6257,31.5457],[130.6084,31.5637],[130.6023,31.5653],[130.5997,31.5698],[130.5934,31.5718],[130.5921,31.5748],[130.5949,31.5831],[130.5982,31.5842],[130.6017,31.5908],[130.6066,31.5921],[130.6114,31.6006],[130.6124,31.601],[130.6185,31.6038],[130.6244,31.6139],[130.6315,31.6171],[130.6506,31.6171],[130.664,31.6213],[130.6747,31.6204],[130.6786,31.6219],[130.6857,31.6215],[130.6903,31.6174],[130.6974,31.6184],[130.7002,31.6174],[130.7025,31.6093],[130.7073,31.6067],[130.7147,31.5975],[130.7157,31.5927],[130.7122,31.5823],[130.7112,31.579],[130.7145,31.572],[130.7195,31.567],[130.717,31.562],[130.7239,31.559],[130.7236,31.5548],[130.7162,31.5518],[130.7178,31.55],[130.7312,31.552],[130.7485,31.55],[130.7536,31.5509],[130.7681,31.5594],[130.7821,31.5707],[130.7867,31.5792],[130.7875,31.5879],[130.7883,31.5902],[130.791,31.5984],[130.7951,31.6027],[130.801,31.6225],[130.8193,31.6408],[130.8213,31.6463],[130.8104,31.6748],[130.8076,31.677],[130.8012,31.6785],[130.7997,31.6809],[130.801,31.6849],[130.7987,31.6894],[130.7954,31.691],[130.7862,31.6916],[130.7796,31.6929],[130.7694,31.6995],[130.7569,31.7003],[130.7495,31.7025],[130.7455,31.7078],[130.7401,31.706],[130.734,31.7095],[130.7281,31.7093],[130.7197,31.7167],[130.7065,31.7165],[130.6986,31.7215],[130.6871,31.7224],[130.6785,31.7189],[130.6713,31.72],[130.6642,31.7204],[130.6546,31.7148],[130.6532,31.7127],[130.6492,31.7134],[130.6431,31.7062],[130.6321,31.7025],[130.6315,31.702],[130.6255,31.6975],[130.6209,31.6912],[130.6141,31.6688],[130.6225,31.6513],[130.6096,31.6372],[130.6075,31.6265],[130.6042,31.6195],[130.5986,31.6154],[130.5903,31.6127],[130.5834,31.6066],[130.5771,31.5971],[130.5656,31.5872],[130.5654,31.5785],[130.5682,31.5733],[130.5613,31.5709],[130.5652,31.5639],[130.5611,31.5578],[130.5649,31.5471],[130.5621,31.5434],[130.5576,31.5421],[130.5482,31.5389],[130.5428,31.5319],[130.5322,31.5194],[130.5188,31.4824],[130.5171,31.4676],[130.5217,31.4419],[130.5306,31.4146],[130.538,31.409],[130.5403,31.4044],[130.5446,31.4018],[130.5507,31.4029],[130.5553,31.4059],[130.5596,31.4033],[130.5642,31.3942],[130.5658,31.385],[130.5647,31.382],[130.5566,31.3753],[130.5576,31.365],[130.5554,31.3591],[130.5544,31.3573],[130.5592,31.3495],[130.5643,31.3264],[130.5692,31.3159],[130.5768,31.3081],[130.593,31.2996],[130.5992,31.29],[130.6035,31.287],[130.6179,31.2822],[130.6218,31.2704],[130.6263,31.268],[130.6355,31.266],[130.637,31.2656],[130.6603,31.2643],[130.6644,31.2602],[130.6687,31.26],[130.6697,31.2569],[130.6568,31.2395],[130.655,31.2325],[130.6599,31.2164],[130.6588,31.2111],[130.6566,31.2092],[130.6386,31.2063],[130.6353,31.2009],[130.6363,31.1989],[130.6401,31.1985],[130.6434,31.2018],[130.6447,31.1957],[130.6442,31.1936],[130.6429,31.1876],[130.6386,31.1804],[130.6338,31.178],[130.6168,31.1769],[130.6009,31.173],[130.5918,31.1649],[130.5925,31.1623],[130.5986,31.159],[130.5991,31.1573],[130.5961,31.1566],[130.5913,31.1523],[130.5629,31.1684],[130.5575,31.1686],[130.5477,31.1609],[130.545,31.1601],[130.5353,31.1572],[130.5244,31.1581],[130.5195,31.16],[130.514,31.1661],[130.5099,31.1764],[130.5099,31.184],[130.5172,31.1923],[130.5174,31.1958],[130.5146,31.2012],[130.4923,31.2234],[130.475,31.2365],[130.4631,31.2428],[130.4506,31.2417],[130.4362,31.2384],[130.4205,31.2397],[130.4149,31.2414],[130.4126,31.244],[130.4096,31.2444],[130.4055,31.2416],[130.3976,31.2444],[130.3928,31.2409],[130.3685,31.2463],[130.3609,31.2428],[130.3545,31.2424],[130.3403,31.2471],[130.3243,31.2462],[130.3101,31.2566],[130.3007,31.2555],[130.2944,31.2603],[130.2908,31.2607],[130.2848,31.2457],[130.282,31.2433],[130.2729,31.2439],[130.2632,31.2502],[130.2498,31.2469],[130.245,31.2477],[130.2409,31.2512],[130.232,31.2451],[130.2292,31.2466],[130.2214,31.2457],[130.2168,31.2509],[130.2158,31.2546],[130.2165,31.257],[130.2244,31.2581],[130.2274,31.2601],[130.2269,31.2618],[130.2213,31.2614],[130.2188,31.2653],[130.2271,31.2703],[130.2276,31.2736],[130.2255,31.2743],[130.2215,31.2758],[130.2187,31.2806],[130.2047,31.2772],[130.2014,31.2831],[130.2024,31.2857],[130.2128,31.2906],[130.2158,31.2954],[130.227,31.2993],[130.2249,31.303],[130.2191,31.3041],[130.218,31.3098],[130.2106,31.3152],[130.2068,31.3115],[130.2074,31.3084],[130.2018,31.3104],[130.1972,31.3077],[130.1908,31.3136],[130.1799,31.3144],[130.1764,31.319],[130.1789,31.322],[130.1805,31.3225],[130.1862,31.324],[130.1954,31.3236],[130.202,31.325],[130.2065,31.328],[130.2105,31.3372],[130.2,31.3489],[130.1922,31.35],[130.1883,31.3565],[130.1792,31.3587],[130.1713,31.3667],[130.1672,31.3684],[130.1618,31.3754],[130.1562,31.3782],[130.1526,31.383],[130.149,31.393],[130.1454,31.396],[130.1385,31.3991],[130.1347,31.4008],[130.1307,31.4073],[130.1263,31.409],[130.1151,31.4094],[130.1131,31.404],[130.1093,31.4031],[130.1068,31.4083],[130.11,31.4124],[130.1174,31.4171],[130.1219,31.4179],[130.1283,31.4162],[130.136,31.4119],[130.1403,31.413],[130.1481,31.4211],[130.1554,31.424],[130.161,31.4309],[130.1651,31.4314],[130.1722,31.4264],[130.175,31.4225],[130.1766,31.4153],[130.1803,31.4151],[130.1832,31.4149],[130.1909,31.4047],[130.1934,31.4051],[130.1941,31.408],[130.1908,31.4143],[130.1921,31.4173],[130.1961,31.4204],[130.1982,31.4126],[130.198,31.4056],[130.2056,31.3989],[130.2097,31.391],[130.2128,31.3895],[130.2148,31.383],[130.2266,31.3763],[130.2294,31.3771],[130.229,31.3917],[130.233,31.3992],[130.2379,31.4009],[130.2442,31.4005],[130.2455,31.4014],[130.2526,31.406],[130.2561,31.4108],[130.2665,31.4128],[130.2779,31.4196],[130.2862,31.4318],[130.2916,31.4359],[130.3025,31.434],[130.2989,31.4366],[130.2989,31.4473],[130.3089,31.4672],[130.3155,31.4742],[130.3248,31.4984],[130.3318,31.5184],[130.3358,31.5426],[130.339,31.5818],[130.3368,31.6099],[130.3314,31.6346],[130.327,31.642],[130.3227,31.6487],[130.316,31.6504],[130.3094,31.6502],[130.3048,31.6532],[130.3012,31.6639],[130.2905,31.6787],[130.2881,31.6859],[130.2782,31.6932],[130.2705,31.6939],[130.2669,31.6969],[130.2637,31.7108],[130.2583,31.7154],[130.2503,31.7154],[130.2421,31.7195],[130.227,31.736],[130.2183,31.7416],[130.2074,31.7414],[130.1974,31.737],[130.1928,31.7415],[130.1902,31.755],[130.1758,31.7805],[130.176,31.7879],[130.176,31.7887],[130.1803,31.8049],[130.1931,31.8289],[130.1972,31.8326],[130.2066,31.8309],[130.2169,31.8242],[130.2258,31.8236],[130.233,31.819],[130.2388,31.8188],[130.2487,31.8232],[130.2467,31.8245],[130.2461,31.8245],[130.2314,31.8255],[130.2252,31.829],[130.2204,31.8388],[130.2178,31.8405],[130.2074,31.8403],[130.2048,31.8418],[130.2025,31.8461],[130.2047,31.8581],[130.2154,31.8675],[130.2163,31.8771],[130.2216,31.8863],[130.2239,31.8959],[130.2192,31.9085],[130.2199,31.9177],[130.2168,31.9337],[130.217,31.9418],[130.21,31.9622],[130.2049,31.9687],[130.2054,31.974],[130.1997,31.9801],[130.1951,31.9807],[130.192,31.9842],[130.1897,31.985],[130.1813,31.9819],[130.1792,31.9846],[130.1792,31.988],[130.1831,31.9881],[130.1853,31.9902],[130.1833,31.9955],[130.1839,32],[130.1854,32.0019],[130.1832,32.0051],[130.1843,32.0075],[130.189,32.0101],[130.1955,32.0113],[130.1979,32.0147],[130.2014,32.0289],[130.2086,32.0337],[130.2114,32.042],[130.2125,32.0532],[130.2117,32.0584],[130.2115,32.0598],[130.2067,32.0677],[130.1965,32.0754],[130.1904,32.0747],[130.1904,32.0665],[130.1822,32.0709],[130.1779,32.0817],[130.1806,32.09],[130.1875,32.105],[130.2046,32.1181],[130.22,32.1196],[130.2342,32.1256],[130.2375,32.1273],[130.244,32.1264],[130.2647,32.1184],[130.2727,32.1101],[130.2752,32.1094],[130.2772,32.1118],[130.2722,32.1228],[130.275,32.124],[130.2804,32.1208],[130.2851,32.115],[130.2901,32.1042],[130.2837,32.0919],[130.2853,32.0897],[130.2887,32.0911],[130.2981,32.1023],[130.3024,32.1036],[130.3096,32.1036],[130.312,32.1035],[130.325,32.1087],[130.3337,32.1135],[130.3398,32.1206],[130.3417,32.1146],[130.3438,32.116],[130.3492,32.1192],[130.3582,32.1299],[130.3624,32.1385],[130.3681,32.1443],[130.3689,32.15],[130.3673,32.1611],[130.375,32.1549],[130.3891,32.1435],[130.3931,32.1335],[130.4002,32.1258],[130.4052,32.1168],[130.4152,32.1155],[130.4264,32.1139],[130.4369,32.1112],[130.4477,32.1127],[130.4582,32.11],[130.4676,32.1162],[130.4784,32.1183],[130.4786,32.1292],[130.4887,32.134],[130.4994,32.1323],[130.5105,32.1373],[130.5201,32.1323],[130.5311,32.1334],[130.5419,32.136],[130.546,32.1464],[130.5565,32.1493],[130.567,32.1512],[130.5773,32.1512],[130.5868,32.1565],[130.5928,32.1666],[130.5939,32.1826]]]]}},{"type":"Feature","properties":{"name":"沖縄県"},"geometry":{"type":"MultiPolygon","coordinates":[[[[127.6838,26.072],[127.6633,26.0789],[127.6582,26.0865],[127.6607,26.092],[127.6619,26.1008],[127.6685,26.1094],[127.6701,26.1184],[127.6706,26.1448],[127.6707,26.1492],[127.6677,26.1535],[127.6614,26.1549],[127.6587,26.1573],[127.6557,26.1677],[127.648,26.1841],[127.6398,26.1902],[127.638,26.1937],[127.6387,26.1961],[127.6444,26.1987],[127.6454,26.2065],[127.6485,26.2084],[127.6565,26.2085],[127.6667,26.2064],[127.6698,26.2005],[127.6754,26.1967],[127.68,26.1883],[127.6833,26.1853],[127.6867,26.1856],[127.6928,26.191],[127.691,26.1944],[127.6866,26.1963],[127.683,26.2019],[127.6767,26.2044],[127.6726,26.2104],[127.6754,26.2151],[127.6821,26.2183],[127.6874,26.2177],[127.69,26.2196],[127.6853,26.2251],[127.683,26.2305],[127.6847,26.2365],[127.6985,26.2564],[127.7102,26.2689],[127.7136,26.2688],[127.7178,26.266],[127.7233,26.2679],[127.7316,26.2655],[127.737,26.2732],[127.7413,26.2746],[127.7564,26.2903],[127.76,26.2982],[127.761,26.3056],[127.7601,26.3152],[127.7578,26.32],[127.7474,26.3259],[127.7458,26.3315],[127.7439,26.3496],[127.7458,26.358],[127.7357,26.3645],[127.7341,26.3708],[127.726,26.3802],[127.7187,26.3997],[127.7168,26.4087],[127.7156,26.4327],[127.717,26.4347],[127.7214,26.4354],[127.7367,26.4231],[127.7433,26.4228],[127.7551,26.4291],[127.7574,26.4303],[127.7649,26.4318],[127.7734,26.4383],[127.7768,26.4388],[127.7867,26.432],[127.7908,26.4315],[127.7993,26.434],[127.8073,26.4423],[127.8097,26.4511],[127.8142,26.4542],[127.818,26.46],[127.829,26.4661],[127.837,26.4739],[127.8471,26.479],[127.8484,26.4823],[127.8453,26.4898],[127.8462,26.4945],[127.8538,26.4994],[127.86,26.495],[127.8638,26.4979],[127.8602,26.5037],[127.8607,26.5061],[127.8628,26.5066],[127.8671,26.503],[127.87,26.5028],[127.8716,26.5055],[127.875,26.5058],[127.8824,26.4998],[127.8861,26.4992],[127.8923,26.5013],[127.8994,26.508],[127.9045,26.5094],[127.9076,26.5128],[127.9175,26.5123],[127.9213,26.515],[127.9281,26.5263],[127.9341,26.5286],[127.9356,26.5352],[127.9392,26.5363],[127.9417,26.5351],[127.9454,26.5332],[127.9522,26.534],[127.9581,26.5394],[127.9668,26.5402],[127.9716,26.544],[127.9858,26.5775],[127.9835,26.582],[127.9764,26.5841],[127.9667,26.5845],[127.9631,26.5897],[127.9404,26.5967],[127.931,26.6022],[127.9296,26.6023],[127.9239,26.6027],[127.918,26.598],[127.9131,26.5976],[127.9016,26.6026],[127.8978,26.6087],[127.8891,26.6157],[127.8847,26.6259],[127.8828,26.6433],[127.8858,26.6499],[127.8934,26.6551],[127.8941,26.658],[127.8799,26.6797],[127.8773,26.6863],[127.8776,26.6879],[127.8781,26.6904],[127.8843,26.6971],[127.8856,26.7017],[127.888,26.7024],[127.9037,26.6968],[127.9226,26.6999],[127.9295,26.6976],[127.9473,26.7041],[127.9524,26.7037],[127.9588,26.7008],[127.9693,26.6997],[127.9706,26.6965],[127.9695,26.6914],[127.9721,26.6875],[127.9764,26.6872],[127.9779,26.6885],[127.9758,26.6942],[127.9807,26.6932],[127.9824,26.6918],[127.9881,26.6872],[128.0037,26.6873],[128.0052,26.6829],[128.0037,26.6775],[127.9932,26.6683],[127.989,26.6503],[127.9866,26.6494],[127.9857,26.6472],[127.9872,26.645],[127.9926,26.6447],[127.9965,26.6417],[128.0046,26.6388],[128.0095,26.6306],[128.0136,26.6285],[128.0214,26.6286],[128.0246,26.6265],[128.028,26.6264],[128.0381,26.6318],[128.0558,26.6326],[128.0669,26.6374],[128.084,26.6436],[128.0944,26.655],[128.1023,26.658],[128.1113,26.6599],[128.1162,26.6554],[128.1226,26.6559],[128.1244,26.6584],[128.1244,26.6619],[128.1211,26.6644],[128.1079,26.6692],[128.1046,26.6744],[128.106,26.679],[128.1134,26.6905],[128.122,26.7009],[128.1475,26.7119],[128.1529,26.718],[128.161,26.727],[128.1616,26.7312],[128.1558,26.7396],[128.1595,26.7455],[128.1628,26.7425],[128.172,26.7429],[128.1912,26.7529],[128.2068,26.7728],[128.2159,26.7818],[128.2262,26.7885],[128.2337,26.8004],[128.2392,26.8136],[128.2531,26.8357],[128.2551,26.8432],[128.2508,26.8604],[128.2517,26.8641],[128.256,26.8683],[128.2625,26.8713],[128.2655,26.8685],[128.2678,26.8631],[128.2715,26.8597],[128.2774,26.8576],[128.2856,26.8494],[128.2923,26.8454],[128.2961,26.8393],[128.298,26.8385],[128.3006,26.8442],[128.3047,26.8452],[128.3074,26.8441],[128.31,26.8383],[128.3082,26.8284],[128.319,26.8157],[128.3233,26.8084],[128.3239,26.8036],[128.32,26.7908],[128.3201,26.7862],[128.3259,26.7789],[128.3264,26.7763],[128.3246,26.7732],[128.3284,26.7647],[128.3288,26.7589],[128.3254,26.7453],[128.3226,26.741],[128.316,26.7311],[128.2996,26.7151],[128.2986,26.7072],[128.2955,26.7015],[128.2891,26.6948],[128.2826,26.6912],[128.2798,26.6759],[128.2783,26.673],[128.2758,26.6684],[128.241,26.6313],[128.2338,26.627],[128.2244,26.6242],[128.1984,26.6226],[128.1849,26.6204],[128.1704,26.6245],[128.1629,26.6241],[128.1569,26.6238],[128.1516,26.6209],[128.15,26.6176],[128.1555,26.6081],[128.1517,26.5966],[128.149,26.5953],[128.1364,26.5972],[128.1313,26.5967],[128.1297,26.5918],[128.1315,26.589],[128.1396,26.5837],[128.1432,26.5759],[128.147,26.573],[128.1508,26.57],[128.1524,26.5661],[128.1508,26.5632],[128.1431,26.5609],[128.1419,26.5573],[128.1355,26.5518],[128.1124,26.5448],[128.1053,26.5376],[128.1006,26.5384],[128.0937,26.5333],[128.0905,26.5337],[128.0829,26.5403],[128.077,26.5432],[128.0421,26.5478],[128.0417,26.5464],[128.0405,26.5432],[128.0452,26.5315],[128.0532,26.5205],[128.0514,26.5176],[128.04,26.5156],[128.0387,26.5115],[128.0344,26.5074],[128.0217,26.5087],[128.0112,26.5028],[128.0044,26.504],[128.0013,26.5029],[127.9987,26.4976],[128.0053,26.4852],[128.0043,26.4791],[128.0017,26.4756],[127.9974,26.4748],[127.9941,26.4769],[127.9893,26.4775],[127.9895,26.4703],[127.9758,26.463],[127.9616,26.4675],[127.9554,26.4663],[127.9537,26.4643],[127.9521,26.4523],[127.9475,26.4494],[127.9457,26.446],[127.9472,26.4417],[127.9525,26.4361],[127.9516,26.4337],[127.9482,26.4323],[127.9408,26.4361],[127.9307,26.4355],[127.9223,26.4418],[127.914,26.4436],[127.9033,26.4432],[127.8977,26.4455],[127.8925,26.4502],[127.874,26.4505],[127.8581,26.4449],[127.8446,26.4333],[127.8387,26.4283],[127.8355,26.4226],[127.8351,26.4164],[127.8399,26.4109],[127.842,26.4044],[127.8476,26.404],[127.8496,26.4026],[127.8519,26.3965],[127.8602,26.3947],[127.8632,26.3926],[127.8761,26.3793],[127.878,26.3743],[127.8774,26.3695],[127.8755,26.3583],[127.8776,26.3522],[127.8962,26.333],[127.9104,26.3204],[127.917,26.3168],[127.9225,26.3097],[127.9252,26.3008],[127.9216,26.29],[127.9194,26.2891],[127.9164,26.2941],[127.9034,26.299],[127.9005,26.3001],[127.8642,26.3334],[127.8589,26.3337],[127.8537,26.3301],[127.8433,26.329],[127.8373,26.3252],[127.835,26.3201],[127.8373,26.3169],[127.8441,26.3155],[127.8482,26.3095],[127.8364,26.3066],[127.8305,26.2988],[127.8227,26.2983],[127.8218,26.2982],[127.8182,26.2959],[127.816,26.2889],[127.8204,26.277],[127.8162,26.2725],[127.8093,26.2685],[127.8006,26.2587],[127.7904,26.2412],[127.7879,26.2368],[127.7889,26.2333],[127.7919,26.2323],[127.7929,26.2301],[127.7911,26.2263],[127.7858,26.224],[127.7638,26.203],[127.762,26.1992],[127.7613,26.1977],[127.7631,26.1947],[127.7724,26.1925],[127.7737,26.1864],[127.7775,26.1808],[127.7765,26.1732],[127.7793,26.1675],[127.7859,26.1668],[127.7907,26.1684],[127.7989,26.178],[127.8071,26.1799],[127.817,26.1863],[127.8248,26.1856],[127.8281,26.1801],[127.826,26.1746],[127.8301,26.1708],[127.8341,26.1639],[127.8309,26.1579],[127.8263,26.1557],[127.8254,26.1548],[127.8167,26.1469],[127.7993,26.1367],[127.7942,26.1283],[127.7906,26.1272],[127.7801,26.1302],[127.7738,26.129],[127.7689,26.123],[127.7554,26.1153],[127.7465,26.1044],[127.7234,26.0829],[127.7207,26.0831],[127.7112,26.0837],[127.699,26.0797],[127.6908,26.0726],[127.6838,26.072]]]]}},{"type":"Feature","properties":{"name":"宮崎県"},"geometry":{"type":"MultiPolygon","coordinates":[[[[131.7896,32.8304],[131.7995,32.8203],[131.8098,32.819],[131.8188,32.8242],[131.8299,32.8218],[131.8398,32.8168],[131.8503,32.8145],[131.8609,32.8182],[131.8618,32.8058],[131.8562,32.7954],[131.8523,32.7859],[131.8466,32.773],[131.8502,32.7621],[131.8514,32.7513],[131.8485,32.739],[131.8576,32.7335],[131.8743,32.7387],[131.8871,32.7376],[131.8826,32.7306],[131.8651,32.7263],[131.862,32.723],[131.868,32.7143],[131.8638,32.7137],[131.858,32.7162],[131.8516,32.7082],[131.8511,32.7044],[131.8545,32.6999],[131.8583,32.6995],[131.8615,32.6908],[131.8578,32.6903],[131.8502,32.6856],[131.8448,32.6849],[131.8391,32.6891],[131.8339,32.696],[131.8324,32.698],[131.8275,32.698],[131.8255,32.6947],[131.8264,32.6881],[131.8148,32.6792],[131.8012,32.6714],[131.7985,32.6679],[131.7997,32.6609],[131.7982,32.6566],[131.7929,32.6589],[131.7913,32.668],[131.7877,32.6672],[131.782,32.663],[131.7794,32.6537],[131.7725,32.653],[131.7714,32.6517],[131.7726,32.648],[131.7761,32.6463],[131.7733,32.6405],[131.7742,32.6378],[131.7793,32.6349],[131.7793,32.6305],[131.7735,32.6253],[131.7695,32.6094],[131.7633,32.6065],[131.7641,32.6044],[131.7679,32.6039],[131.7527,32.5935],[131.7506,32.5871],[131.7288,32.5853],[131.7217,32.5894],[131.7145,32.5985],[131.7166,32.6048],[131.7123,32.6138],[131.7093,32.6143],[131.6984,32.6067],[131.707,32.5915],[131.7062,32.5883],[131.6981,32.5886],[131.694,32.5865],[131.6883,32.5829],[131.694,32.5782],[131.7013,32.5758],[131.7065,32.5766],[131.7171,32.5871],[131.7174,32.5832],[131.7159,32.5797],[131.7054,32.5699],[131.6919,32.5449],[131.6897,32.5362],[131.6959,32.5162],[131.6951,32.5131],[131.691,32.5112],[131.6944,32.508],[131.6978,32.5084],[131.6995,32.5099],[131.7002,32.5106],[131.7058,32.5112],[131.71,32.5148],[131.7198,32.5158],[131.7222,32.513],[131.7227,32.5036],[131.7247,32.5008],[131.7346,32.4956],[131.7365,32.4921],[131.7336,32.4872],[131.7252,32.4829],[131.7249,32.4804],[131.7221,32.4784],[131.7094,32.4732],[131.706,32.4672],[131.695,32.4671],[131.6863,32.4718],[131.6887,32.4767],[131.6876,32.4791],[131.6774,32.4762],[131.6747,32.4794],[131.6729,32.4814],[131.6642,32.4677],[131.6603,32.4596],[131.6638,32.4493],[131.6622,32.4448],[131.6582,32.4415],[131.6597,32.4403],[131.6646,32.4412],[131.6731,32.4507],[131.6747,32.4489],[131.6741,32.4464],[131.6667,32.4381],[131.6674,32.4361],[131.68,32.4383],[131.6842,32.4422],[131.6874,32.4426],[131.6896,32.4341],[131.6804,32.4248],[131.6816,32.4213],[131.678,32.419],[131.679,32.4165],[131.6815,32.41],[131.677,32.4081],[131.6629,32.4094],[131.6589,32.4067],[131.6513,32.4053],[131.6476,32.4026],[131.644,32.3966],[131.6382,32.379],[131.6402,32.3702],[131.6382,32.3642],[131.6326,32.359],[131.6316,32.3508],[131.6349,32.3407],[131.6342,32.3367],[131.6286,32.3354],[131.6256,32.333],[131.6156,32.3365],[131.6163,32.3323],[131.6192,32.33],[131.6156,32.324],[131.6109,32.3206],[131.5999,32.3001],[131.5934,32.2862],[131.5831,32.2547],[131.5799,32.2504],[131.5825,32.2402],[131.5811,32.2325],[131.5762,32.2203],[131.5647,32.1918],[131.5599,32.1718],[131.5521,32.1545],[131.5459,32.1284],[131.5453,32.1192],[131.5421,32.1109],[131.5357,32.101],[131.522,32.0618],[131.5129,32.0421],[131.5124,32.0465],[131.5179,32.0622],[131.5134,32.0578],[131.5086,32.0457],[131.5045,32.0428],[131.5006,32.0401],[131.4938,32.0433],[131.4791,32.0468],[131.4721,32.0459],[131.4806,32.0384],[131.4873,32.0374],[131.4941,32.0344],[131.5024,32.0354],[131.5062,32.0329],[131.5103,32.0374],[131.5129,32.0348],[131.5021,32],[131.4781,31.9498],[131.4693,31.9296],[131.4629,31.8923],[131.4644,31.8828],[131.4574,31.8649],[131.4537,31.8449],[131.4536,31.8345],[131.4521,31.8286],[131.4462,31.8225],[131.4466,31.811],[131.4494,31.8064],[131.4539,31.8055],[131.4646,31.7974],[131.4689,31.7963],[131.479,31.7823],[131.4826,31.7809],[131.4861,31.7796],[131.4897,31.7752],[131.4904,31.77],[131.4875,31.755],[131.4754,31.7448],[131.4716,31.7374],[131.4689,31.7144],[131.4621,31.6917],[131.4588,31.6874],[131.4613,31.6837],[131.4671,31.683],[131.4699,31.6808],[131.4707,31.6764],[131.4683,31.6711],[131.4678,31.6699],[131.4586,31.6663],[131.4561,31.6637],[131.455,31.6593],[131.4613,31.6569],[131.4639,31.6514],[131.4638,31.6453],[131.4679,31.6412],[131.4684,31.6379],[131.466,31.6333],[131.4596,31.6301],[131.4581,31.6273],[131.4629,31.6209],[131.4634,31.6168],[131.4511,31.6079],[131.4315,31.6011],[131.4258,31.5967],[131.4171,31.5813],[131.4221,31.5712],[131.4206,31.5669],[131.4155,31.5628],[131.4119,31.5635],[131.4089,31.5707],[131.4063,31.5715],[131.4035,31.5685],[131.3986,31.5552],[131.3993,31.5496],[131.3973,31.5481],[131.3927,31.55],[131.3853,31.5466],[131.3843,31.5414],[131.3911,31.5326],[131.3908,31.5294],[131.3837,31.5198],[131.3892,31.5174],[131.39,31.5137],[131.3871,31.5065],[131.3859,31.5063],[131.3821,31.5137],[131.3795,31.5146],[131.3744,31.5094],[131.3817,31.4932],[131.3863,31.4908],[131.3893,31.4867],[131.3913,31.4762],[131.3798,31.4682],[131.3711,31.466],[131.3689,31.464],[131.3635,31.4591],[131.3619,31.4541],[131.3634,31.4497],[131.3642,31.4454],[131.3692,31.4419],[131.3722,31.4353],[131.3745,31.424],[131.3706,31.4148],[131.3655,31.4107],[131.3545,31.4068],[131.3484,31.4023],[131.3448,31.3919],[131.3359,31.386],[131.3333,31.3799],[131.3345,31.3738],[131.3376,31.369],[131.3495,31.3644],[131.3505,31.3615],[131.3469,31.3563],[131.3406,31.354],[131.3347,31.3518],[131.3283,31.3525],[131.324,31.3553],[131.3177,31.3652],[131.3163,31.3737],[131.3125,31.3783],[131.2982,31.3766],[131.2944,31.3779],[131.284,31.3712],[131.2734,31.3732],[131.266,31.3717],[131.2586,31.3726],[131.2533,31.3752],[131.244,31.3875],[131.2412,31.4008],[131.2419,31.4031],[131.243,31.4071],[131.2476,31.409],[131.2476,31.413],[131.238,31.4195],[131.2347,31.4202],[131.2327,31.418],[131.2299,31.4189],[131.2226,31.4285],[131.2134,31.4331],[131.2145,31.4351],[131.2218,31.4355],[131.2231,31.4386],[131.2206,31.444],[131.2173,31.4438],[131.213,31.4399],[131.212,31.4401],[131.1992,31.4428],[131.1863,31.4428],[131.1799,31.4396],[131.1751,31.44],[131.1683,31.4479],[131.1667,31.4488],[131.1641,31.4631],[131.1653,31.4801],[131.1709,31.4892],[131.1783,31.5],[131.1891,31.5042],[131.1993,31.5082],[131.2025,31.5179],[131.2021,31.5303],[131.1999,31.5408],[131.1928,31.5542],[131.202,31.5607],[131.2062,31.5705],[131.2054,31.581],[131.1998,31.5915],[131.1905,31.599],[131.1885,31.6088],[131.1902,31.6211],[131.1806,31.6245],[131.1663,31.6336],[131.1562,31.6305],[131.1453,31.627],[131.1343,31.6236],[131.1177,31.6289],[131.1087,31.6357],[131.0988,31.6421],[131.0919,31.6499],[131.0816,31.6566],[131.0731,31.6505],[131.0652,31.6406],[131.0562,31.6314],[131.0508,31.6416],[131.0457,31.6523],[131.0367,31.6588],[131.0284,31.6736],[131.0279,31.6849],[131.0288,31.6951],[131.0202,31.7026],[131.0188,31.717],[131.019,31.7316],[131.0202,31.7418],[131.0101,31.7449],[131.0,31.7426],[130.9894,31.7462],[130.9801,31.75],[130.9835,31.7597],[130.9929,31.7669],[130.9894,31.7766],[130.9789,31.7789],[130.9684,31.7779],[130.9551,31.7802],[130.9449,31.7815],[130.9346,31.7821],[130.9279,31.791],[130.9195,31.7976],[130.9073,31.798],[130.8866,31.802],[130.8814,31.8114],[130.8796,31.8213],[130.8779,31.8402],[130.8882,31.8434],[130.8906,31.8537],[130.8933,31.8635],[130.8991,31.8873],[130.8942,31.898],[130.8887,31.9065],[130.8831,31.9182],[130.872,31.9245],[130.8566,31.9349],[130.8453,31.9376],[130.8339,31.9381],[130.8138,31.9413],[130.8016,31.9499],[130.7988,31.9614],[130.7931,31.9713],[130.7851,31.9785],[130.7834,31.9891],[130.7809,32.0],[130.7805,32.0112],[130.7713,32.0166],[130.7632,32.0247],[130.75,32.0314],[130.7386,32.0453],[130.7254,32.0488],[130.7147,32.0484],[130.7057,32.0553],[130.706,32.0661],[130.7086,32.0765],[130.7187,32.0833],[130.7302,32.0986],[130.74,32.103],[130.75,32.0999],[130.7674,32.0972],[130.7789,32.0972],[130.7899,32.0956],[130.8002,32.0953],[130.8112,32.0955],[130.8218,32.0915],[130.8292,32.0992],[130.8392,32.1032],[130.8508,32.1006],[130.8605,32.0964],[130.868,32.1044],[130.8806,32.1178],[130.8911,32.1197],[130.9012,32.1258],[130.9114,32.1272],[130.9246,32.1202],[130.9352,32.1125],[130.9449,32.1153],[130.9544,32.112],[130.9637,32.1166],[130.9745,32.1176],[130.9758,32.1281],[130.9812,32.1368],[130.9912,32.142],[131.0009,32.1582],[131.0101,32.1688],[131.0216,32.1666],[131.0396,32.1666],[131.0464,32.1592],[131.0564,32.1543],[131.0667,32.1532],[131.0789,32.1547],[131.0905,32.1509],[131.1015,32.1516],[131.1112,32.1579],[131.1058,32.1666],[131.1045,32.1773],[131.1066,32.1879],[131.1027,32.1973],[131.0913,32.2023],[131.0822,32.2101],[131.0762,32.2203],[131.0731,32.2308],[131.0659,32.2382],[131.0491,32.2406],[131.0441,32.2551],[131.0538,32.2612],[131.054,32.2806],[131.0731,32.2768],[131.0825,32.2817],[131.0901,32.2897],[131.0968,32.2985],[131.1037,32.3083],[131.1078,32.3177],[131.1143,32.3262],[131.105,32.3387],[131.0963,32.3471],[131.0862,32.3496],[131.0756,32.3554],[131.0782,32.3654],[131.0777,32.3755],[131.0716,32.385],[131.0724,32.396],[131.0661,32.4047],[131.0536,32.4048],[131.0437,32.4087],[131.0345,32.4201],[131.0287,32.429],[131.0223,32.4379],[131.0187,32.4479],[131.0176,32.4665],[131.0162,32.4767],[131.0094,32.4866],[131.011,32.5],[131.0114,32.5113],[131.0217,32.5164],[131.0264,32.5257],[131.0231,32.5354],[131.0218,32.5459],[131.0318,32.5506],[131.0423,32.5532],[131.0409,32.5639],[131.0446,32.5742],[131.0569,32.5843],[131.0701,32.5809],[131.08,32.5788],[131.0932,32.5754],[131.1084,32.5833],[131.1166,32.59],[131.1231,32.6019],[131.1184,32.6121],[131.1217,32.6241],[131.125,32.6407],[131.1294,32.6505],[131.1375,32.6581],[131.1476,32.6736],[131.1583,32.6754],[131.1654,32.6684],[131.1776,32.6737],[131.177,32.6837],[131.1795,32.6937],[131.1842,32.703],[131.1879,32.7136],[131.1986,32.7232],[131.2082,32.7267],[131.2186,32.7279],[131.2264,32.7349],[131.2373,32.7412],[131.2394,32.7519],[131.2465,32.7602],[131.2428,32.7704],[131.2387,32.7799],[131.2481,32.7865],[131.25,32.7974],[131.2577,32.8041],[131.2601,32.8148],[131.2672,32.8225],[131.2773,32.8225],[131.2874,32.8278],[131.2977,32.8252],[131.3114,32.8247],[131.3309,32.8293],[131.3415,32.8302],[131.3524,32.8151],[131.3555,32.8046],[131.375,32.8042],[131.3856,32.8057],[131.3962,32.8078],[131.4064,32.8093],[131.4184,32.8098],[131.433,32.8149],[131.4386,32.8241],[131.4483,32.8263],[131.461,32.8265],[131.4775,32.834],[131.4836,32.8248],[131.4914,32.8163],[131.5094,32.8029],[131.5197,32.7974],[131.5147,32.7877],[131.5107,32.7771],[131.5201,32.7644],[131.5325,32.76],[131.5415,32.7553],[131.5517,32.7537],[131.566,32.7517],[131.577,32.7549],[131.5848,32.7619],[131.5923,32.7705],[131.6024,32.77],[131.6136,32.7704],[131.625,32.771],[131.636,32.7686],[131.6479,32.7681],[131.6614,32.766],[131.6711,32.7633],[131.6808,32.7661],[131.6939,32.7687],[131.7056,32.7696],[131.7177,32.7772],[131.7207,32.7874],[131.7304,32.7943],[131.7326,32.8059],[131.7372,32.816],[131.738,32.8262],[131.75,32.83],[131.762,32.8333],[131.7788,32.8325],[131.7896,32.8304]]]]}}]}